index,sales
272371,0.0
558468,0.0
76950,inf
77556,inf
456344,inf
436466,inf
646251,inf
650464,inf
162710,0.0
100327,inf
374540,inf
399143,inf
44740,0.0
674144,inf
81595,inf
416724,inf
632687,inf
351899,inf
515940,inf
567411,inf
274598,0.0
417880,inf
453710,inf
597622,0.0
223346,inf
630018,0.0
355860,inf
360080,inf
129544,inf
422545,0.0
174199,inf
118613,0.0
60310,inf
328458,inf
200661,inf
179581,inf
587612,0.0
320169,inf
37194,inf
685427,inf
125422,inf
24499,inf
281806,inf
540511,inf
28689,inf
165066,inf
555963,inf
610614,inf
64013,inf
30639,inf
418604,inf
468037,inf
271589,inf
77924,inf
247149,inf
576822,inf
108538,inf
645670,inf
601663,inf
502588,inf
66732,inf
627113,inf
691184,inf
467913,inf
304890,inf
274018,inf
644430,inf
669009,inf
518722,inf
505976,inf
291572,inf
39071,inf
319154,inf
166603,inf
428262,inf
20314,inf
603091,inf
500421,inf
388016,0.0
268257,inf
216326,inf
40755,inf
8654,inf
37301,inf
485623,inf
214073,inf
406145,inf
397642,inf
273960,inf
12104,inf
361202,inf
79347,inf
462803,inf
141713,inf
703618,inf
308360,inf
317995,inf
364408,inf
27886,inf
706814,0.0
514516,inf
577373,inf
190561,inf
92512,inf
565163,inf
500246,inf
223708,inf
555732,inf
654150,inf
558350,inf
52167,inf
296981,inf
332143,inf
426553,inf
481847,inf
100496,inf
706377,inf
599169,inf
55294,inf
218737,inf
266706,inf
441953,inf
127184,inf
312223,inf
583377,inf
523743,inf
476775,0.0
620142,inf
460092,inf
169260,inf
177084,inf
645354,inf
645737,inf
272578,inf
600374,inf
566038,inf
381862,0.0
535335,inf
499411,inf
625219,inf
61823,0.0
653471,inf
441789,inf
155435,inf
226567,inf
107330,inf
149417,inf
191690,inf
146544,0.0
383603,inf
452941,inf
629103,inf
30258,inf
219501,inf
528607,inf
397525,inf
314281,inf
489418,inf
182776,0.0
335928,inf
198358,inf
400219,0.0
427476,inf
31892,inf
109374,inf
385320,inf
517169,inf
369733,inf
71343,inf
42363,inf
612665,inf
428563,inf
610249,inf
669222,inf
484348,inf
194089,inf
328888,inf
485880,inf
699868,inf
265929,inf
154648,inf
376328,inf
530275,inf
441109,inf
26050,0.0
247671,0.0
615467,inf
267972,inf
22318,inf
430083,inf
510014,inf
343803,inf
85161,inf
505852,inf
266131,inf
397091,inf
112013,0.0
492019,0.0
73240,inf
203948,inf
603210,0.0
82813,0.0
634511,inf
28171,inf
198571,inf
70073,0.0
551321,inf
509286,inf
24413,inf
367168,inf
103724,inf
704886,inf
568270,inf
627934,inf
520091,inf
505933,inf
67603,inf
96570,inf
696883,0.0
216455,inf
472114,inf
437836,inf
467331,inf
423483,inf
533535,inf
82465,inf
245480,inf
155723,inf
167485,inf
574217,inf
307718,inf
250666,inf
233447,inf
9408,inf
532318,inf
213221,inf
149118,inf
643815,inf
205464,inf
172737,inf
358803,inf
432064,inf
243176,inf
165487,inf
206630,inf
380228,inf
278339,inf
125602,inf
707930,inf
647013,inf
404917,0.0
607690,inf
63394,0.0
334403,inf
440195,0.0
87636,inf
189540,inf
18218,inf
396021,inf
442052,inf
397202,inf
251121,inf
463013,0.0
655331,inf
327407,inf
355157,0.0
654124,inf
602473,inf
414480,inf
574764,inf
136740,inf
240843,inf
130323,0.0
688030,inf
43133,inf
172856,inf
446048,0.0
36534,inf
612801,inf
256750,inf
623446,inf
63314,inf
238452,inf
43919,inf
258378,inf
59774,inf
31637,inf
673741,inf
659942,inf
349639,inf
394865,inf
255648,inf
379128,inf
540897,inf
662220,inf
160268,inf
654290,inf
599039,inf
651027,0.0
553569,inf
271750,inf
709864,inf
300796,inf
413674,inf
8402,inf
310059,inf
319105,inf
689752,inf
516276,inf
338342,inf
666229,inf
8353,0.0
386012,0.0
471619,inf
612347,inf
514445,inf
396179,inf
590638,inf
683448,inf
218062,inf
706606,inf
453487,inf
240904,0.0
326681,inf
272937,inf
11415,0.0
436957,inf
171033,inf
632521,inf
179002,0.0
345971,inf
463457,inf
674866,inf
479231,0.0
369184,inf
564608,inf
421305,inf
312789,inf
548456,inf
195259,inf
669573,inf
599293,inf
33900,inf
74619,inf
284898,inf
402135,0.0
447277,inf
588164,inf
456931,inf
221701,inf
535271,inf
171677,inf
226127,inf
414979,inf
500051,0.0
329177,inf
541113,inf
124681,inf
284177,0.0
90749,inf
237894,inf
506152,inf
622882,0.0
34430,inf
268594,inf
368485,inf
602478,inf
202788,inf
675955,inf
611958,inf
597571,inf
317074,0.0
380943,inf
649251,0.0
386136,0.0
411910,inf
119756,inf
251963,inf
292719,inf
77065,inf
206967,inf
521339,inf
363365,0.0
481077,inf
711386,inf
66970,inf
435729,inf
426284,inf
435236,inf
199039,inf
99250,inf
580140,inf
254820,inf
155130,inf
503682,inf
288534,inf
67050,inf
174771,inf
442288,inf
606734,inf
431156,inf
424121,inf
557753,inf
520831,inf
376589,inf
7670,0.0
303546,inf
236740,inf
145734,inf
134420,inf
691699,0.0
233889,inf
653554,inf
481046,inf
423103,inf
693486,0.0
90193,inf
119482,inf
525167,inf
239754,inf
332806,inf
142056,0.0
673000,0.0
567353,inf
696641,inf
628766,0.0
544695,inf
652921,inf
436682,inf
158580,inf
184394,inf
523534,inf
133026,inf
296285,inf
14477,inf
130799,inf
17306,inf
617975,inf
668657,inf
460228,0.0
26534,inf
8504,inf
253700,inf
586553,inf
463307,inf
245670,inf
291128,inf
615053,0.0
263461,inf
42414,inf
527688,inf
697845,inf
28136,inf
245444,inf
394116,0.0
601504,0.0
349857,inf
658989,inf
73913,inf
579219,inf
628094,inf
430442,inf
694123,inf
637678,0.0
697006,inf
174454,inf
290329,inf
79977,inf
561228,inf
645402,inf
187053,inf
545699,0.0
101633,0.0
281213,inf
303302,inf
358148,inf
686634,inf
66159,0.0
668588,inf
402857,0.0
354382,inf
12107,inf
469435,inf
500089,inf
290988,inf
178794,inf
624708,inf
677489,inf
298677,inf
703190,inf
130811,inf
110239,inf
624648,inf
217090,inf
110364,inf
678970,inf
418148,inf
445220,inf
126944,inf
349411,inf
630781,0.0
463948,inf
452373,0.0
324245,inf
222694,0.0
48646,inf
626354,0.0
651600,inf
85679,inf
183869,0.0
283159,0.0
634703,0.0
706142,0.0
522728,inf
663580,inf
46119,inf
250823,inf
613782,inf
200809,inf
269386,0.0
288820,inf
365858,0.0
616253,inf
260287,inf
168584,0.0
667415,0.0
666578,0.0
443663,inf
103282,inf
659814,inf
204523,inf
105679,inf
571093,inf
41097,inf
139328,inf
338773,inf
196518,0.0
283593,inf
260425,inf
8772,inf
165827,inf
711567,inf
25887,0.0
46929,inf
252401,inf
544688,inf
630754,inf
355922,inf
553915,inf
491425,inf
42394,inf
178531,inf
63227,inf
513313,inf
522520,inf
492008,inf
26376,inf
141308,inf
695853,inf
699596,inf
11724,inf
475449,inf
77094,inf
596587,inf
424708,inf
133400,inf
372317,inf
469875,inf
489986,inf
76537,inf
228691,inf
500104,inf
351509,inf
403418,inf
141754,inf
708723,inf
606514,inf
573456,inf
412036,inf
454167,inf
536326,inf
195050,inf
401658,0.0
666654,inf
549369,inf
525044,inf
92889,inf
417990,inf
560400,inf
332572,inf
380004,inf
380320,inf
485277,inf
214984,inf
347030,0.0
554331,inf
180182,inf
91585,inf
337287,inf
5922,inf
668590,inf
162038,0.0
570046,inf
125515,inf
631827,inf
488238,inf
595013,0.0
669612,inf
522340,inf
145188,0.0
29075,0.0
620257,inf
423909,inf
5513,inf
157741,inf
403411,inf
668630,inf
679924,0.0
127691,inf
350679,inf
176758,0.0
468908,0.0
491932,inf
528951,inf
708502,inf
225772,inf
646442,inf
65737,inf
495271,inf
678378,inf
540127,inf
655764,inf
668040,inf
5574,inf
540911,inf
234996,inf
144721,inf
454454,0.0
42681,inf
685198,inf
245786,0.0
489190,inf
452872,inf
438242,inf
173708,inf
500897,inf
252009,inf
489277,inf
217799,inf
570087,inf
277343,inf
246393,inf
333826,inf
273126,0.0
633257,inf
536436,inf
392807,inf
9658,inf
672437,0.0
495729,inf
463735,inf
639793,inf
480953,inf
410159,inf
615202,inf
293906,inf
392923,inf
196232,inf
596255,inf
549235,inf
230156,inf
597117,inf
685371,inf
646858,inf
251679,inf
67256,inf
241647,inf
84242,inf
264455,inf
700950,inf
466720,inf
220602,0.0
437208,inf
88172,inf
441975,0.0
66246,inf
400714,inf
629670,inf
354403,inf
229713,inf
392982,inf
16858,inf
201905,inf
53626,inf
475129,inf
504712,inf
600087,inf
230229,inf
675976,inf
137686,inf
582562,inf
323476,inf
136418,0.0
111652,inf
678755,inf
67477,inf
564828,inf
570369,0.0
123695,inf
230390,inf
394879,0.0
359641,inf
413992,inf
281975,inf
197809,inf
383747,inf
337889,inf
654060,inf
604564,inf
174211,inf
197231,inf
514692,inf
15349,0.0
206461,inf
10577,inf
497421,inf
415599,inf
51571,inf
609730,inf
296632,inf
423520,inf
290548,inf
419665,inf
420538,inf
217544,inf
132638,0.0
161231,inf
60960,0.0
669836,inf
468622,0.0
305160,inf
2335,inf
3194,0.0
412316,inf
98287,inf
695502,inf
630407,inf
571087,inf
432742,inf
71057,inf
256949,0.0
497297,inf
362059,inf
114603,inf
537324,0.0
302542,inf
477958,inf
372155,inf
497614,inf
115863,inf
536522,inf
60343,inf
150664,inf
7299,inf
114384,inf
693342,inf
547500,inf
24623,inf
664784,0.0
337487,0.0
670167,inf
224544,inf
108066,inf
694229,inf
234270,inf
172277,inf
562833,inf
467388,inf
481994,0.0
74511,inf
180279,inf
563513,inf
673266,inf
361359,inf
570560,inf
429539,inf
549400,inf
150021,inf
696001,inf
441003,inf
704418,inf
230374,inf
538264,inf
287032,inf
347925,inf
565729,inf
622490,inf
87673,inf
678101,0.0
523800,inf
148824,inf
214350,inf
24194,inf
622560,inf
412622,inf
393964,inf
499205,inf
197329,0.0
343824,inf
609826,inf
339822,inf
74602,inf
449064,inf
102407,inf
259790,inf
18737,inf
136994,inf
225299,0.0
230115,inf
395685,0.0
587529,inf
184611,inf
31771,inf
640775,inf
507006,inf
134574,inf
221934,inf
297296,inf
382099,0.0
552080,inf
140685,0.0
419236,inf
672815,inf
136295,inf
625267,inf
703298,inf
595487,inf
515101,inf
702585,inf
598063,inf
619523,0.0
306390,inf
435450,0.0
150532,inf
403221,inf
703213,0.0
243491,inf
522874,inf
455877,0.0
652038,inf
559612,inf
502957,inf
207079,0.0
701479,inf
378895,inf
39102,inf
189980,inf
55627,inf
440244,inf
393373,0.0
168711,inf
426376,inf
550128,inf
428101,inf
111192,inf
682264,inf
635668,inf
443107,inf
700963,inf
676824,inf
626155,inf
4710,inf
338712,inf
623230,inf
351337,inf
289360,inf
67026,inf
574873,inf
380873,inf
266763,inf
547057,inf
412019,inf
385076,inf
356595,inf
438458,inf
197609,inf
15762,inf
39782,inf
94951,inf
580011,inf
348407,inf
565276,inf
410520,inf
246893,inf
488464,inf
467354,inf
391296,0.0
255552,inf
128134,inf
509447,inf
3170,0.0
394679,inf
682427,inf
222060,inf
246137,0.0
512513,inf
244585,inf
615326,inf
426811,inf
151417,inf
271324,0.0
573860,inf
81535,inf
688138,0.0
559815,inf
134732,inf
322997,inf
42822,inf
626188,inf
266689,inf
43158,0.0
82019,inf
616029,inf
707644,0.0
39859,inf
602329,0.0
631180,inf
140558,inf
170717,0.0
531717,inf
227681,inf
174572,inf
300906,inf
155010,0.0
648999,inf
690054,0.0
27358,inf
144608,inf
469181,0.0
446737,inf
308867,inf
51258,inf
359677,inf
129846,inf
1149,0.0
633111,inf
292366,inf
409043,inf
256980,inf
268334,inf
2160,0.0
5758,inf
289577,0.0
477292,inf
170671,inf
609259,inf
151625,inf
651202,inf
231073,inf
678209,inf
663941,0.0
606620,0.0
128479,inf
150801,inf
622129,inf
339259,inf
94161,inf
40355,0.0
287798,inf
52344,0.0
205218,inf
647262,0.0
53839,inf
108629,inf
18964,0.0
83254,inf
32589,inf
147880,inf
58339,inf
475551,inf
372801,inf
504283,inf
191950,inf
152965,0.0
356467,inf
259565,inf
195615,inf
596927,inf
660531,0.0
410887,inf
367136,inf
654830,0.0
586112,inf
395707,inf
613842,inf
433782,inf
62318,inf
141939,inf
23542,inf
165113,inf
476320,inf
624831,inf
225770,inf
579330,inf
42494,inf
90464,inf
566092,0.0
431680,inf
688583,inf
247307,inf
255502,0.0
386497,inf
249368,inf
266057,inf
438079,inf
282233,inf
29852,inf
555568,inf
22039,inf
141704,inf
522016,inf
636125,inf
427338,inf
340524,0.0
229292,inf
51891,0.0
465430,inf
451940,inf
640942,inf
108557,0.0
94073,0.0
686098,inf
665651,0.0
224698,0.0
548526,inf
223339,inf
579391,inf
457888,inf
669623,inf
223824,0.0
654894,inf
646889,inf
586466,inf
508931,inf
212543,0.0
282508,0.0
281300,0.0
87997,0.0
62064,inf
126567,0.0
621388,inf
357273,0.0
403855,inf
10687,inf
372941,0.0
92055,inf
237033,0.0
595528,0.0
328197,inf
529433,0.0
548938,0.0
50568,inf
355134,inf
188815,inf
258297,inf
672499,inf
703324,inf
426893,inf
674649,0.0
196237,inf
443948,inf
474857,inf
509848,inf
245862,inf
588738,inf
672329,0.0
566311,inf
490521,inf
581868,inf
37268,inf
22624,inf
26960,inf
329830,0.0
608626,0.0
355991,inf
596388,0.0
113674,inf
280998,inf
206336,0.0
250696,0.0
110876,inf
477340,inf
52197,inf
152979,0.0
429220,0.0
319592,0.0
361638,inf
379656,inf
686530,inf
490247,inf
311079,inf
585815,inf
246339,inf
7338,0.0
626973,0.0
457143,inf
29072,inf
487390,inf
398680,inf
664968,inf
695390,inf
364108,inf
501842,inf
275677,inf
347859,inf
583901,0.0
228962,inf
247153,inf
690168,inf
335878,inf
163908,inf
35039,0.0
509099,0.0
320778,inf
588788,inf
36145,inf
711584,inf
458719,inf
547135,inf
152105,inf
275781,inf
489352,inf
454268,inf
609835,inf
107514,inf
269229,inf
256408,inf
621405,inf
422234,inf
397857,inf
560672,0.0
189554,inf
156252,inf
84291,inf
360207,inf
275821,inf
30744,inf
101525,inf
427838,inf
639457,inf
366006,0.0
458140,inf
354985,inf
341650,inf
247933,inf
431521,inf
139237,inf
237618,0.0
349424,inf
548876,inf
326820,inf
539329,inf
465675,inf
450101,inf
644359,0.0
573932,inf
62457,inf
251838,inf
595727,inf
258717,inf
124013,inf
698974,0.0
29533,inf
43596,inf
125276,inf
418860,inf
123166,inf
256628,inf
365639,inf
147154,inf
668309,inf
707738,inf
617364,inf
216637,inf
581662,inf
680363,inf
94262,0.0
410808,0.0
358453,inf
377289,inf
335505,0.0
354265,inf
418464,inf
70895,inf
242789,inf
63995,inf
389982,inf
127477,inf
509548,inf
172261,inf
136822,0.0
289972,inf
243948,inf
126574,inf
49383,inf
342160,inf
689046,inf
443312,inf
366449,inf
300169,inf
108869,inf
699676,inf
8439,inf
368553,inf
248861,inf
1899,inf
325863,inf
575911,inf
286501,inf
483765,0.0
591184,inf
192200,inf
454870,inf
269369,inf
185340,inf
181431,0.0
668292,0.0
287315,inf
356559,inf
569626,inf
530604,inf
66428,inf
169065,inf
251680,0.0
271426,inf
258961,inf
101206,0.0
558154,0.0
197922,inf
361531,inf
628779,0.0
510961,inf
591072,inf
237440,inf
384521,inf
448170,inf
251331,inf
359226,inf
572132,inf
624334,inf
91584,inf
679612,inf
661193,inf
58470,inf
593125,inf
552605,inf
245919,inf
507355,inf
506968,inf
522473,inf
509582,inf
181891,inf
477372,inf
531130,inf
484467,inf
179739,0.0
196676,inf
395706,inf
181313,inf
708332,inf
463566,inf
120828,inf
601880,inf
566251,inf
627019,0.0
424231,inf
303960,inf
488889,inf
365864,inf
474558,inf
54795,inf
419651,inf
97185,inf
685033,inf
102462,inf
315922,0.0
241616,inf
379884,inf
539206,inf
272127,inf
69017,inf
70610,inf
500661,inf
249699,inf
375446,0.0
12084,inf
253021,0.0
691005,inf
21685,0.0
322031,inf
137701,inf
203852,inf
495557,inf
665748,inf
622423,inf
179044,inf
420240,0.0
664739,inf
662458,0.0
99678,inf
488219,0.0
680744,inf
484713,inf
407178,inf
20621,inf
481546,inf
407215,inf
268288,inf
219664,inf
71106,inf
569256,inf
604996,inf
340152,inf
43394,0.0
255682,inf
102843,inf
295292,inf
441320,inf
226512,inf
500949,inf
531132,inf
412122,inf
198968,inf
324489,inf
147539,inf
150748,inf
250690,inf
412929,inf
694032,inf
324034,inf
5935,inf
478429,inf
361414,0.0
600307,0.0
432245,inf
110313,inf
391335,inf
179364,inf
367444,inf
426736,inf
229811,inf
234208,inf
225162,inf
560582,inf
151519,inf
618488,inf
104735,inf
658372,inf
259636,0.0
495125,inf
640840,inf
239686,inf
370451,inf
504751,inf
303350,inf
216187,inf
594585,inf
1981,inf
303562,inf
280925,0.0
164815,inf
90871,0.0
325489,inf
180656,0.0
86489,0.0
281059,inf
182700,inf
664030,0.0
236185,inf
397342,0.0
554556,0.0
527529,inf
301939,inf
132424,inf
531052,inf
622542,inf
210438,0.0
189000,inf
390431,inf
280501,inf
549852,inf
197074,inf
231425,inf
686473,inf
42430,inf
99859,inf
315031,inf
114890,inf
427391,0.0
150655,inf
342207,inf
274886,inf
9383,inf
333065,inf
84553,0.0
413147,inf
135363,inf
251900,0.0
298806,inf
413576,inf
646803,0.0
494121,inf
10876,inf
413040,inf
539009,0.0
412569,0.0
340092,inf
107228,inf
631223,inf
614513,0.0
638481,inf
282607,inf
143993,inf
659629,inf
379972,0.0
444821,inf
309223,inf
120038,inf
589447,inf
498447,inf
460367,inf
425385,inf
347709,inf
505886,inf
668325,inf
392368,inf
587279,inf
165596,inf
145828,inf
51004,inf
166850,inf
530490,inf
260835,inf
274099,inf
634076,inf
581157,inf
299783,inf
91354,inf
488827,inf
426305,inf
511593,inf
434857,inf
433506,inf
590978,inf
80123,inf
656621,inf
206349,inf
666036,inf
236713,inf
372415,inf
665518,inf
478526,inf
170706,0.0
43068,0.0
297086,0.0
188986,0.0
4023,0.0
426626,inf
648481,inf
700369,inf
201193,inf
232416,inf
710862,0.0
114614,0.0
441358,inf
136096,inf
83686,0.0
225425,inf
546040,inf
501587,inf
464417,inf
343920,inf
514226,inf
105661,inf
582284,0.0
482351,inf
130568,inf
34481,inf
679646,0.0
594969,inf
686072,inf
471962,inf
186714,0.0
619916,inf
55977,inf
406917,0.0
269,inf
616719,inf
543278,inf
216249,inf
33043,inf
257466,inf
681703,inf
177315,inf
213326,inf
664320,0.0
629310,inf
640192,inf
96172,inf
363695,inf
336111,inf
460473,inf
522338,inf
703593,inf
111158,inf
604144,inf
257478,0.0
224183,inf
645410,0.0
152713,inf
218541,inf
257537,inf
204238,inf
30803,inf
156443,inf
569194,inf
277793,inf
385469,0.0
332066,inf
2117,inf
584238,inf
316943,inf
367705,0.0
33415,inf
254286,inf
112626,inf
599381,0.0
207605,inf
174842,inf
643477,inf
169085,inf
73921,inf
282954,inf
60588,inf
187776,inf
99518,inf
603943,inf
20255,inf
654803,inf
239225,inf
200028,0.0
22640,0.0
565444,inf
256226,inf
597671,inf
317102,inf
358345,inf
325396,inf
77221,0.0
219791,inf
125745,inf
401519,inf
331038,0.0
333627,inf
563738,inf
461621,inf
501226,inf
22858,inf
703480,inf
708779,0.0
141767,inf
181874,inf
548914,inf
273783,inf
35947,inf
70204,0.0
709940,inf
397336,inf
640794,0.0
120410,inf
449567,inf
612529,inf
256411,inf
652596,inf
585629,0.0
639284,inf
581602,inf
19762,inf
400156,inf
548107,0.0
310485,inf
610034,inf
474731,inf
318151,inf
221752,inf
391553,inf
56386,inf
702527,0.0
364078,inf
669614,inf
27391,inf
330282,inf
256233,inf
287521,inf
523515,inf
120560,inf
53282,inf
89825,inf
516607,inf
387502,inf
217171,0.0
429844,inf
252102,inf
269572,inf
477691,inf
191684,inf
558967,inf
11520,inf
646919,0.0
599539,inf
580373,inf
470055,inf
611396,inf
323674,0.0
619400,inf
293959,inf
4233,0.0
508239,inf
299456,inf
658177,inf
106238,inf
571585,inf
267621,inf
428904,inf
256737,inf
458268,0.0
59822,inf
120522,inf
664115,inf
209031,inf
356838,inf
675975,inf
250472,inf
127869,inf
82488,inf
72445,inf
246324,inf
371946,0.0
618604,inf
368258,inf
519342,inf
279557,inf
104343,inf
688259,inf
202374,inf
99830,inf
635224,0.0
214878,inf
224149,inf
295773,0.0
93514,inf
67433,inf
510726,inf
147727,inf
235974,inf
479278,inf
687734,inf
212661,inf
295787,inf
177021,inf
182009,inf
132754,0.0
376582,inf
17109,inf
353950,inf
551130,0.0
705496,inf
79036,inf
486956,inf
533516,inf
153961,inf
299760,inf
393721,inf
550612,inf
397083,0.0
92120,inf
100718,inf
694221,inf
472836,inf
351690,inf
611073,inf
56,inf
612890,inf
483053,inf
233821,inf
522729,inf
661309,inf
614176,inf
678141,0.0
114870,0.0
316274,inf
75641,inf
341448,inf
241069,inf
280366,inf
540946,0.0
333395,inf
325491,inf
711022,0.0
414798,inf
300080,inf
525050,0.0
90519,inf
255641,inf
489070,inf
556055,inf
602588,inf
217827,inf
640056,inf
577127,inf
67546,inf
129265,inf
246990,inf
540666,0.0
695572,inf
85186,inf
231742,inf
475343,inf
298530,inf
653527,inf
248740,inf
477969,inf
148780,inf
560528,inf
246172,0.0
412059,0.0
74681,0.0
225516,inf
372994,inf
190964,inf
649199,inf
535665,inf
95222,inf
456363,inf
382177,0.0
293334,inf
532665,inf
248542,inf
290306,inf
4618,0.0
706403,inf
588312,0.0
707749,inf
130092,inf
34863,inf
210132,inf
38914,inf
574809,inf
107750,inf
463650,inf
64994,inf
529208,inf
627086,inf
184839,inf
675996,inf
446718,inf
592009,inf
576972,inf
96548,inf
472787,inf
631029,inf
690939,inf
137977,0.0
542097,inf
279399,inf
663789,inf
171496,0.0
616015,inf
291590,0.0
450825,inf
124152,inf
39753,inf
42656,inf
55829,inf
328102,inf
502542,inf
550094,0.0
284358,inf
372278,0.0
241355,inf
161795,inf
583012,inf
360766,inf
644227,0.0
306002,inf
632816,inf
426409,inf
642128,inf
53405,inf
672622,0.0
595492,inf
470361,inf
387986,inf
35367,inf
450774,inf
100366,inf
412545,0.0
252253,inf
278678,inf
222532,inf
517854,inf
701457,0.0
511306,0.0
639089,0.0
257162,inf
322261,inf
59288,inf
172546,inf
461175,0.0
514427,0.0
497426,inf
273148,inf
73331,inf
649784,inf
162687,inf
521481,inf
426023,inf
351340,0.0
75880,inf
676406,inf
661686,inf
544201,inf
59100,0.0
135682,inf
570121,inf
543161,inf
613361,inf
12034,inf
495247,inf
668135,0.0
19965,inf
158203,inf
323733,0.0
303209,inf
331254,inf
43395,0.0
55395,inf
203546,inf
638137,inf
461674,inf
449214,inf
367336,inf
99798,inf
23606,inf
109058,inf
154698,inf
151804,inf
184435,inf
58709,0.0
244238,0.0
329810,inf
205480,inf
177667,inf
431288,inf
226208,inf
216264,inf
498080,inf
55421,0.0
198750,inf
176174,inf
297713,inf
376709,inf
366485,inf
183968,inf
408769,inf
481213,0.0
521324,inf
36297,inf
215703,inf
428821,inf
354079,inf
17423,inf
597040,inf
220707,inf
514228,inf
26177,inf
127790,inf
87761,inf
508041,inf
534485,inf
676458,inf
262589,inf
613444,inf
678220,inf
162658,inf
696039,inf
442845,inf
407341,inf
43036,inf
303188,inf
371804,inf
512883,inf
367378,inf
412429,inf
496803,0.0
573159,inf
386084,inf
399269,inf
672445,inf
592718,inf
80288,inf
574635,inf
150393,inf
322043,inf
108,inf
117603,inf
694274,inf
52110,inf
547960,inf
474190,inf
39030,inf
691599,inf
220751,inf
533000,0.0
683633,inf
243207,inf
585665,inf
544678,inf
559737,inf
43178,inf
283498,inf
515519,inf
268419,inf
527486,0.0
180334,inf
576897,inf
448950,inf
138436,0.0
312747,inf
335548,0.0
199075,inf
410363,inf
474855,inf
85814,inf
457115,inf
324037,inf
627994,inf
704408,inf
482893,inf
675438,inf
332513,0.0
512111,inf
436490,0.0
128006,inf
701079,inf
341862,inf
444322,inf
19771,inf
58343,inf
565454,inf
585385,inf
297143,inf
127872,inf
213574,inf
660676,inf
148419,inf
503275,inf
601958,0.0
356170,inf
516519,inf
120849,inf
599551,inf
172438,inf
626562,inf
126525,inf
709882,inf
573701,inf
455992,inf
608548,inf
98901,0.0
168541,inf
88735,0.0
248094,inf
130679,0.0
218270,0.0
519945,inf
2829,inf
185789,inf
457816,inf
143969,inf
544841,0.0
1424,inf
710084,inf
236800,inf
10552,0.0
526800,0.0
217967,inf
345558,inf
319476,inf
656768,inf
390127,inf
542559,inf
597840,inf
64822,inf
358489,inf
303886,inf
89902,inf
303919,0.0
427990,inf
365244,inf
483762,inf
233991,inf
148873,inf
595074,inf
577559,0.0
100412,0.0
141046,inf
459387,inf
197315,0.0
634636,inf
102307,inf
400314,inf
349609,inf
547046,inf
436776,inf
190311,inf
213552,inf
439516,inf
634632,inf
421745,inf
591398,inf
590916,0.0
252473,inf
642171,inf
317705,inf
260897,inf
106421,inf
189966,0.0
535232,inf
264111,inf
350001,inf
278710,inf
3716,inf
12160,inf
519387,inf
473330,inf
216399,inf
680695,inf
309250,inf
32931,inf
43911,inf
114291,inf
294055,inf
496583,inf
398447,inf
368294,0.0
342285,inf
532549,inf
593534,inf
496999,inf
640256,inf
615325,0.0
697123,inf
31513,inf
117399,inf
63090,inf
21646,inf
308689,inf
61131,0.0
660907,inf
653989,inf
632723,0.0
382636,inf
41787,inf
182681,inf
145610,inf
664950,inf
570037,inf
513348,inf
135022,inf
571250,inf
571178,inf
19723,inf
46995,0.0
665682,inf
546248,inf
176891,inf
570230,inf
590400,inf
659440,0.0
559204,inf
103344,inf
525390,inf
415743,0.0
114943,inf
482263,inf
487752,inf
619203,0.0
584768,inf
675743,0.0
246685,0.0
48139,inf
618413,inf
270722,0.0
372277,inf
331463,inf
676238,inf
205399,inf
699481,inf
527885,0.0
576586,inf
516770,inf
567337,inf
689192,inf
488911,0.0
90339,inf
73833,inf
226099,inf
480235,inf
647748,inf
589865,inf
157679,inf
597399,inf
534032,inf
441923,inf
521663,inf
328444,0.0
424431,inf
603058,inf
77171,inf
447646,inf
383908,inf
364636,inf
408106,inf
640783,inf
309480,inf
171429,inf
674905,inf
104782,inf
693457,0.0
320481,inf
261494,inf
434169,0.0
495366,inf
284631,inf
707436,inf
600037,inf
8583,inf
90696,inf
20097,inf
346065,inf
601083,inf
214142,inf
184710,inf
17329,0.0
41695,inf
108921,inf
103617,inf
678821,inf
165307,0.0
178415,inf
40858,0.0
407274,inf
636856,0.0
145403,inf
634920,0.0
452185,inf
358585,inf
129688,inf
538601,0.0
682700,inf
504045,inf
269911,inf
643279,inf
549145,inf
438181,inf
367238,inf
324059,inf
244374,inf
687428,inf
94059,inf
102967,inf
645166,inf
43180,inf
155138,inf
446655,inf
111681,0.0
89320,inf
676014,inf
452352,inf
289024,inf
279845,inf
608818,inf
212077,inf
311630,inf
173754,inf
339976,inf
207633,0.0
585977,inf
172661,inf
607081,inf
485987,inf
589664,inf
560157,inf
149177,inf
283672,inf
52264,inf
363699,inf
301170,inf
186235,inf
581427,inf
488360,inf
109179,0.0
78820,inf
27215,inf
602439,0.0
208117,0.0
363228,inf
196379,inf
415672,inf
485431,inf
480071,inf
270614,inf
532037,inf
193174,inf
279029,inf
176312,inf
59078,inf
614638,inf
123708,inf
110191,inf
144965,inf
432147,inf
120905,inf
232290,inf
486630,0.0
324182,inf
72188,0.0
501745,inf
358050,inf
366607,0.0
236158,inf
374428,inf
259454,inf
46449,0.0
456049,inf
432610,inf
494215,inf
237346,0.0
675556,inf
230017,inf
273982,inf
437833,inf
217125,0.0
275596,inf
152489,0.0
367832,inf
209010,0.0
552252,inf
258069,0.0
10135,inf
133547,inf
139091,inf
247086,0.0
500538,inf
647786,0.0
401976,inf
504661,inf
209540,inf
300440,0.0
187384,inf
435322,inf
413384,inf
190256,inf
668289,0.0
548109,inf
676685,inf
628110,inf
313412,0.0
47251,inf
321511,0.0
302959,inf
35890,0.0
31491,inf
32828,inf
79966,inf
434485,inf
368874,inf
238526,inf
275955,inf
117323,inf
493490,inf
530298,inf
529382,inf
453290,inf
283817,inf
28170,0.0
5016,inf
314303,inf
227955,inf
428991,inf
661401,inf
243463,inf
95153,inf
154338,0.0
554935,inf
584221,inf
619218,inf
147926,inf
624397,0.0
325603,inf
376514,inf
399782,0.0
242574,inf
185179,inf
574273,inf
620042,inf
664478,inf
19218,inf
306760,inf
512195,inf
135377,inf
541359,inf
617170,inf
356956,inf
437524,inf
602477,0.0
631470,inf
340022,inf
160589,inf
105509,inf
609842,inf
193529,0.0
153418,inf
69185,inf
415827,inf
673006,inf
604876,inf
81124,inf
451877,0.0
106535,inf
39945,inf
616134,inf
489931,inf
62969,inf
463367,inf
131943,0.0
152923,inf
147269,inf
106641,inf
696140,inf
164583,inf
15848,inf
570872,inf
250361,inf
263773,inf
692732,inf
570641,inf
129762,inf
707533,inf
89631,inf
345913,inf
223081,inf
121819,inf
99525,0.0
646186,inf
578547,inf
28133,inf
432478,inf
354407,inf
621721,inf
115570,inf
469779,0.0
596234,inf
214650,inf
379711,inf
66500,inf
142393,0.0
45970,inf
439910,inf
215105,inf
347601,inf
341846,inf
72236,0.0
213076,inf
413702,inf
183463,0.0
503518,inf
175401,inf
696331,inf
696913,inf
8907,inf
652881,inf
57260,inf
101429,inf
545657,0.0
18645,inf
355306,inf
510193,0.0
368487,inf
191975,inf
405119,inf
354822,inf
190765,inf
661690,0.0
211630,inf
222577,inf
216269,0.0
566706,inf
213779,inf
112573,inf
30686,inf
146071,0.0
480171,inf
393846,inf
199404,inf
152203,inf
540545,inf
549451,inf
112850,inf
353628,inf
380195,inf
81912,inf
256864,inf
543375,inf
194148,inf
269218,inf
188147,inf
142835,inf
433261,inf
414318,inf
679441,inf
450728,inf
631542,inf
16976,0.0
88182,inf
495952,inf
81753,inf
5647,inf
350465,inf
52222,inf
151916,inf
699464,inf
679269,inf
179015,inf
516362,inf
496406,inf
63793,inf
266611,inf
137232,inf
13141,inf
470870,inf
337559,inf
263205,inf
212159,0.0
693850,inf
303503,inf
571934,inf
422651,inf
353857,inf
81581,inf
371687,0.0
336702,inf
687973,inf
119766,inf
388807,inf
589770,inf
594884,inf
483116,inf
177105,0.0
68259,inf
450887,0.0
192905,inf
522531,0.0
608771,inf
37879,inf
513414,0.0
558141,inf
155058,inf
547353,inf
124625,inf
688571,inf
217493,inf
705636,0.0
182727,inf
224372,inf
618257,inf
218806,inf
121931,0.0
428827,inf
519608,0.0
353670,inf
98788,inf
73537,inf
247136,inf
561020,inf
515328,inf
312860,inf
95043,inf
8910,inf
57322,inf
243960,inf
448470,inf
481199,inf
621720,inf
181420,inf
605867,inf
163624,inf
583612,inf
397595,inf
20698,inf
643771,inf
512776,inf
374926,inf
709302,inf
24214,inf
258415,inf
411111,inf
189880,inf
270966,inf
243251,inf
374249,inf
220599,inf
100728,inf
322649,inf
545402,inf
252872,inf
272528,inf
64010,inf
298593,0.0
605110,inf
664042,inf
332968,0.0
477748,inf
410702,inf
656982,inf
344014,inf
461570,inf
152789,inf
137582,inf
409444,inf
648478,inf
240829,inf
142553,0.0
73516,inf
184835,inf
303143,inf
407520,inf
545588,inf
170852,inf
410398,inf
7693,0.0
22371,0.0
706381,inf
185461,0.0
338403,0.0
363111,0.0
637404,inf
420287,inf
666671,inf
468677,inf
223961,inf
131460,0.0
400754,inf
556243,inf
412132,inf
602355,inf
660672,0.0
259887,inf
407212,0.0
352948,inf
155589,inf
336449,inf
272292,inf
549189,inf
284314,inf
152441,inf
335889,inf
181512,0.0
614959,inf
676790,inf
62899,0.0
407507,0.0
151490,inf
194638,0.0
413157,inf
247532,inf
611868,inf
198704,inf
659562,inf
368071,inf
578402,inf
132564,0.0
52662,inf
252600,inf
137176,inf
446524,inf
532738,inf
31955,inf
481065,0.0
547470,inf
446779,inf
616846,inf
478875,inf
143324,inf
294471,0.0
184793,inf
606528,inf
621971,inf
170011,inf
504864,inf
202233,0.0
75055,inf
69913,inf
309456,0.0
615165,inf
672825,inf
447328,inf
144999,inf
317260,inf
193273,inf
151014,inf
611786,inf
123332,0.0
561530,inf
667755,inf
566077,inf
265989,inf
699565,inf
150493,inf
77988,inf
509927,inf
38863,inf
121128,inf
200791,inf
702301,inf
12114,inf
105249,0.0
572584,0.0
124497,inf
679014,inf
463796,inf
167492,inf
405297,inf
680850,0.0
142153,inf
379697,inf
684187,inf
630247,0.0
663872,inf
370968,inf
313132,inf
694647,inf
166818,inf
546648,inf
565954,0.0
669575,0.0
579402,inf
616152,inf
396881,inf
415366,0.0
354636,inf
11905,inf
201847,inf
150175,inf
107818,inf
325234,inf
106620,inf
288418,inf
509405,inf
646799,0.0
665192,inf
575619,inf
172790,inf
112905,inf
443637,inf
411603,inf
134748,inf
13353,inf
698228,inf
667243,0.0
593148,inf
178990,inf
132079,inf
81873,inf
291893,inf
334075,inf
298215,0.0
627042,inf
273972,inf
281416,inf
139099,inf
510885,inf
299839,inf
281398,inf
202980,inf
251668,inf
317482,inf
221323,inf
268763,inf
429869,0.0
266160,inf
124854,inf
245639,inf
597083,0.0
587848,inf
602491,inf
704099,inf
617940,0.0
399158,inf
498518,inf
498522,inf
230992,inf
599460,inf
119883,inf
355838,inf
15275,inf
164428,inf
472216,inf
158548,inf
563199,inf
545407,0.0
312653,0.0
100821,inf
418809,inf
553756,inf
530658,inf
697203,inf
205419,inf
108613,inf
306740,inf
702889,inf
80353,inf
186429,inf
492434,inf
657865,inf
7526,inf
63233,inf
458563,inf
495444,inf
201256,inf
530827,inf
209911,inf
372926,inf
499406,inf
37910,inf
704450,0.0
620827,0.0
77385,inf
342397,inf
349683,inf
527009,inf
227286,inf
498758,inf
27044,inf
691384,inf
693822,inf
352401,inf
37840,inf
309859,0.0
461899,inf
22036,inf
322155,inf
649873,inf
466446,inf
219215,inf
340573,inf
31363,inf
29204,inf
645917,inf
404594,inf
15799,inf
596636,inf
130608,inf
619062,inf
476907,inf
353341,inf
110193,inf
160108,inf
318862,0.0
440779,inf
120549,inf
655592,inf
371574,inf
57091,0.0
46458,inf
421073,inf
114447,0.0
637910,inf
696364,inf
590420,inf
361325,inf
653843,inf
386886,0.0
391275,inf
602044,inf
266980,inf
308733,inf
267580,inf
699925,inf
473776,inf
331241,inf
204663,inf
131964,inf
254349,inf
575659,inf
99910,inf
375057,inf
246023,0.0
236234,inf
171644,0.0
404184,inf
557354,0.0
545601,inf
640349,inf
673279,inf
628756,inf
647336,inf
424618,inf
478111,inf
89808,inf
472054,inf
113518,0.0
688680,0.0
553227,inf
228640,inf
642629,inf
578720,0.0
286738,inf
529173,inf
298627,inf
653282,inf
617654,0.0
226822,0.0
142581,inf
70084,inf
215452,inf
602457,inf
218083,inf
125542,inf
519990,0.0
629154,inf
512933,inf
218498,inf
475455,0.0
216157,inf
478962,inf
545331,inf
640107,inf
315831,inf
118479,inf
38996,0.0
453718,inf
5485,inf
499144,inf
168016,inf
580259,inf
350996,0.0
68170,0.0
235833,inf
973,inf
185403,inf
277475,inf
441260,0.0
236463,inf
8879,inf
566793,0.0
374718,inf
337549,inf
355357,inf
513339,inf
705463,inf
210636,inf
161188,inf
162512,inf
107654,inf
597918,inf
109900,inf
700900,inf
337930,inf
6428,inf
710293,inf
338144,inf
282205,0.0
150858,0.0
39299,inf
226840,inf
331316,0.0
238330,inf
114657,0.0
564845,inf
639256,inf
260332,inf
32115,inf
162632,0.0
202957,inf
64494,inf
319744,inf
230385,inf
387395,inf
676146,inf
121765,inf
50223,inf
139590,inf
625390,0.0
236818,inf
42927,inf
83203,0.0
630690,inf
643644,inf
133485,inf
687361,inf
18150,inf
644913,inf
298095,inf
189327,inf
481425,0.0
514809,inf
36632,inf
140718,0.0
181777,inf
346357,inf
326014,inf
18658,inf
165489,inf
696126,inf
37015,inf
501799,0.0
291546,0.0
231170,inf
642957,inf
555725,inf
127912,0.0
453948,inf
46248,0.0
40446,inf
139549,inf
84256,inf
118904,inf
402575,inf
495014,0.0
386312,inf
548928,inf
340296,inf
171902,0.0
132278,inf
604811,inf
47919,inf
609224,inf
263440,inf
308595,inf
180738,0.0
434139,inf
462515,inf
141944,inf
102231,inf
492391,inf
589766,inf
536352,inf
32653,inf
298902,inf
465320,inf
529818,inf
410344,inf
230655,inf
138216,inf
296723,inf
645729,inf
216421,inf
19172,0.0
674086,inf
117034,inf
310551,inf
284809,inf
523604,inf
61527,0.0
423548,inf
362565,inf
301983,inf
151314,inf
133816,inf
11741,inf
611509,inf
482445,inf
675484,inf
22622,inf
132130,0.0
198295,inf
380222,inf
321953,inf
581434,inf
119819,inf
475012,inf
136125,inf
189818,inf
609760,inf
341672,inf
181615,inf
706994,inf
311820,inf
653722,0.0
481772,inf
522097,inf
475092,inf
621186,inf
131727,inf
204780,inf
614011,0.0
453704,inf
214529,inf
622867,inf
601496,0.0
511266,inf
48162,inf
655280,inf
696171,inf
115388,inf
584397,inf
296503,inf
152381,inf
508,inf
602732,inf
510331,inf
288253,0.0
242585,0.0
98089,inf
588407,inf
57570,0.0
535601,inf
227638,inf
173434,inf
458705,inf
571896,0.0
589131,inf
471448,0.0
485545,0.0
91986,0.0
481319,inf
352897,inf
220072,inf
237923,inf
360491,inf
176702,inf
89979,0.0
333564,inf
555755,0.0
628877,inf
291342,inf
102675,0.0
546632,inf
421629,inf
166276,inf
127512,0.0
6791,inf
227223,inf
107301,0.0
482699,inf
322926,inf
309074,inf
379662,inf
649353,inf
76532,inf
230986,inf
334115,inf
172124,inf
458248,inf
505805,0.0
473399,inf
659793,inf
313414,inf
333273,0.0
696592,inf
184410,inf
355400,inf
420742,inf
199317,0.0
452182,inf
203860,inf
703812,inf
116912,inf
339580,inf
486309,inf
512784,inf
649252,inf
539631,inf
315973,inf
15738,inf
574745,inf
446182,inf
538860,0.0
510909,0.0
83947,inf
102989,inf
144206,inf
61656,inf
178131,inf
38403,inf
578451,0.0
352665,inf
578641,inf
525785,inf
651625,inf
188018,inf
79637,inf
328407,inf
392483,inf
411713,inf
706193,inf
279877,0.0
706542,inf
345717,0.0
337518,inf
281007,inf
420982,inf
313068,inf
218520,inf
256536,inf
388641,inf
136052,inf
412344,inf
308310,inf
330448,0.0
335560,inf
468919,inf
209298,inf
620394,inf
502339,inf
100422,inf
293711,0.0
158630,inf
50840,inf
245342,inf
668057,inf
181607,inf
311106,inf
44216,inf
105,0.0
183287,inf
34623,inf
658686,inf
632140,inf
511585,inf
610854,inf
394887,inf
266030,inf
396728,0.0
2300,inf
490276,inf
264851,inf
367718,inf
12516,inf
45663,inf
143315,inf
85333,inf
455655,inf
22547,inf
206902,inf
76587,inf
195716,inf
320475,inf
98333,0.0
101920,inf
386129,inf
330069,inf
184539,inf
322115,inf
424481,inf
49262,inf
542489,inf
689475,inf
495016,inf
630194,inf
244605,inf
624528,inf
292803,inf
300718,inf
609326,inf
563363,inf
111437,0.0
667350,inf
98772,inf
523326,inf
49516,inf
388935,inf
168980,0.0
672923,0.0
431254,inf
185087,inf
329403,0.0
37000,inf
191881,inf
704629,inf
624350,inf
60553,inf
113555,inf
594229,inf
315435,inf
705252,inf
134904,inf
500600,0.0
258341,0.0
41969,0.0
282932,inf
181106,inf
166409,inf
48818,inf
124800,inf
359612,0.0
274762,inf
403658,inf
473038,inf
710073,inf
328959,inf
649431,inf
368136,inf
34246,inf
533244,inf
692910,0.0
216679,inf
443232,0.0
708033,inf
507148,inf
267752,0.0
574720,inf
225879,inf
462671,inf
214417,inf
345986,inf
17403,inf
153678,inf
521872,inf
546913,0.0
535412,inf
259441,inf
524310,inf
265792,inf
334693,0.0
301600,inf
165743,0.0
509610,inf
81663,inf
249800,0.0
545549,inf
242202,inf
278847,inf
222285,inf
82811,0.0
555129,inf
320773,inf
432250,inf
617854,inf
204983,inf
366724,inf
649766,inf
619280,inf
554662,inf
598149,inf
19945,inf
82692,inf
126512,inf
158124,inf
37450,inf
596156,0.0
427495,inf
659387,inf
460057,inf
414694,inf
134308,inf
319589,inf
274588,0.0
635315,inf
617000,inf
437263,inf
704045,inf
406483,inf
179177,inf
645713,inf
157791,inf
392333,inf
614533,inf
13454,inf
434929,inf
304633,inf
20930,inf
197568,inf
554480,inf
704591,inf
426017,inf
81634,inf
255717,inf
70163,0.0
624789,inf
342873,0.0
472057,inf
537312,inf
609790,0.0
320889,inf
162135,inf
83197,inf
192076,inf
506371,0.0
560716,inf
332041,0.0
539279,inf
533986,inf
286649,inf
293578,inf
415967,inf
22968,inf
147780,inf
374146,0.0
64058,inf
277747,inf
697236,inf
541272,inf
88062,inf
224337,inf
259937,inf
94062,inf
560507,0.0
392243,inf
345172,inf
126352,0.0
513629,inf
446735,0.0
617097,inf
364076,inf
597745,inf
336758,inf
407615,inf
192621,inf
80579,inf
393685,inf
364496,inf
479087,inf
520437,inf
279864,0.0
573324,inf
190364,inf
636486,inf
642359,0.0
300646,inf
41559,inf
528530,inf
136560,inf
688277,inf
120350,inf
43893,inf
173173,0.0
568439,0.0
240833,inf
68244,inf
389430,inf
271691,inf
336416,inf
498071,inf
324204,inf
663769,inf
79043,0.0
461642,0.0
106982,inf
130065,0.0
589391,0.0
495236,inf
498333,inf
415394,inf
178605,inf
271092,inf
319504,inf
658106,inf
50664,inf
615425,inf
26815,0.0
596812,inf
535599,inf
212577,inf
424432,inf
357708,inf
711642,0.0
447980,inf
376541,inf
662356,inf
552429,inf
413286,inf
679041,inf
126179,inf
264050,inf
554880,0.0
642252,inf
296896,0.0
294531,0.0
136756,inf
112309,inf
477811,inf
521726,0.0
592658,inf
69315,inf
15867,inf
477725,inf
179285,inf
469009,inf
535907,0.0
304856,0.0
34668,inf
590564,inf
107245,inf
648601,inf
165641,inf
115166,inf
141217,inf
563477,inf
56833,inf
711068,inf
466229,inf
664906,inf
371791,inf
281910,0.0
326179,0.0
439712,inf
556164,inf
494011,inf
256001,inf
418024,inf
579984,inf
59849,inf
487896,inf
150445,inf
705571,inf
483907,inf
216943,inf
186536,inf
31186,inf
19935,inf
528094,inf
235446,0.0
26495,inf
463188,inf
278179,0.0
123085,inf
681163,inf
353293,inf
244067,0.0
522830,inf
423065,inf
7732,inf
570948,inf
454328,inf
477567,0.0
34703,inf
556832,inf
31470,inf
235933,inf
696742,inf
68969,inf
697805,inf
342487,inf
554632,inf
568034,inf
373297,0.0
239127,inf
466155,inf
613010,inf
518101,inf
583405,inf
478822,inf
597026,inf
198630,inf
695857,inf
345951,inf
227733,0.0
653095,0.0
234427,inf
444449,inf
545284,inf
648186,inf
561574,inf
425661,inf
460185,inf
478762,inf
294145,inf
574101,inf
216708,inf
483743,inf
214744,inf
154775,inf
398147,0.0
351047,inf
544211,inf
280840,inf
618529,inf
340673,inf
634669,inf
175345,0.0
474735,inf
401085,inf
119871,inf
110478,inf
370739,inf
27225,0.0
473362,inf
545208,inf
369717,inf
585202,inf
658239,inf
652367,inf
558398,inf
282692,inf
402035,inf
701881,inf
48448,inf
230267,inf
279163,inf
575995,inf
621648,inf
57855,inf
303197,inf
217112,inf
196726,0.0
430639,0.0
1953,0.0
593525,inf
224136,inf
198727,inf
153932,inf
572001,inf
400085,0.0
121501,inf
130614,inf
83602,inf
643902,inf
260479,inf
494261,inf
461070,inf
664790,inf
515649,inf
199612,0.0
100526,inf
38963,inf
333351,inf
233760,inf
445322,inf
265193,inf
221380,inf
411884,inf
21134,inf
20693,0.0
291518,inf
147315,0.0
672755,0.0
287749,inf
386942,inf
7797,inf
129747,inf
66782,inf
519252,inf
356161,inf
617988,inf
277677,inf
49753,0.0
546806,inf
12854,inf
152121,0.0
220501,inf
374474,inf
615169,inf
699353,inf
615489,inf
455858,inf
495340,inf
426129,inf
475083,inf
421315,inf
145496,inf
54244,inf
237889,0.0
253457,inf
647498,inf
435935,inf
24143,inf
339885,inf
9931,inf
479620,inf
529344,0.0
135383,inf
328646,inf
477789,inf
72930,inf
277802,inf
109490,0.0
116193,inf
38195,inf
468434,inf
121520,inf
434216,inf
56566,inf
676735,0.0
258989,inf
471155,inf
428946,inf
304537,0.0
439555,inf
208077,inf
523967,inf
12352,inf
582559,inf
414476,inf
393746,inf
367295,inf
584804,inf
69321,inf
506935,inf
473491,0.0
704765,inf
25829,inf
362119,inf
274918,0.0
284972,inf
588510,0.0
652559,inf
210430,inf
241419,inf
456444,inf
162542,inf
130242,inf
167386,inf
592371,inf
634443,0.0
504891,inf
594600,inf
535787,0.0
345344,inf
385707,inf
266374,0.0
251227,inf
45184,inf
577449,inf
30390,inf
569886,inf
532416,inf
709255,inf
684716,inf
34036,inf
159310,inf
596360,inf
701390,inf
23199,inf
74186,0.0
147030,inf
487206,inf
396292,inf
156785,inf
59600,inf
186837,inf
572884,inf
175736,0.0
397727,inf
453460,inf
72066,0.0
123264,inf
252120,inf
345790,0.0
698790,inf
29735,inf
337158,inf
262178,inf
325318,0.0
421791,inf
97889,inf
41626,inf
633012,inf
309950,0.0
379660,0.0
272898,inf
639313,0.0
377225,inf
357482,inf
627540,inf
270024,inf
281305,0.0
331220,inf
168995,inf
641289,inf
58353,inf
109216,inf
564110,inf
561819,inf
287748,inf
371461,inf
623136,inf
183115,inf
205029,inf
380218,inf
467644,inf
159810,0.0
310308,inf
411585,inf
680456,inf
215673,inf
576637,inf
687959,inf
669820,inf
345873,inf
633053,inf
115521,inf
587338,inf
580882,inf
701612,0.0
498712,inf
148837,inf
430173,inf
674184,inf
408522,inf
90256,inf
452206,inf
82153,inf
81550,inf
255022,0.0
702137,inf
146623,inf
373039,0.0
652222,inf
4040,inf
294500,inf
563500,inf
46653,inf
275827,inf
294624,inf
287202,inf
454141,inf
448057,inf
80130,inf
119872,inf
323909,inf
430420,inf
382935,inf
297165,inf
184896,inf
203455,inf
460703,inf
587120,0.0
565650,inf
665534,inf
651839,inf
592354,inf
636982,inf
199694,inf
655327,inf
40707,inf
490147,inf
351990,inf
341972,inf
144586,inf
182787,0.0
617147,inf
117115,inf
501778,inf
411848,inf
218893,inf
163816,inf
591165,inf
245231,inf
430906,0.0
494871,inf
113204,inf
243070,0.0
370657,0.0
649908,inf
333087,inf
367183,inf
364881,inf
610030,inf
341546,inf
64352,inf
479867,inf
408126,0.0
562644,0.0
444659,inf
505249,inf
663814,inf
119729,inf
506530,inf
141487,inf
210211,0.0
369066,inf
276582,inf
696617,0.0
689365,inf
78159,0.0
73653,0.0
138487,inf
272236,inf
357494,inf
549910,inf
520791,inf
502066,inf
66391,inf
116241,inf
379056,inf
362801,inf
549977,inf
131091,0.0
710525,inf
375661,inf
35794,inf
642862,inf
93997,inf
338540,inf
388970,inf
446884,inf
271413,0.0
437370,inf
334071,inf
314078,inf
492373,0.0
77273,0.0
357858,0.0
653257,inf
137168,inf
479407,0.0
212131,inf
343725,0.0
447669,inf
106377,0.0
199618,inf
477935,inf
704022,inf
144746,inf
583068,inf
324949,inf
294787,inf
224832,inf
24783,inf
328721,inf
663509,inf
520630,inf
313483,0.0
150079,inf
51501,inf
385883,inf
426009,inf
357258,0.0
564880,inf
484337,inf
87111,inf
525793,inf
92227,inf
656594,inf
592915,inf
528363,inf
675224,inf
552466,inf
694935,0.0
694001,inf
150763,0.0
294575,0.0
504216,inf
623046,inf
514714,inf
534356,inf
646369,0.0
82604,0.0
570770,0.0
155584,inf
154792,inf
454406,inf
481110,inf
440515,0.0
110415,inf
607034,inf
503388,inf
351416,0.0
1001,inf
663756,inf
417568,inf
107366,0.0
614733,inf
493723,inf
327411,inf
608668,inf
146589,inf
577634,inf
255670,0.0
396107,inf
18943,0.0
34747,0.0
641037,inf
329552,inf
467901,inf
701979,inf
101198,inf
534277,0.0
664918,inf
237215,inf
612361,inf
581030,0.0
637816,inf
542401,inf
612893,0.0
380733,inf
705599,inf
533617,inf
288852,0.0
23583,inf
227752,inf
3347,0.0
525391,inf
448292,inf
385205,0.0
347237,inf
634752,0.0
482493,inf
597766,inf
242076,inf
266183,0.0
29411,0.0
398021,inf
454516,inf
239103,inf
314455,inf
636628,inf
571539,inf
138241,inf
382044,inf
73098,inf
135996,0.0
177491,inf
336265,inf
405453,0.0
619877,inf
364343,0.0
559664,inf
206922,inf
152824,inf
711621,0.0
588605,inf
435073,inf
456657,inf
361297,0.0
100596,inf
344043,inf
148806,0.0
269753,0.0
549880,inf
647821,inf
109620,0.0
613900,inf
565485,inf
335569,inf
146163,inf
325076,0.0
711839,inf
277954,inf
418474,inf
11464,inf
504164,inf
168095,inf
137408,inf
530459,inf
89469,inf
600030,inf
459420,inf
178966,inf
176551,inf
499832,inf
361800,inf
87787,inf
342009,inf
293733,inf
119128,inf
688557,inf
579507,inf
154719,inf
407355,inf
350517,inf
379031,0.0
83406,inf
277577,inf
150402,inf
409728,inf
339346,inf
37981,inf
365022,0.0
486538,inf
609984,inf
151016,0.0
167544,inf
251389,0.0
161430,inf
209343,inf
678038,inf
44921,inf
615938,inf
264859,inf
107022,inf
689902,0.0
641591,inf
233770,0.0
21538,inf
466582,inf
372712,inf
123400,inf
673993,inf
642996,inf
542385,inf
643192,inf
364354,inf
36628,inf
98177,inf
308836,inf
294227,inf
70355,inf
668173,inf
165793,inf
4919,inf
276474,inf
430700,inf
168582,inf
708246,inf
210661,inf
331103,inf
305458,0.0
7779,inf
404442,inf
647057,inf
189107,inf
407060,inf
97937,0.0
696506,inf
339372,0.0
322715,inf
293581,inf
385544,inf
90422,0.0
42673,inf
688405,0.0
141720,inf
75468,inf
702580,inf
319394,inf
371961,0.0
361172,0.0
538370,inf
178146,inf
199812,inf
148246,inf
249870,inf
700728,inf
653934,inf
197364,inf
253651,inf
697380,inf
621673,inf
397955,inf
452885,0.0
360442,inf
400299,0.0
207151,inf
566615,inf
300574,inf
361893,inf
82193,inf
295192,inf
428315,inf
104860,inf
69771,inf
523961,0.0
568672,inf
530268,inf
438343,inf
369110,inf
339043,inf
388042,inf
158955,inf
435849,inf
189685,inf
345490,inf
69350,inf
680146,inf
19662,inf
683663,0.0
487958,inf
525858,inf
245762,inf
402,0.0
584635,inf
449671,inf
493277,0.0
407574,inf
499156,inf
661322,inf
400515,inf
207039,inf
114717,0.0
144463,0.0
406946,inf
102439,inf
48182,inf
240142,inf
203878,inf
267888,inf
435973,inf
350499,inf
619739,inf
281680,inf
300239,inf
68313,inf
425975,inf
107679,inf
619996,inf
551957,inf
55879,inf
15460,inf
36872,inf
366839,inf
288131,inf
610419,inf
356247,0.0
83603,inf
117839,inf
77722,inf
190461,inf
229922,0.0
20517,inf
584379,inf
116050,inf
378073,0.0
610673,inf
543575,inf
474064,inf
151486,inf
45793,inf
208085,inf
526908,0.0
4790,inf
434375,inf
709844,inf
510241,inf
557804,inf
560421,inf
255976,inf
273347,inf
663564,inf
205052,inf
611092,inf
201628,inf
253403,inf
289196,0.0
54270,inf
196613,inf
484202,inf
33547,inf
195569,inf
595104,0.0
302381,inf
586950,inf
352094,inf
624150,inf
610503,inf
43285,inf
695535,inf
527800,inf
267778,inf
250355,inf
625155,0.0
255373,inf
454652,inf
375290,inf
160355,inf
256880,inf
329605,inf
419136,inf
216606,inf
403389,inf
638386,inf
317134,inf
458834,inf
458861,inf
480108,inf
405293,inf
188822,inf
711003,inf
176262,inf
496954,inf
10369,inf
549998,inf
230660,inf
474722,inf
161653,inf
558715,inf
510547,inf
428828,inf
368289,inf
276607,inf
554433,inf
472447,inf
449438,inf
503401,inf
282158,inf
568625,inf
246262,0.0
383643,inf
563498,inf
413257,0.0
196701,inf
315240,0.0
586582,inf
213849,inf
211793,inf
176476,inf
481205,inf
116734,inf
200936,inf
467012,inf
526285,0.0
266319,inf
397480,inf
407421,0.0
285810,inf
323075,0.0
228064,inf
607401,inf
507388,0.0
389043,inf
64890,inf
444034,inf
266235,inf
494584,inf
105418,inf
428265,inf
203679,inf
38896,0.0
707323,inf
423165,inf
199429,inf
360440,0.0
679531,inf
246534,inf
107459,inf
306232,inf
497892,0.0
590570,inf
280080,inf
34330,0.0
625318,inf
78041,inf
328932,0.0
42051,inf
574010,inf
136872,inf
556949,inf
273084,0.0
245760,inf
491671,inf
691940,0.0
300642,inf
157893,inf
121582,inf
410880,inf
541761,0.0
70928,0.0
550856,inf
443698,inf
90,inf
657892,0.0
564290,inf
703280,0.0
567173,inf
168514,0.0
681070,0.0
585050,inf
499891,0.0
307212,inf
219308,0.0
678448,inf
584413,inf
210554,0.0
115647,0.0
528909,inf
231764,inf
381835,inf
76254,inf
632487,inf
489264,0.0
14727,inf
541623,inf
359655,0.0
315646,inf
466213,inf
489456,inf
226349,inf
299981,inf
677341,inf
580971,inf
467624,inf
477651,inf
493572,inf
281905,inf
579028,0.0
389739,0.0
286351,inf
420085,0.0
14991,inf
165697,inf
445698,inf
50845,inf
300810,inf
281343,inf
73361,inf
63195,0.0
127166,inf
695670,inf
552501,inf
250876,0.0
83576,inf
242798,inf
514328,inf
286868,inf
360473,inf
488027,inf
588898,inf
428096,0.0
461992,inf
106747,inf
318836,inf
257972,inf
679370,0.0
702607,inf
418611,inf
307764,inf
312514,inf
126893,inf
441948,inf
29670,inf
502753,inf
239083,0.0
347629,0.0
250193,0.0
173945,inf
26242,inf
547494,0.0
401734,inf
52594,inf
429841,0.0
357401,0.0
505178,inf
207186,0.0
142573,inf
36314,0.0
640968,0.0
252494,inf
306112,inf
499966,inf
235692,0.0
578253,0.0
677012,0.0
582452,inf
408354,inf
630522,inf
513506,0.0
499993,inf
60672,inf
62185,inf
225108,inf
229078,0.0
42474,inf
107374,inf
207679,inf
703993,inf
176181,inf
417387,0.0
472071,inf
652263,0.0
416039,inf
253541,0.0
208116,inf
418419,inf
690295,inf
689662,inf
373004,inf
394560,inf
41994,inf
694836,inf
49729,inf
510947,inf
551906,inf
468226,inf
520477,inf
189013,inf
401297,inf
131670,inf
89931,inf
612637,0.0
301669,inf
376945,inf
368602,inf
459437,inf
188163,0.0
670690,inf
139089,0.0
52612,inf
303601,inf
449138,inf
411207,inf
33001,inf
114381,inf
441847,inf
4236,0.0
525712,0.0
570913,inf
569459,inf
709076,inf
166434,inf
171809,inf
710438,inf
127724,inf
118203,inf
503662,inf
306554,inf
26350,inf
372306,inf
22952,inf
610043,inf
432332,inf
679767,0.0
39770,inf
250453,inf
2328,inf
177383,0.0
271936,inf
116948,0.0
252697,inf
604480,0.0
50332,inf
194501,inf
630003,inf
83315,0.0
223673,inf
57758,0.0
330972,inf
600771,inf
260289,inf
395795,inf
568242,inf
291979,inf
288425,inf
41894,inf
444042,inf
268731,0.0
157852,inf
666342,inf
130825,0.0
283287,inf
596843,inf
657894,inf
523126,0.0
629068,inf
607687,0.0
74877,0.0
451052,0.0
65250,0.0
214481,inf
687935,inf
611374,inf
259090,inf
643381,0.0
169053,inf
141923,0.0
41473,0.0
350849,inf
181992,inf
242075,0.0
9476,inf
335103,inf
593802,inf
169467,inf
427301,0.0
635627,inf
564540,0.0
645881,inf
574994,inf
300281,inf
427367,inf
552124,inf
207859,inf
200763,inf
365181,inf
538276,inf
415938,inf
529341,inf
688467,inf
100172,inf
695046,inf
624210,inf
248915,0.0
98932,0.0
547825,inf
346933,0.0
187201,0.0
586103,inf
500626,inf
258933,inf
51363,inf
676749,inf
582984,inf
484001,0.0
147445,0.0
224106,inf
652325,inf
83270,inf
328870,inf
296708,inf
77524,0.0
253582,inf
494736,inf
439402,0.0
134495,inf
604750,0.0
226649,inf
526409,inf
666577,inf
545344,0.0
115621,inf
542397,inf
680174,inf
883,inf
113669,inf
302860,inf
31021,inf
302851,inf
247510,inf
130328,inf
535612,inf
268693,inf
333693,inf
358549,inf
305388,inf
320431,inf
582822,0.0
78529,inf
487474,inf
375477,0.0
598126,inf
107463,inf
136719,inf
333167,inf
609501,inf
231796,inf
701125,inf
442840,inf
451871,0.0
416105,inf
593698,inf
534488,inf
314112,inf
107211,inf
281264,inf
265346,inf
141904,inf
58509,inf
288023,inf
204437,inf
126438,inf
369044,inf
662949,inf
380356,0.0
15099,0.0
97878,inf
330057,inf
13280,inf
310479,inf
546291,inf
698766,inf
458683,inf
486443,inf
421837,inf
202827,inf
269524,inf
330507,0.0
423071,inf
525807,inf
371336,0.0
345548,inf
607080,0.0
100693,inf
563934,inf
409928,0.0
84648,0.0
482124,inf
32265,inf
137929,inf
231506,inf
688275,inf
225642,inf
314980,0.0
356021,inf
442506,inf
683782,inf
125388,inf
208140,0.0
519687,inf
304408,inf
687301,inf
581409,inf
13604,inf
353968,inf
429808,inf
664492,inf
328668,inf
444419,inf
580638,inf
342664,0.0
684080,inf
441055,0.0
87958,inf
159613,inf
553870,inf
407571,inf
415737,0.0
184099,inf
706052,0.0
307194,inf
92222,inf
568028,inf
120782,inf
328339,inf
25897,inf
272119,inf
457690,inf
260313,0.0
310537,0.0
612239,inf
461184,inf
268333,0.0
316558,inf
234378,inf
537653,inf
464665,inf
372505,inf
441503,inf
133738,inf
327710,0.0
571630,inf
326678,inf
482135,inf
554905,inf
98154,0.0
572701,0.0
561096,0.0
497775,inf
171909,0.0
451016,inf
111284,inf
542012,inf
23330,0.0
91697,inf
240926,inf
205043,inf
105766,inf
294372,inf
707421,inf
389000,inf
500423,inf
369351,inf
702171,0.0
266997,inf
61153,inf
643197,0.0
665415,0.0
617010,inf
169504,0.0
577244,inf
212357,inf
379471,inf
307608,inf
450738,inf
187652,0.0
98526,0.0
597902,inf
191626,inf
188229,inf
240479,inf
436842,inf
345669,0.0
201677,inf
394902,0.0
498908,0.0
362010,inf
347537,inf
465544,0.0
643906,inf
202725,0.0
343275,inf
179646,inf
158413,inf
472440,inf
355697,inf
384008,inf
367848,0.0
543524,0.0
261048,0.0
185994,inf
222552,inf
599139,inf
451518,inf
248568,inf
184311,inf
117745,inf
95321,inf
97051,inf
320459,inf
382861,inf
547356,inf
448041,inf
631541,inf
305501,inf
21693,inf
364283,inf
561371,0.0
195790,inf
270394,inf
164126,inf
515102,0.0
622162,inf
665890,inf
117941,inf
205475,inf
330157,inf
49414,0.0
422419,inf
339921,inf
674636,inf
686025,0.0
697570,inf
473058,0.0
661462,inf
400664,inf
626122,inf
18781,inf
197062,inf
704919,inf
511565,0.0
27908,inf
703549,0.0
125187,inf
423373,inf
201368,inf
711220,inf
470959,inf
135655,0.0
603463,inf
182232,inf
58775,0.0
228984,inf
493453,inf
542885,inf
699013,inf
22608,inf
39371,inf
541816,inf
171262,inf
467740,inf
23080,0.0
158377,inf
461013,inf
287496,inf
408979,0.0
677259,inf
641823,inf
281413,inf
383642,inf
300062,inf
634169,0.0
533798,inf
369788,inf
514785,inf
377351,inf
362150,inf
614403,inf
345439,inf
554820,0.0
599213,inf
28587,inf
215215,inf
19594,inf
250046,inf
314971,inf
604663,0.0
578018,inf
600271,inf
185488,inf
131195,inf
202658,inf
375777,inf
255741,inf
443828,0.0
446346,inf
483273,inf
585645,0.0
28783,inf
519963,inf
149947,inf
461942,inf
633833,0.0
3120,0.0
697160,inf
296829,inf
177148,inf
331170,inf
220456,inf
191620,inf
411789,inf
380507,inf
372397,inf
71977,inf
646205,inf
376728,inf
409002,inf
270351,0.0
176508,inf
605077,inf
177795,0.0
135056,inf
17327,inf
149024,0.0
612092,0.0
600414,inf
174506,inf
568140,inf
16835,0.0
101795,0.0
113982,inf
119674,inf
245945,inf
178664,inf
195719,inf
51915,inf
520151,inf
345864,inf
108603,inf
219371,inf
304395,0.0
656334,inf
658977,inf
473023,inf
319211,inf
169071,inf
101272,0.0
222411,inf
315593,inf
181140,inf
424712,inf
322075,inf
506593,inf
194398,0.0
314852,inf
22564,inf
101255,inf
24305,inf
50074,0.0
93289,inf
564571,0.0
242136,inf
213323,0.0
349828,inf
252491,inf
453603,inf
668542,inf
337651,inf
86854,inf
402356,0.0
329407,inf
345345,inf
359206,inf
542666,inf
481347,0.0
390153,inf
257405,inf
190857,inf
57633,inf
158176,inf
415066,inf
342451,inf
696189,inf
203371,inf
701112,inf
59965,inf
363102,inf
133227,0.0
632858,inf
322200,0.0
675470,0.0
693762,inf
246512,inf
88410,0.0
8403,inf
38354,0.0
460617,0.0
689762,0.0
314406,inf
441526,inf
639121,inf
159580,inf
303582,inf
138983,0.0
644434,inf
364997,inf
514718,inf
145595,inf
5950,0.0
72734,inf
562090,0.0
447869,inf
171784,inf
616808,inf
436135,inf
390473,inf
326439,inf
699673,inf
212943,inf
709463,inf
367683,inf
269244,inf
600506,0.0
337285,inf
591766,inf
606425,inf
73318,inf
610540,inf
678749,inf
206401,inf
45999,inf
271332,inf
118264,inf
368164,inf
490502,inf
61796,inf
562289,inf
58171,0.0
4422,inf
149597,inf
116636,inf
486779,inf
274651,inf
476484,inf
24069,inf
148706,0.0
217293,inf
570842,inf
90172,inf
665448,inf
668805,inf
183078,inf
609667,inf
449058,inf
584452,0.0
532016,inf
151902,inf
286680,inf
700283,0.0
291447,inf
656694,inf
287925,inf
495381,inf
121759,0.0
245901,inf
435166,inf
256066,0.0
613222,inf
362867,inf
635536,inf
426914,inf
166759,0.0
190125,inf
637233,inf
11863,inf
170592,inf
424283,inf
360164,inf
361485,inf
368162,inf
137926,inf
433228,0.0
49906,inf
64840,inf
439403,0.0
229348,0.0
524084,inf
513911,inf
332705,inf
399166,inf
85421,0.0
624693,inf
554828,0.0
298362,inf
302736,inf
292748,inf
406087,inf
648686,inf
584287,inf
673903,inf
255395,0.0
106528,inf
207183,0.0
625205,inf
153632,inf
667089,inf
594138,inf
397155,inf
229648,inf
75499,inf
574004,0.0
384864,inf
621977,inf
400933,inf
661106,inf
280631,inf
140056,inf
659960,0.0
23530,0.0
635847,inf
705039,0.0
52058,inf
355322,inf
440391,inf
140404,0.0
605897,0.0
431530,inf
27961,inf
390294,inf
448024,0.0
633618,inf
613780,inf
75448,inf
261954,0.0
377705,inf
150888,inf
53666,inf
76773,inf
258637,inf
458058,inf
417637,inf
160078,inf
446747,inf
691730,inf
16493,inf
465198,inf
275212,inf
358519,inf
183564,inf
37541,inf
495941,inf
396321,inf
293778,inf
508591,inf
5101,inf
318076,inf
500151,inf
421496,inf
363809,inf
121507,inf
110390,inf
490544,inf
547100,0.0
105099,inf
209739,inf
242123,inf
626834,inf
246953,inf
22612,inf
120939,inf
564178,inf
600348,inf
345579,inf
161601,0.0
457001,inf
365393,inf
618098,0.0
18202,inf
668906,inf
511961,inf
315985,inf
332030,inf
679579,inf
114515,inf
413002,inf
41383,inf
397849,inf
150978,inf
686910,inf
262686,inf
321377,inf
495038,inf
696173,inf
584426,inf
385786,inf
598527,inf
637614,inf
91868,inf
547800,inf
101781,inf
130768,inf
637147,0.0
143757,inf
18516,inf
205081,inf
676514,inf
679267,inf
357481,inf
172397,inf
301639,inf
436464,inf
51307,inf
119032,0.0
146264,inf
494120,inf
15813,inf
152143,0.0
67366,inf
675086,inf
359511,inf
184581,inf
704267,inf
589924,0.0
638669,0.0
489102,0.0
441499,inf
79763,inf
283590,inf
521187,inf
126219,inf
263512,inf
556523,0.0
552416,inf
476964,inf
424933,inf
541466,inf
207948,0.0
49721,inf
633749,0.0
431544,inf
433436,inf
410522,0.0
476789,0.0
338354,inf
191790,inf
648204,inf
597103,inf
595765,inf
124333,inf
526756,inf
696537,inf
465097,inf
437188,inf
684020,inf
656714,inf
551020,inf
473180,inf
444184,0.0
649240,inf
130166,inf
189483,inf
698840,0.0
228169,inf
703090,inf
19804,0.0
388851,inf
460082,inf
265870,inf
25304,0.0
387529,inf
217600,inf
144997,0.0
66377,inf
174709,inf
673757,inf
11578,0.0
385348,0.0
61293,0.0
604275,inf
300799,inf
427126,inf
616940,0.0
42973,inf
63567,inf
320145,inf
106460,0.0
37434,inf
131159,inf
71620,inf
647100,inf
308642,inf
552510,inf
410687,inf
106867,inf
283610,inf
292439,inf
644732,inf
104917,inf
360482,inf
594208,inf
24536,inf
418867,inf
531182,inf
40168,inf
489644,inf
329430,inf
401087,inf
690803,inf
257664,inf
628116,inf
73175,inf
324523,inf
572781,inf
673215,0.0
621477,inf
467030,inf
493970,inf
461749,inf
364180,0.0
87106,inf
468319,inf
609786,inf
631581,inf
565150,inf
493492,inf
427967,inf
318724,inf
464892,inf
15744,inf
511935,inf
648833,inf
525377,inf
508153,inf
579249,inf
350253,0.0
105700,inf
339226,inf
124934,inf
341550,inf
313591,inf
485837,inf
126199,inf
485154,inf
414939,inf
684705,inf
483730,inf
291260,inf
158518,inf
505951,inf
471059,inf
327241,0.0
625887,inf
471296,0.0
238890,inf
615504,inf
105622,inf
613984,inf
285192,inf
361067,inf
650319,inf
452871,inf
554307,inf
463747,inf
316018,inf
122084,inf
571550,inf
428766,inf
407414,0.0
407881,inf
614158,inf
60659,inf
557305,inf
686923,inf
108945,inf
287805,0.0
289700,0.0
200618,inf
185774,inf
381203,inf
12306,inf
586016,inf
623045,inf
361258,0.0
543640,0.0
138438,inf
216078,0.0
420289,inf
304677,inf
130218,inf
479298,0.0
95018,inf
149285,inf
82705,0.0
335660,inf
394984,inf
177626,inf
442279,inf
353326,inf
26041,0.0
224423,inf
574311,inf
128346,inf
504869,inf
569572,inf
409080,inf
354660,inf
132784,inf
654624,inf
157728,inf
515374,inf
685280,inf
350124,inf
68256,0.0
654779,inf
426884,inf
161780,inf
649069,inf
709827,inf
188621,inf
377389,inf
492447,inf
48104,inf
208555,0.0
386933,inf
168734,0.0
707033,inf
533066,inf
258726,inf
601365,inf
18046,inf
523481,inf
392353,0.0
462606,inf
423405,inf
690575,inf
173676,0.0
47781,0.0
47387,inf
47823,0.0
495040,inf
149566,0.0
461231,inf
621674,0.0
710382,inf
301772,inf
165400,inf
69205,inf
401635,inf
331116,0.0
444498,inf
27443,inf
404191,0.0
575751,inf
525497,inf
470923,inf
190987,inf
335749,inf
176866,inf
112441,0.0
257812,0.0
11645,inf
363644,0.0
369034,inf
106609,0.0
174763,0.0
465202,inf
576563,inf
257945,inf
207885,inf
95081,inf
149969,inf
392029,inf
347611,inf
150850,inf
137409,inf
623597,inf
471180,inf
354806,inf
356325,inf
550898,inf
445599,inf
191018,0.0
526623,inf
145244,inf
96420,inf
693803,inf
52484,inf
318555,inf
3127,inf
613839,inf
142514,inf
401958,inf
231880,inf
53593,0.0
37965,inf
488028,inf
191542,inf
628793,inf
166062,inf
30706,inf
675734,inf
308599,0.0
306649,inf
338458,inf
434529,inf
170820,inf
500968,0.0
708749,0.0
78559,inf
244682,inf
290805,inf
624792,inf
466782,inf
159732,inf
442346,inf
505282,inf
467481,inf
162282,inf
653577,inf
315860,inf
324766,inf
455603,inf
517702,inf
436684,inf
535795,inf
483004,inf
694036,inf
65863,inf
308156,inf
226806,inf
509168,0.0
19883,inf
314740,inf
224720,inf
475693,0.0
58242,inf
345844,inf
437414,inf
379655,inf
592940,0.0
28542,inf
691400,inf
72554,inf
680973,inf
491942,inf
47071,0.0
303161,inf
371523,inf
701076,inf
536444,inf
27023,inf
389367,0.0
386640,inf
400071,0.0
142856,inf
667682,inf
636126,0.0
345350,inf
12625,inf
166254,inf
303552,inf
657831,inf
235338,inf
610251,inf
12751,inf
563176,inf
366179,inf
95053,inf
624820,inf
337686,inf
536337,0.0
106058,inf
416550,inf
533752,inf
78847,inf
362888,inf
73999,0.0
496675,inf
112207,inf
578981,inf
613568,inf
42977,inf
164886,inf
338121,inf
143657,inf
528348,inf
86527,0.0
327738,inf
403382,inf
105122,inf
635227,inf
573857,inf
308569,inf
544986,inf
288924,inf
326246,inf
266852,inf
248893,inf
511580,inf
334199,inf
346373,inf
499491,inf
190271,inf
601188,inf
71078,inf
178629,inf
492995,inf
472404,inf
235012,inf
413581,inf
357262,inf
1173,inf
659705,inf
54004,0.0
534553,inf
460847,inf
92862,inf
419724,0.0
363343,0.0
260165,inf
397072,inf
585085,inf
402267,inf
24759,inf
147292,inf
637253,inf
585812,inf
384886,inf
181871,inf
101717,inf
580286,inf
426719,0.0
197064,inf
410114,inf
221746,inf
346169,inf
261593,inf
214120,inf
544045,inf
21809,inf
347744,inf
500673,inf
60046,0.0
186101,inf
68536,inf
327731,inf
645592,inf
396459,inf
349671,inf
541027,inf
518246,inf
305734,inf
260638,inf
397511,inf
558781,inf
470584,inf
481466,inf
418488,0.0
372015,inf
388160,inf
681282,inf
200885,inf
684596,inf
234136,inf
266739,0.0
553298,inf
355416,0.0
196198,inf
118253,inf
121572,inf
37468,inf
2493,inf
176872,0.0
23574,0.0
431158,inf
311625,inf
440279,inf
310390,0.0
453608,inf
311179,inf
5234,inf
383361,inf
559299,inf
682343,inf
625350,inf
228938,inf
150040,inf
538873,inf
485021,inf
553337,inf
355995,inf
611477,inf
418771,inf
442083,inf
52632,inf
619018,inf
543493,inf
654240,inf
451072,inf
178334,inf
599559,0.0
74094,inf
287926,inf
394538,inf
270431,inf
576219,0.0
463463,inf
176231,inf
221826,inf
86944,inf
689943,0.0
577784,inf
327549,inf
499846,inf
481825,0.0
303649,0.0
210786,inf
240923,inf
677048,0.0
554407,inf
20974,inf
163275,inf
43463,0.0
696311,inf
438823,0.0
398860,0.0
300824,inf
272317,inf
615700,inf
125454,inf
381450,0.0
256134,inf
382793,0.0
698412,inf
459861,inf
78294,inf
86608,inf
64939,inf
632584,inf
3107,inf
602429,inf
589289,inf
420223,inf
23377,inf
484525,inf
123558,inf
613566,inf
675742,inf
387381,inf
232924,inf
282737,inf
341537,inf
178424,0.0
90149,0.0
523104,inf
157220,inf
426684,0.0
107854,inf
459902,inf
607906,inf
702257,0.0
370971,0.0
96248,inf
504789,inf
175890,inf
341523,inf
264929,inf
243197,inf
296228,inf
430219,inf
537947,inf
464861,inf
178087,inf
552312,inf
181269,0.0
627918,0.0
240506,0.0
653150,inf
357806,inf
706266,0.0
39054,inf
512154,inf
576388,inf
691259,0.0
590252,inf
419654,inf
168102,inf
72047,inf
29475,inf
537856,inf
153342,inf
346109,inf
666046,inf
501114,inf
698379,inf
652511,inf
532759,inf
494869,inf
322272,inf
262402,inf
598098,0.0
397570,inf
633235,inf
487855,0.0
234019,inf
642444,inf
169004,inf
317007,inf
38525,inf
197160,inf
603105,inf
33111,0.0
453204,inf
308347,0.0
352345,inf
637454,0.0
514433,inf
40899,inf
457429,inf
202717,0.0
622440,inf
529239,inf
221408,inf
386080,inf
521045,inf
224611,inf
63093,inf
388855,inf
461455,0.0
280027,inf
135815,0.0
708231,inf
229229,0.0
400196,inf
564303,inf
497281,inf
571925,inf
487154,inf
638024,inf
454630,inf
397073,inf
177074,0.0
271834,inf
266870,0.0
190192,inf
434815,inf
642908,inf
74745,inf
561612,inf
465356,inf
181772,inf
24353,inf
634944,inf
85878,inf
232410,0.0
454844,0.0
283481,inf
526386,inf
209002,0.0
606869,inf
164433,inf
527837,0.0
300537,inf
247455,inf
551718,inf
475832,inf
523641,inf
608666,0.0
439594,inf
205345,inf
10388,inf
36756,inf
436333,0.0
161405,inf
40280,inf
116953,inf
525353,inf
479000,inf
180702,inf
269222,inf
169830,inf
141640,inf
196043,inf
654032,inf
159186,0.0
137688,inf
682532,inf
154546,inf
234911,inf
351999,inf
196274,inf
472874,inf
478222,0.0
268977,inf
69103,inf
508851,0.0
292026,inf
12676,0.0
322900,inf
477650,inf
425429,inf
227000,inf
295858,inf
633107,inf
256946,inf
32676,inf
187396,inf
365540,inf
617100,inf
499165,inf
566413,0.0
173896,inf
192634,0.0
258511,inf
208848,inf
9949,inf
615441,0.0
339994,inf
79317,inf
697336,inf
559348,inf
636992,inf
614299,inf
487495,inf
113450,0.0
548988,inf
567194,inf
431236,inf
246671,inf
100759,inf
650727,0.0
498027,inf
53231,0.0
652072,inf
449699,inf
178777,inf
339432,inf
442507,inf
315947,inf
137256,inf
116419,inf
107071,inf
675048,inf
277741,inf
329050,inf
704281,inf
670102,0.0
478227,inf
584973,inf
490517,inf
225,inf
137699,inf
150599,0.0
58165,0.0
673773,inf
85918,inf
219022,0.0
379985,inf
516432,0.0
257229,inf
566772,0.0
692902,inf
478120,0.0
697749,inf
468631,inf
250235,inf
244411,0.0
305404,0.0
3843,inf
66848,0.0
349376,inf
361876,0.0
427413,inf
24631,inf
299795,inf
495360,inf
255989,inf
365562,inf
542243,inf
619738,0.0
279203,inf
90862,0.0
212227,inf
297000,0.0
80208,inf
35584,inf
387674,inf
690749,inf
335412,inf
278773,inf
624335,inf
17542,inf
164646,inf
25605,inf
60820,inf
127874,inf
396767,inf
557330,inf
49901,0.0
433426,inf
436199,inf
361943,inf
341974,inf
109273,inf
275689,inf
83185,inf
328365,inf
599010,inf
394967,inf
77564,inf
24999,inf
333447,inf
391655,inf
413867,0.0
708080,inf
460128,inf
102454,inf
220541,0.0
241148,inf
572771,inf
699435,inf
338165,inf
375137,0.0
189594,0.0
623583,inf
485341,inf
222957,inf
550810,inf
192323,inf
242484,inf
303303,inf
72795,inf
209200,inf
618259,inf
439338,inf
613542,inf
123187,inf
290543,0.0
635718,inf
463979,inf
463638,0.0
534752,inf
42816,inf
549077,inf
704551,0.0
477859,inf
341280,0.0
476063,0.0
458012,inf
133161,inf
245599,inf
599817,inf
162291,inf
160680,inf
627773,inf
670187,0.0
134772,0.0
251636,inf
86503,0.0
26443,inf
617424,inf
565104,inf
156106,inf
126301,inf
57911,0.0
186079,inf
252158,inf
647898,0.0
64429,inf
584552,0.0
693501,inf
70549,inf
222968,inf
101518,inf
290224,0.0
38002,inf
238913,inf
11239,0.0
122292,inf
569549,inf
484360,inf
571708,inf
296389,inf
108776,0.0
163749,inf
397022,inf
184639,inf
30551,inf
456551,inf
11315,0.0
454646,inf
310184,inf
226257,inf
517981,inf
417193,inf
650716,inf
404303,inf
100798,inf
171533,inf
116357,inf
471545,inf
312564,inf
202372,0.0
637943,inf
685350,inf
111729,inf
128226,inf
63197,inf
183825,inf
406781,inf
443066,inf
473455,inf
523244,inf
414341,inf
663610,inf
162440,0.0
373757,inf
303933,inf
112566,inf
452143,inf
480092,inf
149736,0.0
429060,inf
237035,inf
347012,inf
183402,inf
145166,inf
526851,inf
192537,inf
612403,inf
47949,inf
25740,inf
580974,inf
583625,0.0
261836,inf
278363,0.0
424244,inf
210711,inf
170340,inf
621867,inf
78622,inf
504156,0.0
510794,0.0
271731,inf
280703,inf
304709,0.0
335143,inf
367482,inf
292163,inf
355101,inf
504615,inf
360248,inf
185694,inf
409123,0.0
46273,inf
265903,inf
90487,inf
380713,inf
430577,inf
388368,inf
11061,inf
77071,0.0
592532,0.0
250498,0.0
243375,inf
642898,inf
156905,inf
70496,inf
293490,inf
474177,inf
659996,0.0
579350,inf
498150,0.0
287569,0.0
379133,inf
470513,inf
273994,inf
646881,inf
608886,inf
530727,inf
197825,0.0
646259,0.0
458363,inf
318363,inf
173063,inf
160318,inf
479750,inf
24506,inf
366986,inf
453930,inf
456150,inf
197794,0.0
295509,0.0
498394,inf
153859,inf
539292,inf
640489,inf
228632,inf
618289,inf
700702,inf
549672,inf
3420,inf
234576,inf
332107,0.0
230859,0.0
409350,0.0
359813,inf
625434,inf
196026,inf
506010,0.0
388031,inf
469874,inf
575949,0.0
231999,inf
423686,inf
307158,inf
104085,inf
171693,inf
490100,inf
239645,inf
6056,inf
102738,inf
417987,0.0
635200,inf
147081,inf
204867,inf
94393,0.0
498471,inf
377361,0.0
29493,inf
28633,0.0
128105,0.0
306520,inf
65854,inf
371215,0.0
121452,0.0
556499,inf
609606,inf
270942,inf
120082,inf
295005,inf
60661,inf
560064,inf
364371,inf
629418,inf
287959,inf
693492,inf
426116,inf
681242,inf
284825,inf
59734,inf
274009,inf
143355,inf
305028,0.0
373147,inf
677528,0.0
637272,inf
508484,0.0
151161,inf
448724,inf
299220,inf
635353,inf
84643,inf
659917,0.0
380484,inf
254899,inf
130780,inf
487134,inf
265558,inf
283371,inf
582312,0.0
280380,inf
330796,inf
72253,inf
144614,inf
291591,inf
109635,inf
208412,inf
666233,inf
228643,0.0
421337,inf
14878,inf
62540,0.0
633095,inf
304821,inf
451312,inf
282113,inf
54856,inf
45038,inf
34221,inf
37762,inf
166842,inf
86177,inf
624453,inf
352779,inf
184973,inf
114367,0.0
303908,inf
340952,inf
184411,0.0
24723,inf
310768,inf
645364,inf
579240,inf
341831,inf
73155,inf
155662,0.0
14307,inf
25205,inf
492743,inf
86519,0.0
23051,inf
163119,inf
27317,inf
378582,inf
100428,inf
5318,inf
426019,inf
543812,inf
152411,inf
169524,inf
591163,inf
28188,inf
134134,0.0
533569,inf
652552,0.0
687963,inf
7601,inf
238022,inf
342678,inf
23845,inf
280035,inf
509556,0.0
551902,0.0
174120,0.0
217917,inf
12226,inf
327792,0.0
606252,inf
686227,inf
281047,0.0
317261,inf
100258,inf
590402,inf
135442,0.0
377886,0.0
302574,inf
646849,inf
291162,inf
483645,inf
597952,inf
366482,inf
132269,inf
103025,inf
693442,inf
196214,inf
209966,inf
437043,inf
593337,inf
498240,inf
255378,inf
583658,0.0
375600,0.0
707425,inf
278841,inf
452246,inf
630996,inf
409069,inf
414352,inf
391825,0.0
591209,inf
691502,inf
271416,inf
685569,inf
511845,inf
248165,inf
120890,inf
641120,inf
417972,inf
708923,inf
343057,inf
232538,inf
706971,inf
497857,inf
704864,inf
56150,inf
584560,inf
184203,inf
11218,0.0
146580,0.0
7200,inf
703221,inf
389341,0.0
126177,inf
82377,inf
202240,inf
87950,inf
37517,inf
15950,inf
67961,inf
95815,0.0
300392,inf
148357,inf
1141,inf
334615,inf
670598,inf
115717,inf
188584,0.0
545729,0.0
231625,inf
644266,inf
379074,inf
669299,inf
182234,inf
71822,inf
683251,inf
312168,0.0
588632,inf
13091,inf
40076,inf
320246,inf
306986,inf
476414,inf
12892,0.0
627723,0.0
556095,0.0
326231,inf
331065,inf
627164,inf
501125,0.0
437243,inf
638815,inf
449262,inf
80542,inf
371457,inf
291798,0.0
450428,inf
292952,inf
210495,inf
557129,inf
215021,0.0
395776,inf
669757,inf
34204,inf
25283,0.0
278861,0.0
625705,inf
661646,0.0
400529,inf
29205,inf
195205,inf
116634,inf
162856,inf
547620,inf
489816,inf
105087,inf
466939,inf
142261,inf
533132,inf
41518,inf
72522,inf
409833,0.0
295273,inf
576303,inf
431165,inf
179199,0.0
81511,inf
481229,inf
272637,inf
151450,0.0
298783,inf
502325,inf
515635,inf
680344,inf
587023,inf
71415,0.0
363345,inf
277321,inf
207971,inf
152327,inf
493136,inf
569778,inf
698285,0.0
270395,inf
628945,inf
679902,inf
678810,inf
32219,inf
648277,inf
170972,inf
305735,inf
123066,0.0
586246,inf
583855,0.0
101230,inf
395501,inf
643261,inf
558941,inf
436577,inf
434107,inf
387058,inf
503176,inf
444214,inf
117826,inf
32449,inf
299013,inf
339214,inf
206959,0.0
380274,inf
201630,inf
512982,inf
290762,inf
287295,inf
237101,inf
356088,inf
485363,0.0
438919,inf
601916,inf
524202,inf
367870,inf
100924,0.0
528326,inf
239117,inf
376317,inf
50895,0.0
283222,inf
257906,inf
453619,inf
547058,inf
545810,inf
549026,inf
709000,0.0
503940,inf
487344,inf
289760,inf
234069,inf
642237,inf
584941,inf
80978,inf
444990,inf
435140,inf
397631,inf
190363,inf
583295,0.0
519496,inf
627292,inf
607511,inf
404491,inf
517820,inf
460279,inf
281574,0.0
334834,inf
441722,inf
709122,0.0
47522,inf
508920,inf
209984,inf
493775,0.0
2985,inf
160949,inf
133916,inf
310274,inf
150984,0.0
153440,inf
430986,inf
181652,inf
50856,inf
577725,inf
411040,inf
541146,inf
603311,inf
578068,inf
541534,inf
614818,inf
432023,inf
569954,inf
350612,0.0
14555,inf
532045,inf
267682,inf
427152,inf
277921,inf
156050,0.0
685246,0.0
672171,inf
2824,0.0
20705,0.0
258340,inf
272173,0.0
364578,inf
423286,inf
413241,inf
273584,inf
578236,inf
129485,inf
491416,0.0
620550,0.0
575373,inf
171507,inf
163525,inf
112339,inf
275452,inf
5875,inf
295378,0.0
64724,inf
217678,inf
227695,inf
330357,0.0
524475,inf
549216,0.0
457654,0.0
527909,inf
154241,inf
259055,inf
564079,inf
380044,inf
261572,inf
671146,inf
410967,inf
307034,inf
277681,inf
244415,inf
572670,inf
693999,0.0
475408,inf
417610,inf
415683,inf
471305,inf
58151,inf
131154,inf
157290,inf
430092,inf
228043,inf
108929,inf
66999,inf
668576,inf
352574,inf
450058,inf
514752,inf
466724,inf
255760,inf
625882,0.0
177297,inf
322628,0.0
698470,inf
82763,0.0
708050,inf
284748,0.0
193011,0.0
702687,0.0
540963,0.0
662182,inf
595603,inf
259067,inf
263105,inf
611050,inf
162197,0.0
598419,inf
601087,inf
228690,0.0
488425,inf
483720,inf
435509,inf
660304,inf
598099,inf
634596,inf
285290,inf
665600,inf
598550,inf
72592,inf
95224,inf
268783,inf
52070,inf
430980,inf
107583,inf
387177,0.0
569646,inf
627971,inf
260788,0.0
296059,inf
519777,inf
32316,inf
498838,inf
569933,0.0
276985,0.0
265624,inf
68602,inf
291317,inf
487118,inf
226871,inf
110453,0.0
46500,0.0
59317,inf
40967,inf
481915,inf
395515,inf
581127,inf
496263,0.0
424269,inf
705023,0.0
341840,inf
128170,inf
117624,inf
278556,0.0
209980,0.0
704729,0.0
249263,inf
442642,inf
292605,inf
678328,inf
665166,inf
242419,inf
270472,inf
30374,inf
239038,inf
260552,0.0
138008,inf
542282,inf
520241,inf
479892,inf
53799,inf
650043,inf
19287,inf
215778,0.0
624307,inf
333562,inf
244796,inf
496721,inf
622986,inf
55795,inf
645018,inf
431053,inf
471634,inf
166646,0.0
567030,inf
228461,inf
287387,0.0
511319,inf
115173,inf
467295,inf
474026,inf
285670,inf
272530,inf
49917,inf
13954,inf
61577,inf
223360,0.0
711025,inf
150719,inf
356593,0.0
664195,inf
372132,inf
223908,0.0
60968,inf
524403,inf
286580,inf
513202,inf
633904,inf
345710,0.0
283050,inf
112821,inf
505351,inf
209942,inf
229088,inf
650254,inf
136446,inf
438422,inf
407785,inf
373818,0.0
255592,0.0
357598,inf
594953,inf
116929,inf
305417,0.0
252547,inf
448720,inf
207310,inf
363005,inf
384489,inf
487115,inf
463136,inf
591417,inf
359392,inf
82924,0.0
424838,inf
389003,inf
673105,0.0
639528,0.0
126501,inf
638606,inf
108816,inf
579109,0.0
637695,inf
239943,inf
347290,0.0
306790,0.0
333845,inf
495081,0.0
553352,inf
553096,0.0
271251,inf
295615,inf
691624,inf
144032,inf
67480,inf
213814,inf
130192,inf
401026,0.0
368634,inf
462935,inf
560225,0.0
420950,inf
163732,inf
656449,inf
222339,inf
660248,inf
66762,inf
561631,inf
9910,inf
187029,inf
665241,inf
370774,inf
463908,0.0
257713,inf
295176,inf
297505,inf
670083,inf
277526,inf
85334,inf
682075,inf
485885,inf
524627,inf
614143,inf
638772,inf
689320,0.0
107445,inf
121268,inf
195936,inf
628129,0.0
568963,0.0
219086,inf
73756,0.0
674459,inf
385949,inf
85538,0.0
54105,0.0
446959,0.0
596608,inf
594301,inf
274953,inf
672800,inf
24616,inf
667120,inf
105995,0.0
409073,0.0
666918,inf
371093,inf
444487,inf
689088,inf
167408,inf
618972,inf
207884,inf
461934,0.0
58052,inf
417134,0.0
453069,inf
197955,inf
632304,0.0
299293,inf
135901,inf
178697,inf
180603,inf
695960,inf
602692,0.0
337115,0.0
317304,inf
27946,0.0
19691,inf
632498,inf
427353,0.0
624781,inf
598291,inf
64688,inf
373887,inf
678604,0.0
417510,inf
691390,inf
233627,inf
472429,inf
176884,inf
560036,inf
174354,inf
201044,inf
580325,inf
411161,inf
147669,0.0
135561,inf
199844,0.0
10560,inf
545374,inf
121445,0.0
545730,inf
150374,0.0
420042,0.0
126246,inf
227415,inf
675430,inf
477881,inf
47529,inf
171184,inf
257053,inf
151784,inf
557026,inf
463018,inf
284710,inf
308171,inf
354390,inf
410463,0.0
537136,inf
209644,inf
531743,inf
498319,inf
249748,0.0
625930,0.0
188221,inf
634577,inf
165499,inf
322121,0.0
35546,inf
303156,inf
45454,inf
374454,inf
225647,inf
224891,inf
283460,inf
484655,inf
279122,inf
26094,0.0
57846,0.0
457066,0.0
567600,inf
47672,inf
522684,inf
430798,inf
384525,inf
266993,inf
424447,inf
135935,inf
156498,inf
214908,inf
58711,inf
177178,inf
438597,inf
250194,inf
209500,0.0
420473,inf
24157,inf
365644,inf
294280,inf
567674,inf
274924,inf
217237,0.0
696293,inf
213295,inf
634000,inf
492930,inf
146557,0.0
683458,inf
541756,inf
145605,inf
553357,inf
269070,inf
60359,inf
401354,inf
124019,inf
91158,inf
307184,inf
482295,inf
353822,0.0
239720,0.0
163874,inf
121118,inf
384762,inf
369432,inf
450992,inf
10635,inf
597752,inf
599055,inf
490009,inf
476339,inf
257779,inf
463379,inf
254981,inf
456396,inf
524725,inf
225268,inf
478103,0.0
224359,inf
442611,inf
114008,inf
247903,0.0
5189,inf
113551,inf
579150,0.0
549965,inf
25926,inf
656569,0.0
444667,inf
338316,inf
608710,inf
552943,inf
147297,inf
202085,0.0
525651,inf
584514,inf
566702,inf
123307,inf
652708,inf
176837,inf
650089,inf
10363,inf
97330,inf
186687,inf
616621,inf
306320,inf
611933,inf
649836,inf
462548,inf
679500,inf
14192,inf
445163,inf
51133,inf
542142,inf
586728,inf
489332,inf
605071,inf
409752,inf
145459,inf
395909,inf
307344,0.0
255902,inf
152305,inf
229505,inf
227779,inf
4327,inf
267639,inf
17537,0.0
40541,0.0
511159,0.0
706960,inf
107512,inf
416063,inf
29089,inf
547875,inf
642720,inf
314568,inf
483190,0.0
538300,inf
645931,inf
168336,inf
535904,inf
477851,inf
629967,inf
19751,inf
703984,inf
137990,0.0
125941,inf
36897,inf
23101,0.0
435965,inf
606205,inf
421612,inf
564005,inf
261673,0.0
273812,inf
97855,inf
87763,0.0
704879,inf
147735,inf
177543,inf
193170,inf
683902,inf
400865,inf
625794,inf
311261,0.0
657118,inf
28839,inf
50327,inf
165929,inf
123037,inf
608209,inf
590184,inf
495286,inf
385603,0.0
590754,inf
164410,inf
402657,inf
560159,inf
268399,inf
127881,inf
167307,inf
117157,inf
494008,inf
211561,inf
44967,inf
543343,inf
385475,inf
472442,inf
473737,inf
226982,inf
193862,inf
84819,inf
187423,0.0
245861,inf
192975,inf
158803,inf
708284,inf
421267,inf
374138,inf
452956,inf
366587,inf
101175,inf
635986,inf
644242,inf
428204,0.0
586191,inf
72163,inf
325195,inf
385915,inf
202722,inf
332006,inf
327858,inf
256289,inf
640114,inf
310133,0.0
314007,inf
620066,inf
461461,inf
473402,0.0
442657,inf
551174,inf
227011,0.0
446830,inf
83585,inf
231811,inf
20983,inf
558175,inf
590146,inf
525072,inf
667691,inf
417393,inf
178644,inf
665372,0.0
329708,inf
558020,inf
561923,inf
125517,inf
9809,inf
87691,inf
417725,inf
273865,inf
94452,inf
429572,inf
577123,inf
322773,inf
127688,inf
486343,inf
7594,inf
706108,inf
18852,inf
420534,inf
332330,inf
80636,inf
113435,0.0
199960,inf
251689,inf
1895,inf
434690,0.0
43983,inf
536263,inf
199286,inf
278507,inf
379665,0.0
272410,inf
466226,inf
44976,inf
427397,0.0
436737,inf
579512,inf
35754,inf
543926,0.0
512033,inf
139257,inf
408920,inf
701260,inf
184134,inf
455490,0.0
686591,0.0
303775,inf
626567,inf
595874,inf
545249,inf
396436,inf
550931,inf
96878,inf
95948,inf
554421,inf
493347,inf
581643,inf
498401,inf
110370,inf
136055,inf
269413,inf
532751,inf
511154,inf
490796,inf
61157,inf
179079,0.0
323872,inf
650127,inf
123273,inf
471000,inf
289121,inf
624338,inf
557416,inf
229041,inf
133294,0.0
342614,inf
503092,inf
670243,inf
248240,inf
601946,0.0
629948,inf
259308,inf
151911,inf
409438,inf
25574,0.0
523217,inf
228531,inf
42421,inf
651111,inf
519301,inf
312519,inf
115106,inf
502826,inf
242286,inf
244359,inf
616880,0.0
320528,inf
636381,inf
251662,inf
690726,0.0
609972,0.0
506240,inf
229820,inf
239442,inf
507786,inf
251361,inf
412637,inf
49510,0.0
43305,0.0
243121,inf
218752,inf
517089,inf
282148,inf
668721,inf
380059,0.0
182328,inf
629343,inf
313507,inf
312977,inf
139034,inf
18205,inf
623228,0.0
658006,inf
562103,0.0
131097,inf
333140,inf
589643,0.0
265796,inf
52721,inf
340338,inf
134437,inf
243939,inf
155207,inf
609454,0.0
420083,0.0
96564,inf
326258,inf
452442,inf
354029,inf
652205,inf
287048,0.0
454373,inf
346777,inf
89242,inf
634645,inf
238263,inf
364927,inf
533823,inf
246485,inf
443818,inf
42929,inf
304816,inf
45195,0.0
131153,0.0
483323,inf
212715,inf
299937,inf
626956,inf
597222,0.0
110554,inf
438255,inf
548734,inf
341307,0.0
637360,inf
13865,inf
100851,inf
106826,inf
620659,inf
681980,inf
308045,inf
446946,inf
453618,inf
618962,inf
323710,inf
656583,inf
3188,inf
585507,inf
332431,inf
81387,inf
79133,inf
475920,inf
265742,inf
101741,0.0
679399,inf
90050,inf
387703,inf
379977,0.0
480422,inf
669955,inf
157145,0.0
477015,inf
179318,inf
190077,inf
462876,inf
118359,inf
595417,inf
245652,0.0
245816,inf
386694,0.0
1527,inf
60701,inf
215730,0.0
35525,inf
46719,inf
628978,0.0
420322,0.0
579041,inf
468221,inf
634824,inf
654072,inf
473302,inf
613891,inf
613921,inf
69744,0.0
14854,inf
219421,inf
123184,inf
90937,inf
535982,inf
416463,inf
439658,inf
193941,inf
296786,inf
103862,inf
487327,inf
632269,inf
492572,inf
677097,inf
417641,inf
214311,inf
504108,inf
141417,inf
544942,inf
630085,inf
39869,0.0
621063,inf
25738,inf
122294,inf
422209,0.0
670523,inf
265843,0.0
221034,inf
236670,inf
348094,inf
47508,inf
659268,inf
420511,inf
400286,0.0
220605,inf
530757,inf
647092,inf
706491,inf
203057,inf
702764,inf
549422,inf
229999,inf
230430,inf
551540,0.0
124714,inf
519148,0.0
298957,inf
35821,inf
206708,inf
237594,inf
46066,inf
451383,inf
444595,inf
316112,inf
662165,inf
533275,inf
485353,inf
519800,inf
158111,inf
128120,inf
68315,inf
46949,inf
376502,inf
50594,inf
610070,inf
236966,inf
283664,inf
678899,inf
50621,0.0
219394,inf
83894,inf
327286,inf
14829,inf
496461,0.0
4796,inf
321679,inf
469137,0.0
10948,inf
44504,0.0
525532,inf
338312,inf
489317,0.0
438158,inf
62680,inf
3519,inf
303704,0.0
687609,inf
371562,inf
521011,inf
604690,inf
5977,inf
502324,0.0
392399,inf
310881,inf
149640,inf
343409,inf
287414,inf
699537,inf
489145,inf
257982,inf
101450,inf
165997,inf
628840,inf
517417,inf
103257,0.0
298327,0.0
628894,inf
123468,inf
338625,inf
248413,inf
357250,inf
306513,inf
127754,inf
125831,inf
125839,inf
353898,0.0
707618,0.0
410461,inf
297739,inf
45147,inf
285753,inf
670339,inf
643814,inf
305723,inf
34386,inf
687594,inf
393305,inf
487249,inf
219999,inf
311545,inf
607831,inf
289537,inf
601694,inf
623893,inf
274940,inf
176127,inf
499002,inf
430486,inf
625786,0.0
338860,inf
514105,inf
661045,inf
479873,inf
385491,inf
624937,inf
593397,0.0
271233,inf
483506,0.0
676061,inf
359159,inf
397128,inf
67558,inf
657484,inf
279202,inf
604607,inf
225455,inf
595873,inf
386918,inf
214860,0.0
583022,inf
559384,inf
39142,inf
481727,inf
506130,inf
611227,inf
144410,inf
634842,inf
135893,0.0
143818,inf
35787,inf
408073,inf
199966,inf
506576,inf
285727,inf
595214,inf
440781,inf
169391,0.0
146497,inf
568108,inf
566114,inf
538203,inf
633428,0.0
433874,inf
530944,inf
442644,inf
473817,inf
90280,inf
444380,inf
495743,inf
40554,inf
537048,0.0
94307,inf
701537,0.0
411110,inf
523765,inf
413811,inf
343110,inf
387355,0.0
528767,inf
634211,inf
415878,inf
285565,inf
254313,inf
378618,inf
312003,inf
111374,inf
144803,inf
314979,inf
521753,inf
420084,inf
454876,inf
20418,inf
96671,inf
260914,inf
467702,inf
482863,inf
327834,inf
293975,inf
699789,inf
53310,inf
72805,inf
499220,inf
227358,inf
439976,inf
83127,inf
279139,inf
572423,0.0
335568,0.0
577088,inf
349581,inf
586168,inf
452961,inf
542031,inf
122502,inf
385840,inf
326221,inf
241532,inf
161132,inf
209098,inf
555020,inf
462185,inf
232737,0.0
408415,inf
654260,0.0
154897,inf
524269,0.0
545343,inf
370903,inf
162977,inf
392482,inf
313377,0.0
506995,inf
358853,inf
162580,0.0
546781,inf
116372,inf
307713,inf
308654,inf
164801,0.0
360475,0.0
495991,inf
461862,inf
235699,inf
680753,0.0
692134,inf
664637,inf
191248,0.0
267615,0.0
529882,inf
228404,0.0
603090,inf
552239,inf
669390,inf
541212,inf
45287,inf
665722,inf
566139,inf
371829,inf
693549,inf
120953,inf
428445,inf
635922,inf
558234,0.0
578386,inf
387498,inf
602416,0.0
578337,inf
336113,inf
575599,inf
120251,inf
344758,inf
655948,inf
83958,inf
518524,inf
82580,inf
182296,0.0
589988,inf
429120,inf
234643,inf
99085,inf
555167,0.0
707531,inf
346580,0.0
387897,inf
173936,0.0
242803,inf
147540,inf
93188,inf
20529,inf
97023,0.0
573207,inf
563900,inf
656417,inf
173969,inf
190552,inf
556883,0.0
219161,inf
577821,inf
546254,inf
347138,inf
281644,inf
101464,inf
525386,inf
537092,inf
470166,inf
136008,inf
149306,inf
133626,inf
192481,0.0
646649,inf
127695,inf
265812,0.0
349281,inf
293297,0.0
315796,inf
343415,inf
54726,inf
260776,inf
556004,inf
22049,inf
172765,inf
677909,inf
13708,0.0
593995,0.0
254655,inf
695507,inf
700565,inf
433452,inf
132757,inf
23841,inf
298537,inf
386270,inf
676161,0.0
585957,0.0
85828,inf
629100,inf
347701,inf
555264,inf
692559,inf
373928,inf
279871,inf
416033,0.0
96119,inf
573477,inf
473044,inf
411062,0.0
709590,inf
120984,0.0
650604,inf
692227,inf
511287,inf
472494,inf
424564,inf
634163,inf
406871,0.0
488732,inf
356112,inf
240170,inf
49478,inf
60158,inf
438015,inf
234115,inf
527072,0.0
204633,inf
163968,inf
57430,inf
641826,inf
272288,inf
206078,inf
410316,0.0
356275,0.0
554191,inf
373545,inf
561973,inf
689532,inf
129975,0.0
691706,inf
631682,inf
283066,0.0
312587,inf
170385,inf
629615,0.0
68746,inf
601914,inf
292062,inf
348361,0.0
603158,inf
323252,0.0
542807,inf
373489,0.0
556104,inf
85024,inf
300043,inf
355953,inf
412274,inf
267346,inf
655462,inf
69378,0.0
503174,inf
261108,0.0
276868,inf
337378,inf
129789,inf
153695,inf
309747,inf
658734,inf
655275,inf
561980,inf
471638,inf
594875,inf
479096,inf
240445,inf
246157,inf
166229,inf
222232,inf
408148,inf
316553,inf
540174,0.0
549083,inf
559018,inf
100647,inf
325379,0.0
147169,inf
608630,inf
162456,inf
104462,inf
401746,0.0
310496,inf
236496,0.0
352086,0.0
319961,inf
284022,inf
141097,inf
647962,inf
229025,inf
73823,inf
428440,inf
176319,inf
270011,inf
674978,inf
494448,inf
4122,inf
539497,inf
159333,inf
214078,inf
227238,inf
571205,inf
398455,0.0
399282,inf
178917,inf
644513,inf
542307,inf
220428,inf
658874,0.0
556032,inf
406603,0.0
297513,0.0
380852,inf
52601,inf
627469,inf
142850,inf
597948,inf
145022,inf
433052,inf
82996,inf
189186,inf
72783,inf
54597,0.0
489860,inf
123449,0.0
450555,inf
303345,inf
167229,0.0
159598,inf
135090,inf
395664,inf
133171,inf
106145,inf
675879,inf
532493,inf
127564,inf
414949,inf
497572,inf
663575,0.0
595352,inf
168936,0.0
426530,0.0
539500,inf
98742,inf
426857,inf
694963,inf
470392,inf
302844,inf
53037,0.0
464261,0.0
660859,inf
176545,0.0
136642,inf
497637,inf
698488,inf
337897,inf
310212,inf
191644,inf
556568,inf
561510,inf
423118,inf
50965,0.0
479994,inf
710686,inf
198322,0.0
28585,inf
551179,inf
212519,inf
543968,inf
619046,inf
590090,inf
428744,0.0
373840,inf
627776,inf
687507,inf
582080,inf
178899,inf
80945,0.0
636143,inf
303166,inf
640735,inf
137503,inf
560256,inf
555177,inf
631174,inf
651562,0.0
558073,inf
417327,inf
336427,0.0
5607,inf
68719,inf
695379,inf
379243,inf
235670,inf
329884,inf
253068,inf
168276,inf
43722,inf
316431,inf
143145,inf
219505,inf
458300,inf
86059,inf
367345,inf
102025,inf
85553,inf
368739,inf
471313,inf
633010,0.0
598270,inf
177239,inf
336107,inf
407560,inf
676068,inf
321818,inf
428424,inf
224295,inf
622271,inf
284902,0.0
496186,inf
26938,inf
142917,inf
661192,inf
25491,0.0
188115,inf
409654,inf
77374,inf
33370,inf
668259,inf
205567,0.0
467953,inf
56898,inf
450679,0.0
628216,0.0
85804,inf
156681,0.0
173139,inf
130003,inf
404802,0.0
613671,inf
269517,inf
330863,inf
79083,inf
262628,inf
710011,inf
151467,inf
534679,0.0
558940,inf
432521,inf
53177,inf
252924,0.0
245918,inf
585381,inf
29845,inf
571363,inf
656956,inf
235988,0.0
700721,inf
159573,inf
682368,inf
204516,inf
209159,0.0
432526,0.0
563301,inf
431569,inf
169137,inf
148833,inf
56114,0.0
168195,0.0
274414,inf
518883,inf
530576,inf
92308,inf
551272,inf
84056,inf
694599,inf
366880,0.0
682716,inf
169597,inf
60411,inf
295261,inf
710684,inf
520153,inf
709192,inf
201104,inf
333552,inf
639241,inf
109056,inf
157871,inf
523751,inf
37865,inf
683356,inf
672297,0.0
474142,inf
433616,inf
148750,inf
241667,inf
167968,inf
393154,inf
84248,inf
220425,inf
431462,inf
174260,inf
325825,inf
252298,inf
579517,inf
215163,inf
565668,inf
48889,inf
302983,inf
22186,inf
680972,inf
528071,inf
94643,inf
359703,inf
271384,inf
300218,inf
643661,inf
94492,inf
341175,inf
6731,inf
327125,inf
434428,inf
423058,inf
521927,inf
372887,inf
233437,inf
365609,0.0
356911,inf
242476,inf
504121,inf
859,inf
326267,inf
112487,inf
691045,inf
319243,inf
75855,inf
439216,0.0
238360,0.0
138933,inf
551606,0.0
202891,inf
572595,inf
292824,inf
247783,inf
498873,0.0
429521,inf
440052,inf
697874,0.0
89190,inf
73811,0.0
57234,0.0
504266,inf
138822,inf
444920,inf
50090,inf
318955,inf
448142,inf
652248,inf
284654,inf
270189,inf
194433,inf
93429,inf
539136,inf
403947,0.0
193703,inf
517514,0.0
441765,0.0
278406,inf
352417,inf
514508,inf
518602,0.0
428758,inf
134107,inf
651590,0.0
260490,inf
371624,0.0
511974,inf
589159,inf
284097,inf
356258,0.0
381140,inf
245965,inf
519452,inf
78391,inf
409692,inf
514576,0.0
182437,inf
269232,inf
436353,0.0
371304,inf
61383,0.0
20922,inf
176845,inf
64441,0.0
29488,0.0
566293,inf
50060,inf
682047,0.0
249545,inf
473828,0.0
324539,inf
174367,0.0
352436,inf
377325,inf
27882,inf
16088,inf
290161,inf
121855,inf
285923,inf
616036,inf
676515,inf
577110,inf
422965,inf
165514,inf
23205,inf
352565,inf
315464,inf
685915,inf
122804,inf
149837,inf
78118,0.0
429372,inf
454573,inf
36132,0.0
691667,0.0
170021,inf
99809,inf
301885,inf
201337,inf
97535,inf
142763,inf
609329,0.0
87801,0.0
259138,inf
534474,inf
416098,inf
570451,inf
354424,inf
433012,inf
425468,inf
527983,inf
617577,inf
565704,inf
534911,inf
136548,inf
632822,inf
681111,inf
68614,inf
147340,inf
405862,inf
282167,inf
270853,inf
398116,inf
173197,inf
452379,0.0
14596,inf
440033,inf
564938,inf
531863,inf
330237,0.0
90597,inf
538466,inf
31366,inf
678994,inf
141380,inf
232451,inf
664501,inf
106861,inf
630373,0.0
313635,inf
643480,0.0
83905,inf
217457,inf
679692,inf
649360,inf
401413,inf
238114,inf
199617,0.0
480301,inf
627515,inf
570340,inf
578590,0.0
102876,inf
605469,inf
583192,inf
188646,inf
521902,inf
239990,inf
221857,inf
685868,0.0
247449,inf
250087,inf
356951,inf
475847,0.0
273670,inf
702821,0.0
207760,inf
560457,inf
691698,inf
633598,inf
401837,inf
379297,inf
89749,0.0
72079,inf
369086,inf
305126,inf
679654,inf
379102,inf
165682,inf
322426,inf
269962,inf
109380,inf
166050,inf
148492,inf
373975,inf
558134,0.0
108551,inf
129510,inf
657331,inf
591562,0.0
273667,inf
219191,inf
489771,0.0
561171,inf
471426,inf
142210,inf
486886,inf
9702,0.0
444003,0.0
179895,0.0
380039,inf
276004,inf
180477,inf
38277,inf
592440,inf
101968,0.0
582369,inf
308947,0.0
551848,inf
361643,inf
670770,inf
629039,inf
70761,inf
467773,inf
123816,inf
564186,inf
118958,inf
528364,inf
664763,inf
589628,inf
261618,inf
147412,inf
655070,0.0
218689,0.0
35870,inf
374203,inf
630113,inf
536611,inf
6290,0.0
382851,inf
364644,0.0
78043,inf
537688,inf
598067,inf
427,inf
517383,0.0
271708,inf
11781,inf
513436,inf
653308,inf
660300,inf
328378,inf
654644,inf
492426,0.0
627013,inf
399636,inf
488919,inf
526604,inf
487404,inf
184196,inf
379892,inf
434596,inf
74634,inf
400939,inf
177444,0.0
335882,inf
57482,inf
392774,0.0
60903,inf
212802,inf
672726,inf
531747,inf
586004,inf
167227,inf
505861,inf
34944,inf
52183,inf
500135,inf
143000,inf
505567,0.0
3840,inf
326482,inf
277523,inf
638249,inf
133068,inf
82542,inf
681544,inf
315046,inf
220699,inf
512319,inf
698563,inf
392611,0.0
337141,inf
619001,inf
471616,inf
693186,0.0
692224,inf
337945,inf
312573,inf
215626,inf
417476,inf
479728,inf
500668,inf
46930,inf
623312,inf
449159,inf
8871,inf
147430,inf
437739,inf
419760,inf
421564,0.0
44968,inf
197103,0.0
707399,inf
319789,inf
497763,inf
421462,inf
618204,0.0
671650,0.0
296421,inf
613206,inf
235759,inf
388091,inf
624735,inf
131547,inf
361783,0.0
37602,inf
119653,inf
409327,inf
684429,inf
121767,inf
103046,inf
235679,inf
60673,inf
458097,inf
354058,0.0
70634,inf
383153,inf
611377,inf
17917,inf
8223,inf
549573,0.0
205665,inf
400471,inf
189958,inf
62708,inf
106454,inf
175997,inf
366099,inf
572110,inf
188464,inf
376504,inf
516194,inf
11078,inf
582436,0.0
166806,inf
163757,inf
309015,inf
559044,inf
38436,inf
207525,inf
574530,inf
225041,inf
535702,inf
150034,inf
141724,inf
479675,inf
422063,inf
129779,inf
542054,inf
83935,inf
174570,0.0
603121,inf
531592,inf
301015,inf
411193,inf
198794,inf
663198,inf
479772,inf
692861,inf
231290,inf
613892,inf
557063,inf
554751,inf
460407,inf
251147,inf
269133,inf
35994,inf
440245,inf
568914,inf
74492,inf
623402,inf
461441,inf
421216,0.0
540035,inf
523992,inf
480466,inf
515898,inf
417386,0.0
682389,inf
282032,inf
511155,inf
114936,inf
260423,inf
324455,0.0
366255,0.0
69865,0.0
624426,inf
707273,inf
180608,0.0
173702,inf
294039,inf
282927,0.0
7812,inf
482827,0.0
473415,inf
167388,inf
154924,inf
393659,inf
227236,inf
73269,inf
432898,inf
393621,inf
630943,inf
340039,0.0
83338,0.0
260852,inf
200561,inf
255119,inf
43886,inf
296526,0.0
300340,inf
637464,inf
592442,inf
585144,inf
6333,inf
352024,inf
20998,inf
221777,inf
12994,inf
712004,inf
97803,inf
282935,0.0
696714,inf
572657,inf
552367,inf
304184,inf
136790,inf
278361,0.0
115808,inf
515227,inf
489889,inf
699726,inf
677167,inf
521302,inf
97623,inf
562765,inf
190018,inf
699748,inf
586389,inf
500883,inf
612844,inf
653436,0.0
606688,inf
217902,0.0
265487,inf
253609,inf
41810,0.0
540467,inf
339805,inf
75805,inf
207949,inf
614987,inf
104088,inf
235881,inf
311062,inf
680684,inf
322189,0.0
561675,0.0
710676,inf
561799,inf
387221,inf
564103,inf
373037,0.0
380775,inf
705490,inf
119418,inf
424537,inf
380452,inf
302774,inf
141891,inf
370460,inf
421980,inf
434339,inf
498806,inf
664889,0.0
563941,inf
406195,inf
422544,inf
144575,inf
127818,0.0
670035,inf
542201,inf
644128,inf
684790,0.0
346226,inf
137664,0.0
164608,0.0
630894,inf
348235,0.0
454910,inf
547704,0.0
172256,inf
501204,inf
117421,inf
110696,inf
472894,inf
194840,inf
177815,inf
362733,0.0
710204,inf
616787,0.0
636412,inf
241830,0.0
228979,0.0
664216,inf
347212,inf
105518,inf
414860,0.0
702923,inf
123620,inf
482274,0.0
30055,0.0
311089,inf
495439,inf
165189,inf
85125,0.0
93500,inf
509476,inf
314560,inf
401244,inf
441576,inf
485473,inf
370696,inf
220089,inf
505485,inf
634864,inf
21990,inf
80550,inf
379417,inf
562044,inf
44256,0.0
352507,inf
250740,inf
109902,inf
452530,inf
705414,inf
441836,0.0
527503,0.0
257081,inf
360211,inf
271295,inf
618426,inf
561014,inf
511150,inf
590449,inf
74761,inf
18082,0.0
138139,inf
433985,inf
71169,inf
238594,inf
158788,inf
317046,inf
480840,inf
274834,inf
258996,inf
617202,inf
627147,inf
570158,inf
80024,inf
627760,inf
75224,inf
398135,inf
116016,inf
426115,inf
370284,inf
664740,inf
305646,inf
418085,0.0
125232,0.0
683539,inf
7576,inf
227488,inf
141788,inf
205228,inf
25476,inf
286257,inf
134411,inf
205009,0.0
13265,inf
462470,inf
535790,0.0
314709,inf
404767,inf
131848,inf
105631,inf
359244,inf
279295,inf
89758,0.0
549788,inf
395196,inf
403099,inf
198141,inf
596913,inf
546350,inf
638567,inf
329959,inf
349360,0.0
405505,inf
384259,inf
536609,inf
571101,inf
236009,inf
448349,inf
333467,0.0
574018,inf
205608,inf
290956,inf
533521,inf
697959,inf
147484,0.0
625500,inf
510140,inf
31687,inf
428116,inf
458511,inf
435015,inf
636036,inf
28606,inf
23709,inf
377193,inf
638679,inf
235702,inf
182611,0.0
232459,inf
357121,inf
547017,inf
252361,inf
145526,inf
229258,inf
104364,0.0
304786,inf
147289,inf
423510,inf
494204,inf
134373,inf
292903,inf
8544,inf
16454,inf
556274,inf
694554,0.0
384847,inf
558172,inf
37675,inf
168434,inf
429668,inf
43680,inf
34465,inf
47306,inf
65623,inf
651716,inf
446073,inf
518648,inf
113491,inf
177828,inf
549475,inf
156653,inf
269705,inf
634681,inf
706828,inf
359865,0.0
628028,inf
13976,inf
371342,inf
556773,inf
22623,inf
173531,inf
363869,inf
449046,0.0
135501,inf
74936,inf
273752,inf
295389,inf
119407,inf
644539,inf
327283,inf
27077,inf
394190,inf
86468,inf
95225,inf
134577,inf
199456,inf
162698,inf
562695,inf
196532,inf
112831,inf
420251,0.0
518738,inf
433500,inf
446362,inf
295869,inf
540784,inf
109509,0.0
528624,inf
433331,inf
1704,inf
637945,inf
551712,inf
238099,inf
694182,inf
615,inf
1601,0.0
146914,inf
317725,inf
673842,inf
46200,inf
241821,0.0
136520,inf
43540,inf
346377,0.0
622396,inf
261088,0.0
547756,0.0
660549,inf
490103,inf
333997,inf
599670,inf
477786,inf
508513,inf
347497,inf
340531,0.0
568605,inf
52454,inf
382371,inf
537739,inf
63961,0.0
6248,inf
601802,0.0
665841,inf
345804,inf
382883,0.0
258305,inf
400542,0.0
103703,inf
483067,0.0
428205,inf
428091,inf
159140,inf
348467,inf
181940,inf
450595,0.0
647903,inf
443189,inf
704253,inf
280250,inf
37249,inf
567080,inf
517604,inf
190131,inf
678431,inf
580629,inf
350551,inf
241715,0.0
700288,0.0
681824,inf
256398,inf
579676,inf
674912,inf
535809,inf
124689,inf
618903,inf
538005,inf
368703,inf
296507,inf
118121,inf
653594,inf
300712,0.0
129814,0.0
643543,inf
560848,inf
547761,inf
291709,0.0
388817,inf
649038,inf
159566,inf
634685,inf
438899,inf
596798,inf
223724,inf
269234,inf
560817,inf
219509,inf
75860,inf
52369,0.0
51591,inf
394655,inf
451956,inf
441915,inf
88978,inf
697674,inf
317914,inf
271142,inf
190361,inf
604300,inf
112173,0.0
392058,0.0
558,inf
661783,inf
493446,inf
190136,inf
536995,0.0
303196,inf
648501,inf
662663,inf
480207,inf
452310,inf
231494,inf
579176,inf
594738,inf
698519,inf
434434,inf
49723,inf
559719,inf
481003,0.0
381774,inf
666798,inf
511321,inf
20884,inf
245064,inf
26464,inf
88574,inf
564977,inf
334938,0.0
1804,inf
134023,inf
214085,0.0
527593,inf
376759,inf
538421,inf
305756,inf
80142,inf
605372,inf
319046,inf
412514,inf
176024,inf
370381,0.0
597624,inf
231355,inf
392326,inf
389608,inf
428165,0.0
630571,inf
383681,inf
242759,inf
478540,inf
127030,inf
415835,inf
139554,inf
316209,inf
24387,inf
36158,inf
177003,inf
205299,inf
446554,inf
258286,0.0
25607,inf
61735,inf
658035,inf
424517,0.0
224826,inf
5196,inf
46568,inf
428172,0.0
137267,inf
568046,inf
430655,inf
540233,inf
396473,0.0
645116,0.0
164420,inf
374535,inf
348463,inf
19904,inf
571767,inf
710608,inf
347488,inf
701442,inf
385363,inf
362024,inf
321296,inf
414684,inf
29005,inf
419986,inf
56804,inf
14265,inf
92666,0.0
69330,inf
517040,inf
462189,inf
455145,inf
104172,inf
407029,inf
69948,inf
528150,inf
152366,0.0
176559,inf
663720,inf
395864,inf
103631,inf
224527,inf
188831,inf
555565,inf
675051,inf
257950,inf
275358,inf
583119,inf
616660,inf
289208,inf
326047,inf
338723,inf
299895,0.0
212520,inf
257612,inf
310851,inf
34180,inf
323355,inf
411101,inf
239584,inf
22539,inf
72516,inf
274230,inf
266461,0.0
82203,inf
26317,inf
380078,inf
38940,0.0
64542,inf
703681,inf
407416,inf
459374,inf
251144,inf
240196,inf
640810,inf
228566,inf
578054,0.0
41296,inf
617901,inf
166925,inf
341310,inf
231422,inf
317215,0.0
515349,inf
370512,inf
700997,inf
564640,inf
292210,inf
299708,0.0
109097,inf
415419,inf
475192,inf
439937,inf
50813,inf
279953,inf
368998,inf
439844,inf
50599,inf
373919,inf
124177,inf
534608,inf
337638,inf
497757,inf
72722,inf
587567,inf
138229,inf
165822,0.0
605877,inf
249039,inf
94499,inf
661931,inf
545617,inf
213171,inf
614094,inf
545585,inf
340313,0.0
418400,inf
114740,inf
679012,0.0
236719,0.0
706940,inf
307285,inf
127803,0.0
475268,inf
275280,0.0
11624,inf
300613,inf
309030,inf
506279,inf
565435,0.0
228360,inf
426874,inf
281583,inf
274141,0.0
449209,0.0
133591,inf
360009,inf
191953,inf
592999,0.0
336444,0.0
519658,inf
711776,inf
399372,inf
621168,inf
345591,inf
586115,inf
418814,inf
516897,inf
29115,inf
642869,inf
75593,0.0
286784,0.0
341869,inf
592626,inf
92866,inf
187976,inf
333418,inf
35409,inf
567114,inf
589345,inf
181094,inf
539157,inf
97026,inf
579793,inf
131060,inf
629284,inf
14489,0.0
434444,0.0
441527,inf
461947,inf
304549,inf
210331,inf
132666,inf
56925,0.0
78454,inf
296154,inf
597226,inf
392457,inf
573715,inf
12413,0.0
166885,inf
350553,0.0
401528,inf
11196,inf
667952,inf
98361,inf
378024,inf
517655,inf
395076,inf
86734,inf
531998,inf
708252,inf
173892,inf
652298,0.0
471729,inf
312480,0.0
135213,inf
596941,inf
148637,inf
7734,inf
503700,inf
68488,inf
95750,0.0
501705,0.0
302763,inf
344656,inf
454168,0.0
200152,inf
464475,0.0
630288,inf
182252,inf
116883,inf
449232,inf
95715,inf
639091,inf
247075,inf
223984,0.0
102179,inf
70534,inf
514367,inf
265392,inf
162642,0.0
105187,inf
210221,0.0
442680,inf
195408,inf
15473,inf
312877,inf
197454,inf
409004,inf
569244,inf
538616,inf
251918,0.0
224774,inf
552618,inf
588706,inf
109195,inf
681662,inf
234662,inf
15824,inf
496584,inf
77651,inf
478016,inf
232339,inf
11141,inf
297292,inf
450829,inf
122948,inf
133746,inf
178105,inf
650931,inf
81223,inf
643865,inf
86806,inf
45542,inf
121018,inf
87161,inf
562605,inf
608767,inf
226262,inf
439202,inf
171729,inf
520963,inf
61482,inf
324486,inf
506439,0.0
518523,inf
623721,inf
245038,inf
311378,inf
482348,inf
468216,0.0
104257,inf
284765,inf
435854,0.0
387867,0.0
689989,inf
659787,inf
456261,inf
124920,inf
546007,0.0
171350,inf
574866,inf
412471,inf
196535,inf
52908,inf
279489,inf
168132,inf
480029,0.0
382843,inf
179085,inf
403993,inf
41149,inf
38608,inf
560005,inf
529712,inf
443952,inf
632099,0.0
558852,inf
3966,inf
416172,0.0
32452,inf
246880,inf
378412,inf
359948,0.0
333976,0.0
687499,inf
100683,inf
466495,inf
645181,inf
553939,inf
4264,inf
113630,0.0
161466,inf
617660,inf
241387,0.0
849,inf
249637,0.0
681146,inf
510817,inf
619651,inf
573518,inf
365835,inf
535895,inf
219316,inf
155166,0.0
100835,inf
685851,inf
503445,inf
320867,inf
468156,inf
358685,inf
475412,inf
131967,inf
183344,inf
290695,inf
218341,inf
487650,0.0
117420,inf
641065,inf
510066,inf
94641,inf
426156,inf
306902,inf
151413,0.0
193549,inf
598005,inf
638577,inf
648110,inf
694474,0.0
93511,inf
689985,0.0
259160,inf
139609,0.0
560008,inf
693770,inf
607675,inf
553717,inf
298763,0.0
82044,inf
373621,inf
482739,inf
168209,inf
231941,0.0
356766,inf
166580,0.0
422113,inf
258404,inf
362638,inf
207249,inf
409749,inf
63983,0.0
637271,inf
182971,inf
337767,inf
363375,inf
654397,inf
279807,inf
65619,inf
338503,0.0
583000,inf
57007,inf
368153,0.0
523433,inf
183401,0.0
615597,inf
571417,0.0
304806,inf
306124,inf
605605,inf
235216,inf
18895,inf
236151,inf
364903,inf
352940,inf
567521,inf
184068,inf
109166,inf
24569,inf
604754,inf
467356,inf
463924,inf
394903,inf
544003,inf
361535,inf
189545,inf
45783,inf
233401,inf
389057,inf
404867,inf
294264,inf
151940,inf
128726,inf
132250,inf
484096,inf
439846,inf
285400,inf
686790,inf
172749,inf
77144,inf
518720,inf
666934,inf
195085,inf
580997,inf
395143,inf
36229,inf
453955,0.0
370216,inf
391161,inf
371039,inf
247253,inf
89304,inf
458582,inf
463763,inf
97540,inf
690310,inf
607122,0.0
640982,inf
128702,0.0
486945,0.0
369757,inf
561788,inf
543328,inf
38205,0.0
402726,inf
24406,inf
543355,inf
356315,inf
522726,inf
308349,inf
349425,inf
360600,inf
220482,inf
206004,inf
226580,inf
382784,inf
453912,inf
557972,0.0
73891,inf
41634,0.0
513722,inf
159250,inf
250352,inf
705257,inf
167612,inf
701948,inf
307463,0.0
46046,inf
338219,inf
126211,inf
643663,inf
691069,inf
277460,inf
388319,inf
675651,inf
346033,inf
100331,inf
531806,0.0
477357,inf
651435,inf
559614,inf
86592,inf
240663,inf
381516,inf
144126,inf
218685,inf
344174,0.0
10048,inf
679011,inf
409964,0.0
573212,inf
208607,inf
203986,inf
198288,0.0
260314,inf
14969,inf
571962,inf
162969,inf
502837,inf
577579,inf
184305,inf
170375,inf
576439,inf
650838,inf
216084,inf
334578,inf
419272,inf
227929,inf
68282,inf
390693,0.0
161246,inf
427339,inf
516807,inf
447878,inf
409675,inf
255371,inf
687543,inf
296713,inf
348752,inf
18543,inf
668120,inf
506053,inf
407551,inf
528477,inf
458029,inf
495649,0.0
572390,inf
661730,inf
375469,inf
83371,inf
338951,inf
656773,inf
278979,0.0
384842,inf
367964,inf
654561,0.0
350507,inf
520156,0.0
444883,inf
649698,inf
167377,0.0
434234,inf
385888,inf
405704,inf
510941,0.0
43953,inf
560552,inf
341321,0.0
125615,inf
577400,inf
327582,inf
592842,inf
143739,0.0
619015,0.0
356221,inf
126008,inf
537639,0.0
294225,inf
489499,inf
330815,inf
421605,0.0
136444,inf
59376,inf
208934,inf
415283,inf
638241,inf
198206,inf
137475,inf
86508,inf
464347,0.0
318445,0.0
625678,inf
96043,inf
59172,inf
559225,inf
297006,0.0
616708,inf
322596,inf
536644,inf
569953,inf
348577,inf
312301,inf
667403,inf
471833,inf
427822,inf
601307,inf
666239,inf
512964,inf
272981,inf
9020,inf
696229,inf
592812,inf
161954,inf
469609,inf
518187,inf
702771,inf
492556,inf
583051,inf
424074,inf
320298,inf
33202,inf
109547,0.0
437722,inf
682209,inf
463346,inf
370418,inf
592242,0.0
656237,inf
700572,inf
89100,inf
200955,inf
435503,inf
210720,inf
489606,inf
315076,inf
81625,inf
181936,inf
660424,inf
484375,inf
361860,inf
587512,0.0
674607,inf
568423,inf
662954,inf
86868,inf
284395,inf
497223,inf
65783,inf
665062,inf
466841,0.0
424106,inf
696567,inf
210182,inf
162623,inf
173448,inf
212641,inf
143889,inf
174100,inf
434282,inf
43779,inf
255522,inf
27854,inf
514017,0.0
346625,inf
646505,inf
235758,inf
13535,inf
622561,inf
582901,inf
295154,inf
98736,inf
473986,inf
333554,inf
448518,inf
440971,inf
515239,inf
203980,inf
190368,inf
267875,inf
436419,inf
27708,inf
335664,inf
474867,inf
700501,inf
472211,inf
677799,inf
535425,inf
530868,inf
417933,inf
108046,inf
587063,inf
144493,inf
126678,inf
31390,0.0
118321,inf
413962,inf
673077,inf
106429,0.0
220902,inf
683628,inf
479592,inf
343607,0.0
566462,inf
488809,inf
551542,0.0
407687,inf
706906,inf
397364,inf
431671,inf
449335,inf
476919,0.0
356589,inf
336270,inf
257142,inf
162095,inf
665273,0.0
149247,inf
30903,inf
157405,inf
520637,inf
336464,inf
22478,0.0
616404,inf
327378,inf
433255,inf
546851,inf
539123,0.0
294718,inf
85231,inf
169655,inf
351245,inf
268346,inf
507405,inf
223780,inf
393533,inf
598209,inf
189756,inf
341485,inf
615651,inf
354881,inf
591695,inf
677533,0.0
489131,inf
48252,inf
621512,inf
153805,inf
23965,inf
620872,inf
225101,inf
254507,inf
660157,inf
40693,0.0
185417,inf
124960,0.0
107483,inf
674735,inf
508697,inf
199345,inf
608934,inf
212257,inf
483370,inf
682505,inf
374490,inf
346175,0.0
247076,inf
497756,0.0
19979,inf
635904,0.0
689572,inf
544622,inf
288511,inf
176549,inf
507296,inf
43867,inf
704932,inf
128950,inf
568640,inf
123562,inf
423097,0.0
95294,inf
202152,0.0
693359,inf
192244,inf
398719,0.0
448877,inf
404377,inf
605370,0.0
578545,inf
332389,inf
424883,inf
64526,inf
346919,inf
466366,inf
278761,0.0
28546,inf
50879,inf
562208,inf
672430,inf
281654,inf
701105,inf
302335,inf
561028,inf
679466,inf
701497,0.0
403264,inf
187371,inf
679718,inf
696271,inf
208781,inf
285134,inf
44780,inf
87533,inf
68670,inf
613964,inf
374332,inf
306037,inf
394607,0.0
348046,inf
625222,inf
60580,inf
157533,inf
308186,inf
705798,inf
23358,inf
442958,inf
184027,inf
237721,inf
200391,inf
428320,inf
621163,inf
57021,0.0
449667,inf
622424,inf
412721,inf
586184,inf
567528,inf
658052,inf
392612,inf
116178,inf
24590,0.0
403847,inf
317695,0.0
219140,inf
222476,inf
103047,inf
570772,inf
645808,inf
155718,inf
458910,inf
38985,inf
551500,inf
121355,inf
521377,inf
137597,inf
397551,inf
654358,inf
9319,inf
86794,inf
505214,inf
578760,inf
271574,inf
262970,0.0
348663,0.0
381104,inf
160736,0.0
441159,inf
258693,inf
527964,inf
682589,inf
195031,inf
52906,inf
298771,inf
433415,inf
396752,inf
146227,0.0
394448,inf
625883,inf
453663,inf
550643,inf
162201,inf
189473,inf
509147,inf
186016,0.0
273943,inf
198580,0.0
13964,inf
72585,inf
319008,inf
316546,inf
290052,inf
340476,inf
307870,inf
690793,inf
433768,inf
656141,inf
474553,inf
107789,inf
627672,inf
47397,inf
634135,0.0
610305,0.0
383440,0.0
355660,inf
610639,inf
172743,inf
599368,inf
169928,inf
160356,0.0
407844,inf
657576,inf
445236,inf
676008,inf
127693,inf
560149,inf
373295,0.0
462758,inf
483392,inf
476750,0.0
477422,0.0
315916,inf
387100,inf
177001,inf
69916,0.0
609802,inf
437931,inf
120127,inf
18292,inf
605633,inf
707519,inf
28953,inf
194952,inf
140221,inf
146562,inf
18644,inf
114763,inf
133137,inf
53243,inf
423762,0.0
551853,inf
308570,inf
591946,inf
470531,inf
51589,inf
423807,inf
420940,inf
694861,inf
366610,0.0
505394,inf
348035,inf
158985,inf
329692,inf
455709,0.0
616268,inf
112539,0.0
79331,inf
49140,inf
532896,0.0
466277,0.0
325284,inf
608204,inf
239936,inf
334554,inf
665723,inf
140885,inf
646740,inf
546437,inf
149846,0.0
359128,0.0
205472,inf
140735,0.0
492055,inf
424556,inf
209968,inf
545953,inf
270445,inf
475332,inf
314836,0.0
615196,inf
440935,0.0
384228,inf
422663,inf
674054,inf
95692,inf
495324,inf
412310,inf
111917,inf
652194,inf
29626,0.0
390407,inf
286633,inf
169756,inf
594005,inf
513803,inf
640133,inf
284374,inf
157678,inf
529473,inf
90445,inf
236245,0.0
620769,inf
664143,inf
25693,inf
288920,inf
698834,inf
511226,inf
598517,inf
500758,inf
613646,inf
558282,0.0
33353,inf
127722,inf
17922,inf
554400,0.0
295117,inf
199740,inf
415478,inf
455459,inf
203304,inf
249058,inf
361348,inf
701011,inf
583732,0.0
358841,0.0
163663,inf
419171,0.0
467875,inf
436652,inf
666776,inf
705679,inf
408338,inf
279661,inf
201039,0.0
253011,inf
640890,inf
98090,inf
368298,inf
7428,inf
5713,inf
705047,0.0
510632,inf
609749,0.0
247424,inf
279574,inf
208198,inf
496873,inf
651146,inf
710488,0.0
475010,inf
434470,inf
623227,inf
639335,0.0
542077,inf
544795,inf
316984,inf
269996,0.0
201117,inf
218314,inf
684018,0.0
286707,inf
658471,inf
482666,inf
71737,inf
447087,0.0
634751,inf
567122,inf
86535,inf
93914,inf
218799,inf
705772,inf
367875,inf
211760,inf
603955,inf
95891,inf
285046,0.0
570153,0.0
84094,0.0
119180,inf
669678,inf
85415,inf
93380,inf
651947,0.0
551935,inf
370867,0.0
626137,0.0
24315,0.0
212612,inf
649151,inf
127293,inf
6918,inf
369517,inf
632878,inf
429355,inf
428780,inf
112887,0.0
299887,0.0
231988,inf
336672,inf
433519,inf
54696,inf
490311,inf
54804,inf
619361,inf
62234,inf
670512,0.0
231603,inf
395266,inf
416802,inf
636431,inf
344580,inf
268538,inf
263138,0.0
326012,0.0
157304,0.0
235542,inf
432522,inf
185547,inf
35894,inf
305667,inf
384815,inf
214289,0.0
698967,inf
690378,inf
149082,inf
687483,inf
5517,inf
680897,inf
73854,0.0
272500,inf
596199,inf
239134,inf
413530,inf
105560,inf
652341,inf
442615,inf
49305,0.0
494889,inf
237757,inf
498280,inf
497090,inf
697268,inf
449327,inf
651827,inf
359548,inf
480277,inf
34523,inf
537345,0.0
207841,inf
487964,0.0
620061,inf
572220,inf
36559,inf
446150,inf
274407,inf
541117,inf
565875,inf
377229,inf
436952,inf
48861,inf
185811,inf
201477,inf
344221,inf
230486,inf
296165,inf
365075,0.0
652267,0.0
502508,inf
445285,inf
140389,inf
501366,0.0
544730,inf
26377,0.0
604571,inf
485555,inf
554448,inf
164705,inf
127960,inf
64469,inf
6529,inf
81084,inf
327259,inf
196262,inf
674856,inf
419447,inf
268683,0.0
575559,inf
683800,inf
390833,0.0
149694,inf
282835,inf
566341,inf
29351,inf
647731,inf
500566,inf
95629,inf
464571,inf
208707,inf
536797,inf
631078,inf
337903,0.0
177852,inf
641332,0.0
334173,inf
346648,inf
447302,inf
216990,inf
559627,inf
504432,inf
635798,inf
344756,inf
226342,inf
318823,inf
20030,inf
649771,inf
681712,inf
78368,inf
230169,0.0
269712,inf
350613,inf
334728,inf
705742,inf
93752,inf
123817,inf
674479,0.0
650301,inf
196898,inf
379422,inf
585486,inf
412725,inf
183334,inf
73995,inf
447000,inf
560785,inf
359727,inf
375769,inf
397797,inf
1249,0.0
149557,inf
290724,inf
387464,inf
313757,inf
529039,inf
296291,inf
613203,inf
464523,inf
161982,inf
382005,inf
7325,inf
118429,inf
123766,inf
7349,0.0
565135,inf
24934,inf
286099,inf
490877,inf
1646,0.0
689986,inf
320579,inf
448748,0.0
609387,inf
236865,inf
525297,inf
113400,inf
619381,inf
227213,inf
545562,inf
435926,inf
299301,inf
39042,inf
365256,inf
587207,inf
176364,inf
400575,inf
549959,inf
166699,inf
294311,inf
420407,0.0
237202,0.0
564349,inf
128089,inf
657221,inf
64990,inf
178445,0.0
651768,inf
635799,inf
693489,inf
278415,inf
211688,inf
20064,inf
500308,0.0
531913,inf
707941,inf
430737,inf
691371,inf
507152,inf
401650,inf
695469,0.0
529548,inf
90477,inf
206458,inf
597930,inf
524473,inf
336083,inf
403801,inf
410240,inf
512028,inf
519038,inf
56041,inf
265541,inf
114150,inf
526886,inf
454888,inf
147743,inf
572115,inf
99501,inf
179373,0.0
387757,0.0
202281,inf
709512,inf
216135,inf
612863,inf
328771,inf
573491,inf
192733,inf
44353,inf
236331,0.0
553304,inf
427445,inf
493316,0.0
313523,inf
3276,inf
308662,inf
356016,inf
431161,inf
61175,inf
26842,inf
430126,inf
124623,inf
537631,inf
216434,inf
294400,inf
422037,inf
102501,inf
329904,0.0
103006,0.0
469127,inf
5005,inf
220894,inf
401783,inf
217527,inf
308724,inf
409873,0.0
215493,inf
342547,inf
294512,inf
292513,inf
319506,0.0
517696,inf
665016,inf
423765,0.0
62653,inf
20054,inf
711589,inf
87936,inf
241745,inf
360134,inf
334166,inf
255085,inf
555805,inf
150656,inf
283775,inf
601948,inf
613748,inf
261608,inf
233811,inf
106579,inf
532149,inf
344688,inf
551815,0.0
52623,inf
436822,inf
621596,inf
236567,0.0
277582,0.0
83494,inf
332826,inf
575616,inf
562805,0.0
531812,inf
376185,inf
623342,inf
13193,inf
595749,inf
28132,inf
454835,inf
412617,inf
304788,inf
86421,0.0
623013,inf
530097,inf
410760,0.0
281652,inf
588827,0.0
439040,inf
30154,inf
93004,inf
316157,inf
114511,inf
170180,0.0
138530,inf
565268,inf
287711,inf
4654,inf
202434,inf
532308,0.0
307343,inf
521051,inf
149288,inf
234023,inf
97087,inf
429812,inf
596142,0.0
409309,inf
683636,inf
686370,inf
250776,inf
417799,inf
550028,inf
251533,0.0
390133,inf
269077,inf
27655,inf
500586,inf
112695,inf
650864,inf
321964,inf
660961,inf
492385,0.0
552076,0.0
613893,0.0
629401,inf
549055,inf
112892,inf
121451,inf
641261,inf
541767,0.0
519846,inf
541397,inf
502097,inf
36501,inf
253139,0.0
307109,inf
73981,inf
404525,inf
592004,0.0
75590,inf
475314,inf
252954,inf
611112,inf
591608,inf
154622,inf
301970,inf
196654,inf
194257,inf
579467,inf
446548,0.0
645817,inf
196148,inf
464361,inf
167290,inf
469528,inf
145015,inf
327862,inf
11381,inf
465826,inf
565299,inf
270564,inf
169755,inf
27293,0.0
474954,inf
635341,inf
392727,inf
123216,inf
459333,inf
180951,inf
279152,inf
230579,inf
87544,inf
295440,0.0
325889,inf
566889,inf
536541,0.0
275027,inf
596162,0.0
77898,inf
82478,inf
181551,inf
465576,inf
688745,inf
216365,inf
178662,0.0
334761,0.0
651107,inf
268520,0.0
652483,0.0
676905,inf
185358,inf
138558,inf
659609,inf
696438,0.0
408297,inf
17578,inf
445725,inf
568183,inf
218181,inf
674067,0.0
687433,inf
183946,0.0
116085,inf
561712,0.0
143980,inf
12199,inf
407529,inf
295872,inf
227378,inf
491858,inf
24274,inf
627534,inf
481578,inf
694295,inf
115967,inf
495623,inf
553893,inf
485515,inf
549381,inf
394767,inf
314619,inf
294183,inf
234076,inf
175757,0.0
322549,inf
555995,inf
202657,inf
168712,inf
384355,0.0
477304,inf
194847,inf
394439,inf
317018,inf
669731,inf
34178,inf
327945,inf
605360,inf
419577,0.0
41876,inf
316689,inf
539462,0.0
443390,inf
413775,0.0
146784,0.0
190111,inf
80279,inf
441635,inf
158034,inf
594453,inf
367073,inf
518528,inf
210137,inf
329968,0.0
517039,inf
182467,inf
295886,inf
311214,inf
81502,inf
498827,0.0
593682,inf
22406,inf
265118,inf
595558,inf
80744,inf
75742,inf
595634,0.0
482639,inf
25513,0.0
708535,inf
234394,inf
580816,inf
602761,0.0
487928,inf
507556,0.0
233858,0.0
700379,inf
58121,0.0
323002,inf
709635,inf
93118,inf
675035,inf
221332,inf
550976,inf
236683,inf
140575,inf
253949,0.0
611979,inf
338162,inf
564960,0.0
355359,inf
579087,inf
510201,inf
434708,inf
178411,inf
418191,inf
590239,inf
333819,inf
63322,inf
587217,inf
540736,inf
336317,inf
367731,inf
483369,inf
45268,0.0
39553,inf
197709,inf
211266,inf
587265,inf
362225,inf
136823,0.0
657996,inf
115312,inf
115837,inf
397327,0.0
299831,inf
384315,0.0
53566,inf
213166,inf
169173,inf
646382,inf
450467,0.0
318388,inf
455494,inf
563016,inf
538564,0.0
201168,inf
185546,inf
532055,inf
363717,inf
536136,0.0
261903,inf
567543,inf
533096,inf
478043,inf
401663,inf
246181,0.0
13875,inf
422937,inf
36147,inf
120495,0.0
21395,inf
355282,inf
461571,inf
662735,inf
63186,0.0
14092,inf
544974,inf
671559,inf
563397,inf
467418,inf
211683,inf
148629,inf
145305,inf
278181,inf
30553,0.0
46551,inf
675446,inf
122425,inf
70138,inf
469717,inf
513705,inf
487382,inf
594557,inf
232068,inf
191749,inf
700549,inf
689099,inf
470483,inf
389311,inf
317225,inf
542072,inf
569456,inf
258525,inf
201614,inf
587262,inf
420641,0.0
127807,inf
574999,inf
502683,inf
568278,inf
44142,inf
479161,inf
246527,inf
634397,inf
20644,inf
406438,0.0
600114,inf
666636,inf
352108,inf
25725,inf
546734,inf
312141,inf
466313,inf
685808,inf
181994,inf
564711,inf
269204,0.0
220029,inf
72955,0.0
62824,inf
165202,0.0
102195,inf
475184,inf
481267,inf
257223,inf
174241,inf
546431,inf
147239,inf
533199,inf
10344,inf
687347,inf
643011,inf
246998,inf
114300,inf
419265,0.0
467140,0.0
232098,inf
132106,inf
565019,0.0
142484,0.0
462366,inf
122428,inf
405449,0.0
30166,0.0
664555,inf
534098,inf
542860,inf
337780,inf
230797,inf
264150,inf
384308,0.0
489592,inf
87952,inf
436340,inf
578041,0.0
13168,inf
326153,inf
676616,inf
258073,inf
161506,0.0
346561,inf
503007,inf
171849,0.0
622007,0.0
168553,0.0
706605,inf
446874,inf
627912,inf
327803,inf
67556,inf
105494,inf
430431,0.0
523451,inf
557634,inf
128692,inf
290449,inf
474964,0.0
238103,0.0
504708,inf
28193,0.0
51809,inf
656847,inf
586451,inf
84820,0.0
270148,inf
422771,0.0
445687,inf
494930,inf
3306,0.0
218684,inf
507329,inf
26609,inf
635811,inf
245330,inf
538984,inf
497387,inf
612120,inf
684545,inf
269699,inf
627159,inf
428432,inf
279050,0.0
247662,0.0
141193,inf
427930,inf
225802,inf
457638,inf
279375,inf
226829,inf
174538,0.0
451395,inf
490204,0.0
28874,0.0
688270,0.0
102102,inf
482553,inf
442784,inf
569179,0.0
547018,inf
148574,inf
436189,inf
51976,inf
413709,inf
545610,inf
95917,inf
396190,inf
642972,inf
105979,inf
125456,inf
107199,inf
642168,inf
145806,inf
355562,inf
207327,inf
534352,inf
199564,inf
117617,inf
393196,inf
703329,inf
42004,inf
358957,0.0
278498,inf
14137,inf
261640,inf
570114,inf
346271,0.0
443242,inf
79987,inf
516444,inf
355161,0.0
70721,inf
528396,inf
327654,inf
496499,inf
116393,inf
397465,inf
664881,inf
526620,inf
78018,0.0
675591,inf
450487,inf
132318,inf
203885,0.0
650603,inf
319466,inf
592945,inf
220070,inf
662125,inf
624718,inf
539070,inf
139047,inf
179680,inf
275364,inf
320605,inf
677363,inf
292283,inf
112288,inf
99660,inf
261504,inf
341336,inf
323399,inf
219645,inf
13664,0.0
358150,inf
557371,inf
600750,inf
82040,inf
120838,inf
365518,inf
99723,inf
584480,inf
487847,inf
38527,inf
366126,inf
61428,inf
663020,0.0
428795,inf
483115,inf
671847,inf
20337,inf
170056,inf
559739,0.0
675424,0.0
633482,inf
705237,inf
492259,inf
201166,inf
592356,inf
153209,0.0
28300,inf
32267,inf
698870,0.0
711105,inf
253559,inf
198005,inf
268455,inf
79729,inf
245400,inf
332573,inf
1940,inf
606709,inf
181902,0.0
428087,inf
112159,inf
111096,0.0
143310,0.0
369681,0.0
67468,inf
166460,inf
527947,inf
153097,inf
529074,0.0
66584,0.0
142634,inf
87908,inf
153754,inf
399182,inf
532157,0.0
89046,inf
47292,0.0
376228,inf
469,0.0
213337,0.0
396004,inf
228934,inf
26398,inf
253506,inf
583684,inf
670561,inf
119131,inf
549565,inf
99283,inf
541415,inf
150986,inf
459039,inf
263109,0.0
420262,inf
635895,inf
177256,inf
235724,inf
706187,inf
251505,inf
271628,inf
145661,0.0
398723,0.0
538571,inf
102344,inf
275021,inf
6486,inf
141232,inf
575262,inf
70915,inf
303709,inf
169749,0.0
20459,inf
331423,inf
144769,inf
462495,inf
424597,inf
57602,inf
173319,inf
300531,inf
67769,inf
628363,inf
505912,inf
621402,inf
379043,inf
517071,inf
33689,inf
387340,inf
527267,inf
222669,inf
384953,inf
545105,0.0
404836,inf
38766,inf
156402,inf
697546,inf
381138,0.0
587059,0.0
163487,inf
535392,inf
296920,inf
684106,inf
77550,inf
459167,inf
374175,0.0
17837,inf
238489,0.0
187723,inf
165006,0.0
83480,inf
646874,0.0
640876,inf
516391,inf
505102,0.0
100710,inf
521946,inf
697192,0.0
248514,inf
672826,inf
169666,inf
19820,inf
311799,inf
200014,inf
139670,inf
87538,inf
602366,inf
455205,inf
534000,inf
627889,0.0
68119,inf
427078,0.0
280178,inf
685453,inf
102172,inf
425755,inf
531109,inf
401064,inf
82940,inf
327196,inf
502138,inf
186615,inf
21145,inf
127382,inf
540837,inf
87991,inf
185319,inf
652558,0.0
572071,inf
239839,inf
443904,inf
152467,inf
644696,inf
268437,inf
575561,inf
297521,inf
601340,0.0
260930,inf
309977,inf
444970,inf
579169,inf
432558,inf
603245,0.0
222129,inf
2425,0.0
138366,inf
326765,0.0
699045,inf
391778,0.0
345621,inf
13906,inf
476232,inf
232827,inf
469431,inf
300161,0.0
562684,inf
226007,inf
111749,inf
291072,inf
597854,inf
397226,0.0
386644,0.0
700401,inf
383772,inf
68167,0.0
258275,0.0
160955,inf
235205,inf
494789,inf
206531,inf
380703,inf
663113,inf
261339,inf
706563,inf
677196,0.0
107861,inf
228474,0.0
399571,inf
430313,inf
202300,inf
638175,0.0
142324,inf
303654,inf
173639,inf
498774,inf
480378,inf
7518,inf
465993,inf
231271,inf
233662,inf
509859,inf
464522,inf
466850,inf
535046,inf
121537,0.0
351689,inf
580105,inf
628544,inf
225972,0.0
120587,inf
500708,inf
65758,inf
411928,inf
706400,inf
458514,inf
462762,inf
476693,0.0
601622,inf
470257,inf
128499,inf
383788,0.0
505518,0.0
587411,inf
65539,inf
398254,inf
491898,inf
445361,0.0
503328,inf
673599,inf
253177,inf
325247,inf
432007,inf
43498,inf
242179,0.0
140167,inf
72538,0.0
107751,0.0
339569,inf
252962,inf
572332,inf
698290,inf
606930,inf
343745,0.0
60045,inf
670941,inf
482761,inf
542050,inf
255661,inf
425086,0.0
118302,inf
608070,inf
313028,inf
303199,inf
489241,inf
253473,inf
369798,inf
318086,0.0
336061,inf
537143,inf
314714,inf
284,inf
678997,0.0
245349,inf
503262,inf
150948,inf
453744,inf
8627,inf
278345,inf
193636,inf
641134,inf
663382,inf
55149,inf
661286,inf
329966,inf
139149,inf
20533,inf
378247,inf
583154,0.0
556184,inf
303852,inf
33143,inf
349572,inf
658071,inf
354601,inf
424754,inf
373137,inf
157873,0.0
37045,inf
670025,0.0
226402,inf
72134,inf
368858,inf
341451,inf
554633,inf
602950,inf
19265,inf
389742,inf
292969,inf
96739,inf
682690,0.0
75502,inf
394168,inf
43024,0.0
594667,inf
702940,0.0
591216,0.0
274343,inf
265795,inf
155188,0.0
592950,0.0
222940,inf
158336,inf
181553,inf
567661,inf
132119,inf
48363,inf
173239,0.0
354664,inf
538605,0.0
566262,inf
24333,inf
206832,inf
326485,inf
454757,inf
181472,inf
213883,inf
402413,inf
363081,inf
28885,inf
316944,inf
70116,inf
384692,inf
442192,inf
502937,inf
557498,inf
272459,inf
281792,inf
344456,inf
460308,inf
225060,inf
354648,inf
142821,0.0
355755,inf
14217,inf
375929,inf
65859,inf
89457,inf
539900,inf
250993,0.0
533467,inf
3744,inf
475874,inf
28508,inf
620660,inf
83899,0.0
633798,inf
551510,0.0
161421,inf
173549,inf
3975,inf
480838,0.0
256487,inf
211361,0.0
41877,inf
351870,inf
276657,inf
153826,inf
250751,inf
465374,inf
674864,inf
374133,inf
256124,inf
273106,0.0
258582,inf
646370,inf
615660,0.0
506194,inf
698128,inf
512446,inf
245667,inf
282053,inf
280699,0.0
326158,inf
554883,inf
201119,inf
461069,inf
155641,inf
118515,inf
103221,inf
368848,inf
73519,inf
629666,inf
561579,inf
94304,inf
112533,inf
584089,0.0
289166,inf
696919,0.0
94325,inf
627371,inf
270587,0.0
493352,inf
616874,0.0
420911,0.0
643693,inf
34729,0.0
146182,0.0
700382,0.0
321024,inf
418439,0.0
369587,inf
2550,inf
647889,inf
135131,inf
539573,inf
209689,inf
276578,inf
7169,inf
651318,inf
533161,inf
115403,inf
370184,inf
566094,inf
597619,inf
600052,inf
42214,inf
127915,0.0
45645,inf
100734,inf
75131,inf
123427,inf
598087,0.0
134649,0.0
553069,0.0
124766,inf
266904,inf
389045,0.0
641800,inf
210061,inf
707221,inf
62327,0.0
572936,inf
234684,inf
216522,inf
67199,inf
133657,inf
119981,inf
19202,inf
190691,0.0
466408,0.0
701650,inf
643135,inf
134594,inf
632590,inf
446694,inf
251866,inf
453430,inf
505806,inf
137835,0.0
40688,inf
454037,inf
599337,inf
429618,inf
204159,inf
620382,inf
532488,inf
694360,0.0
280417,0.0
532930,inf
646483,inf
283588,inf
67578,inf
6749,0.0
185314,inf
492411,inf
370333,inf
259975,inf
400497,inf
46397,0.0
423647,inf
42659,inf
239262,inf
345537,inf
132267,inf
93810,inf
25375,inf
340135,inf
655200,inf
707232,inf
546422,inf
307996,0.0
20580,inf
323362,inf
444212,inf
289991,inf
83232,inf
669056,inf
116560,inf
475835,inf
293103,0.0
133147,inf
695035,inf
125012,inf
535000,inf
387184,inf
59047,inf
289130,inf
399200,inf
664861,0.0
62537,inf
270467,inf
462706,inf
203650,inf
13896,inf
631005,inf
365551,0.0
667905,inf
284831,0.0
671186,inf
398168,inf
324039,inf
659801,inf
13978,inf
266532,0.0
339734,inf
126232,0.0
625233,inf
550763,inf
616046,0.0
4300,inf
403895,inf
396442,inf
666568,0.0
662397,inf
478115,inf
495859,inf
132051,inf
225868,inf
629408,inf
39083,0.0
245092,inf
83922,inf
2855,inf
142257,inf
578767,0.0
156431,inf
238531,inf
543099,inf
134531,0.0
444231,inf
497283,inf
683280,inf
507230,inf
535463,inf
613126,inf
76250,inf
167813,inf
456362,0.0
107122,inf
637030,inf
396983,0.0
53836,inf
508638,inf
175178,inf
442623,inf
436330,inf
78863,0.0
124463,inf
137937,inf
376498,inf
48012,inf
587470,inf
474721,inf
508906,inf
323336,inf
477239,inf
298072,0.0
3238,inf
205050,inf
355035,inf
528153,inf
328554,inf
417513,inf
68499,0.0
230298,inf
528949,inf
645538,inf
509588,inf
305013,inf
651164,inf
554767,inf
534594,inf
209114,inf
291074,0.0
176462,inf
637211,inf
595095,inf
166193,inf
583297,inf
430849,inf
59672,inf
585258,inf
691489,inf
698052,inf
431209,inf
55443,inf
470581,inf
225766,0.0
234943,inf
133662,inf
621330,inf
703988,inf
415537,0.0
17928,inf
154737,inf
330395,inf
62163,0.0
572180,inf
250833,inf
23771,inf
679907,inf
367505,inf
183937,inf
616831,0.0
43951,inf
107686,inf
352010,inf
194706,inf
116738,inf
514278,inf
346959,inf
463757,inf
478752,0.0
154083,inf
227332,inf
612978,inf
661361,inf
50154,inf
264129,inf
671815,inf
192101,inf
325435,inf
69132,inf
516721,inf
187402,inf
663697,inf
533273,0.0
456201,inf
511328,inf
292488,inf
469071,inf
425072,inf
473877,inf
90677,inf
557809,inf
572739,0.0
66474,inf
374987,inf
225728,inf
454014,inf
563019,inf
331206,0.0
546847,inf
633062,inf
237063,inf
288464,0.0
589337,inf
658925,inf
174988,inf
1937,inf
171251,0.0
572475,inf
485872,0.0
59271,0.0
78428,inf
536842,inf
101501,inf
331376,inf
221236,inf
635872,0.0
414932,inf
353256,inf
520255,inf
481593,inf
607374,inf
409056,inf
637620,inf
371860,inf
455339,inf
119885,inf
464777,inf
206492,inf
495811,inf
110053,inf
190601,inf
116144,0.0
113764,inf
428040,inf
13485,inf
528303,inf
43675,inf
263370,inf
194902,inf
697980,inf
500760,inf
165611,inf
176194,inf
421544,inf
47463,0.0
325651,inf
152412,inf
397114,inf
151260,inf
71412,inf
378854,inf
216561,0.0
348972,inf
80176,inf
650869,inf
626023,inf
377975,inf
700623,0.0
224962,inf
38947,inf
79246,0.0
572954,inf
310192,inf
662282,inf
62975,inf
422444,inf
271071,inf
203876,inf
634634,inf
170326,inf
539780,0.0
291674,inf
242410,inf
103980,inf
668257,0.0
526675,inf
87292,0.0
525865,inf
523428,inf
505066,inf
322827,inf
389609,inf
317876,inf
541087,inf
536633,inf
355597,inf
683186,inf
355802,inf
65000,0.0
62585,0.0
598811,inf
241633,inf
128906,inf
427404,inf
130695,inf
177776,inf
695951,inf
157994,inf
533239,inf
570879,inf
658662,inf
442268,inf
102694,inf
507427,inf
220061,inf
469916,inf
86348,0.0
178804,inf
555179,inf
544710,inf
446525,inf
502823,inf
693426,inf
225174,inf
457924,inf
185255,inf
614717,inf
350894,inf
398425,inf
73768,inf
135851,inf
445381,inf
167381,inf
238220,inf
310576,inf
263543,inf
532764,inf
700227,inf
522885,inf
251982,inf
64422,inf
575931,inf
672092,inf
129855,inf
444921,inf
204845,inf
259000,inf
646810,inf
565981,0.0
670568,inf
556323,inf
442603,inf
288281,inf
540228,inf
383960,inf
684698,inf
262933,inf
40965,0.0
213068,0.0
344751,inf
237539,inf
89473,inf
311988,inf
585322,inf
673081,inf
362383,inf
692723,inf
493545,inf
227263,inf
606651,inf
648556,0.0
361754,inf
73641,inf
322591,inf
624888,inf
6323,inf
621794,0.0
209333,inf
603681,0.0
214037,inf
657858,inf
105302,0.0
308263,inf
451934,inf
484751,inf
451025,inf
366734,0.0
701441,0.0
387247,inf
19908,0.0
133891,inf
543430,inf
215751,0.0
240530,inf
698295,inf
274456,inf
235161,inf
153316,inf
67466,inf
409035,inf
128454,inf
692129,0.0
8400,inf
538350,inf
111198,inf
610158,inf
433035,0.0
455525,inf
483361,inf
405196,0.0
345192,inf
645038,inf
168637,inf
204834,inf
436476,inf
526564,inf
351917,inf
250593,inf
163981,inf
85532,inf
305755,inf
124243,inf
646591,inf
432369,0.0
257605,inf
164777,inf
675287,0.0
456371,0.0
76871,inf
661454,inf
631621,inf
316277,inf
335319,inf
551897,inf
416123,inf
581019,inf
247001,0.0
212356,inf
703545,inf
282424,0.0
395509,0.0
559409,inf
588498,0.0
473756,inf
121404,0.0
269796,inf
463084,inf
442376,inf
341005,inf
499769,inf
673901,inf
212447,inf
495250,inf
520741,inf
381227,inf
180635,inf
483955,inf
235421,inf
680259,inf
321489,inf
612236,inf
32626,inf
66975,inf
270643,inf
672215,inf
569505,inf
664808,inf
162581,inf
383930,inf
29687,inf
114411,inf
132860,inf
12007,inf
197918,inf
703259,inf
427083,0.0
151904,inf
231547,inf
326468,inf
600676,inf
366229,inf
701985,inf
501278,inf
533773,inf
41499,0.0
106892,0.0
228515,inf
362646,inf
627083,inf
608538,inf
435170,inf
562877,inf
537607,inf
511954,inf
283135,inf
319415,0.0
115714,inf
282495,inf
604665,inf
521750,inf
207929,inf
207144,inf
169766,inf
617536,inf
136352,inf
103402,inf
16592,inf
140507,0.0
607785,inf
24857,inf
357743,inf
244886,inf
334525,inf
562169,inf
95887,0.0
620925,inf
93390,inf
460774,0.0
366008,inf
307491,inf
544297,inf
630213,inf
380344,inf
227446,0.0
55179,inf
233080,inf
1432,inf
129120,inf
598743,0.0
13258,inf
111081,inf
426073,inf
488964,0.0
73243,inf
692211,0.0
70407,inf
393324,inf
251671,inf
457587,inf
584215,inf
300693,0.0
367755,inf
543082,inf
334771,inf
635020,inf
702320,inf
684577,0.0
427920,inf
210985,0.0
559796,inf
343500,0.0
53416,inf
379777,0.0
341679,inf
325534,inf
235617,0.0
668431,inf
2320,inf
448478,inf
6472,0.0
357884,inf
88659,0.0
475380,inf
488785,inf
290310,inf
100550,inf
416479,inf
215035,inf
610532,inf
408315,inf
90912,inf
39681,inf
233410,0.0
256850,inf
648822,inf
126086,inf
409228,inf
478091,inf
412384,inf
575610,inf
69130,inf
87659,inf
514198,inf
457261,inf
649187,inf
155122,inf
394795,0.0
57370,inf
433804,0.0
526327,inf
509587,inf
4792,inf
200377,inf
444742,inf
59160,inf
690591,0.0
102472,inf
390198,inf
368749,inf
503842,inf
232753,inf
241363,inf
518460,0.0
41805,inf
603236,inf
339380,inf
114930,inf
277823,inf
662103,inf
6849,inf
119395,0.0
593141,inf
693728,inf
40970,inf
664826,inf
103795,inf
180622,inf
519005,0.0
274307,inf
442593,inf
567566,inf
241332,inf
655608,inf
518178,inf
317460,inf
467680,inf
278748,inf
120219,inf
260281,inf
611894,inf
628479,inf
327866,inf
621318,inf
2156,inf
513940,0.0
489227,inf
61545,inf
299284,inf
124895,inf
311369,0.0
585788,inf
242966,inf
131823,0.0
61843,0.0
515730,inf
217465,inf
383665,0.0
312094,inf
393978,inf
214125,inf
180559,0.0
164957,inf
588608,0.0
197342,inf
253316,inf
666703,inf
439644,inf
500100,inf
610331,inf
611515,inf
473647,inf
174322,inf
469721,inf
676561,inf
365169,inf
259183,inf
708952,inf
441068,inf
652464,inf
645652,inf
322205,inf
365806,0.0
532151,inf
562764,0.0
686863,inf
311742,inf
490035,inf
161471,inf
597420,inf
617092,inf
286764,inf
549992,0.0
327706,inf
158254,inf
294905,0.0
110265,0.0
28459,inf
45498,inf
493536,inf
221695,inf
408549,inf
637983,inf
208779,inf
177182,0.0
684126,inf
461552,0.0
28707,inf
358719,inf
302364,inf
287888,inf
591167,inf
596993,inf
465400,inf
183724,inf
291385,inf
616035,inf
363487,inf
269820,inf
97919,inf
380211,inf
359279,inf
517625,inf
424044,0.0
636081,inf
357731,inf
421280,inf
460615,inf
444479,inf
671242,inf
11554,inf
383626,inf
294173,inf
224347,0.0
6726,0.0
31056,inf
89238,inf
652869,inf
334031,inf
158523,inf
600297,0.0
225873,inf
380763,inf
161307,inf
394974,inf
119504,inf
567988,inf
37566,0.0
461579,inf
403869,inf
101513,0.0
637862,inf
358115,0.0
636820,inf
432085,inf
662728,inf
192204,inf
157187,inf
87313,inf
398032,inf
36937,0.0
589339,inf
490148,inf
619577,0.0
706772,inf
453681,inf
131059,inf
504770,0.0
542778,inf
591858,inf
290882,inf
616853,inf
438080,inf
559872,0.0
307624,inf
562583,inf
664657,inf
450461,inf
79913,inf
343159,inf
400044,0.0
96318,0.0
389350,inf
131781,inf
457741,inf
232927,inf
428031,inf
199557,inf
356100,inf
419657,inf
240694,inf
460013,inf
54768,inf
524616,inf
576927,inf
413599,0.0
506081,inf
125798,inf
579154,inf
526537,0.0
555892,inf
21970,inf
291705,inf
509342,inf
540507,0.0
494374,0.0
52957,inf
649236,inf
700245,inf
531750,inf
67974,inf
448077,inf
13374,inf
695140,inf
42881,inf
158422,inf
443035,0.0
385837,inf
152086,inf
644301,inf
680927,inf
174142,inf
444194,inf
196453,inf
621118,inf
133575,0.0
434997,inf
5327,0.0
430497,inf
343509,inf
4586,inf
21520,inf
361126,inf
683099,inf
407806,inf
457829,0.0
409885,inf
344197,0.0
265891,inf
547406,inf
222272,inf
357185,inf
643231,inf
671623,inf
444014,inf
57727,0.0
135249,inf
595343,inf
436974,inf
187009,inf
123721,inf
372800,0.0
336314,inf
83851,inf
39287,inf
105287,inf
121544,inf
439839,inf
682637,inf
343913,inf
537148,inf
705619,inf
168197,inf
70676,inf
138394,inf
353343,0.0
703531,inf
170881,0.0
403682,inf
31117,inf
345673,0.0
197757,0.0
704798,inf
123171,inf
24559,inf
2572,inf
670363,inf
474246,inf
194472,inf
654367,inf
97934,inf
304755,0.0
189733,inf
31563,inf
78216,inf
645418,inf
37720,inf
309695,inf
603285,inf
329266,inf
36891,inf
624173,inf
318230,inf
153139,inf
385627,inf
699475,inf
198060,0.0
11788,inf
67664,0.0
134516,0.0
309108,inf
500763,inf
566685,inf
213175,0.0
144121,inf
255826,inf
417593,inf
63620,inf
366413,inf
292279,inf
68483,inf
214903,inf
8643,inf
44821,inf
439866,inf
51184,inf
636604,inf
661214,inf
304277,inf
252048,inf
537566,inf
690733,inf
547714,inf
103736,inf
347438,inf
365077,inf
11728,inf
620277,0.0
396042,inf
3986,inf
401081,inf
530917,inf
453634,inf
50159,inf
246830,inf
158384,inf
602035,inf
666386,inf
667154,inf
43125,inf
695532,inf
578994,inf
676424,inf
568504,inf
175000,0.0
688415,inf
10653,inf
40318,inf
337337,inf
471291,0.0
409108,inf
47394,inf
237597,inf
267106,inf
438970,inf
123059,inf
463226,inf
23414,inf
546695,0.0
419046,inf
585903,inf
372367,0.0
505676,inf
691799,inf
341927,inf
334324,inf
63911,inf
4041,0.0
63605,inf
587316,inf
71803,0.0
508644,inf
686276,inf
533697,inf
404752,inf
650362,inf
239806,inf
691762,inf
710575,inf
504348,inf
578329,0.0
320836,inf
605226,0.0
693015,inf
635609,inf
557281,inf
365262,inf
122664,inf
105854,inf
150490,0.0
563334,inf
116351,inf
132315,inf
498673,0.0
433453,inf
402840,inf
436919,inf
578924,inf
559050,inf
575211,inf
397748,inf
519996,inf
698294,inf
241150,0.0
199038,0.0
337681,inf
607037,inf
646882,0.0
218862,inf
276981,inf
77607,inf
453871,0.0
519188,inf
209711,inf
559058,inf
49436,inf
375140,inf
44514,inf
623665,inf
334950,0.0
451547,inf
322802,inf
446996,inf
359284,inf
301749,inf
447052,inf
388936,0.0
165393,inf
215837,inf
347573,0.0
314047,0.0
52259,inf
523188,inf
296668,inf
151089,inf
485617,inf
439026,inf
101162,inf
659253,inf
509609,inf
190208,inf
107401,0.0
158525,0.0
82173,inf
384745,inf
445139,inf
62944,inf
403845,inf
47007,inf
35107,0.0
14437,inf
382976,inf
180560,inf
490163,inf
608546,inf
517543,inf
707253,inf
246556,inf
231232,inf
112042,inf
547678,inf
604948,inf
609437,inf
207294,inf
323981,inf
335698,inf
464698,inf
678707,inf
478028,inf
265822,inf
548406,inf
267806,inf
447846,inf
224569,inf
597312,inf
488396,inf
442221,0.0
313108,inf
671428,inf
110614,inf
391488,inf
126370,inf
258510,inf
382426,inf
69240,inf
40920,0.0
504114,0.0
114803,inf
606936,inf
237969,inf
352124,inf
471995,inf
596318,inf
433362,inf
439511,inf
194416,0.0
198151,inf
441689,inf
30667,0.0
390599,inf
322584,0.0
229225,0.0
698786,inf
535071,inf
184470,inf
174688,inf
77733,inf
633656,inf
488347,inf
644090,inf
319129,inf
63791,inf
528442,inf
414876,inf
611971,inf
53480,inf
429278,inf
626372,0.0
196866,inf
255020,inf
258878,inf
198393,inf
419945,0.0
683630,inf
247041,inf
31761,inf
254747,inf
702009,inf
552762,inf
539252,0.0
154599,inf
438662,inf
54042,inf
596439,0.0
201632,inf
293188,inf
164531,inf
542772,inf
317376,inf
302999,inf
182448,0.0
607236,inf
539888,inf
172543,inf
549109,inf
332181,0.0
523540,inf
193563,inf
579349,inf
6383,inf
22178,0.0
696691,inf
498880,inf
249455,0.0
118406,inf
581689,inf
705142,inf
357616,inf
627291,inf
240928,inf
597592,inf
675479,inf
315237,inf
482966,inf
217574,inf
122580,inf
267080,0.0
555105,inf
513117,inf
479694,inf
308891,inf
151332,inf
575732,inf
478687,inf
54776,0.0
668392,inf
621144,inf
648670,inf
657230,inf
305336,0.0
455338,inf
43907,inf
235292,inf
224393,inf
46708,0.0
354270,0.0
259253,inf
251697,inf
129385,inf
279702,0.0
625324,0.0
390715,inf
3777,inf
481283,0.0
407347,inf
109212,inf
307566,inf
103843,inf
443172,inf
249620,inf
551000,0.0
192340,0.0
622740,inf
545881,0.0
381027,inf
237681,inf
533339,inf
267494,inf
64330,inf
289549,inf
569820,inf
466768,inf
72641,0.0
160121,inf
175862,inf
337958,inf
217870,inf
55122,inf
460860,inf
100808,0.0
352976,inf
523404,inf
239472,0.0
207916,inf
332169,inf
231003,inf
23662,0.0
57300,inf
706030,inf
272388,inf
208579,inf
542601,inf
83714,0.0
653827,inf
432567,inf
471498,inf
580009,0.0
424310,inf
512612,inf
643117,inf
483556,inf
203647,inf
132977,inf
585417,0.0
122286,inf
574031,inf
311981,inf
532524,inf
583531,inf
371807,inf
344951,inf
579918,inf
54188,inf
94075,inf
685964,inf
711922,inf
249761,inf
442173,inf
326167,inf
227059,inf
253064,inf
691919,inf
658658,inf
331484,inf
687052,inf
383981,inf
493747,0.0
628355,inf
519043,inf
252350,inf
581174,inf
566822,0.0
515490,0.0
119735,inf
668280,inf
11671,0.0
160919,inf
316255,inf
302429,0.0
264816,0.0
25433,inf
65463,inf
403005,inf
78632,inf
552358,0.0
194474,inf
132989,inf
580797,inf
429082,0.0
187432,0.0
635846,0.0
236489,inf
594879,0.0
360469,inf
318603,0.0
30546,inf
564796,inf
695761,inf
118110,0.0
189391,inf
194649,inf
216162,inf
81430,inf
670835,inf
246037,inf
668006,inf
353107,inf
84196,inf
362594,inf
487755,inf
244674,inf
125976,inf
657773,inf
208124,0.0
287176,inf
268024,inf
179896,inf
105944,inf
508901,inf
210282,inf
242460,inf
188488,0.0
513061,inf
106581,0.0
318741,inf
291439,inf
664134,inf
601366,inf
444495,inf
508657,inf
610258,0.0
593244,0.0
395025,inf
267040,inf
377318,inf
544773,inf
138845,inf
20450,inf
253950,inf
64762,inf
83658,inf
519995,inf
388550,inf
369519,inf
643054,inf
646912,inf
475819,inf
697238,inf
315169,inf
78778,inf
503657,0.0
551634,inf
623281,inf
557096,inf
278563,inf
393955,inf
9641,inf
493134,inf
367722,inf
555699,inf
370895,inf
564834,inf
640426,0.0
631274,inf
95929,inf
605851,inf
217076,inf
243171,0.0
73614,inf
591492,0.0
380101,inf
679362,inf
612133,inf
613098,0.0
191592,inf
348105,inf
78092,inf
517630,inf
1733,0.0
639913,inf
328133,inf
591594,inf
297280,inf
376658,inf
626150,inf
653070,inf
584538,inf
165594,0.0
605834,inf
666143,inf
504722,0.0
495748,inf
565190,inf
481555,0.0
336338,inf
86705,0.0
188691,inf
165481,inf
617730,inf
309369,inf
628948,inf
287464,inf
419672,inf
470932,inf
147974,inf
376187,inf
43883,inf
402172,inf
380171,inf
201146,inf
199007,inf
204301,inf
620438,inf
116951,inf
521270,inf
114460,inf
79598,inf
328439,inf
25960,inf
281462,inf
16499,0.0
218713,inf
55895,inf
350560,inf
138384,inf
214920,0.0
346043,inf
170387,inf
208410,inf
408541,inf
108588,0.0
287396,inf
186513,inf
318685,0.0
436738,0.0
590824,inf
400495,inf
50851,inf
238043,inf
671127,inf
113570,inf
526357,inf
82620,inf
43053,inf
58267,0.0
304621,inf
251413,inf
188908,inf
604661,inf
104727,0.0
598253,inf
213862,inf
206868,0.0
398169,inf
339155,0.0
291638,inf
649905,0.0
619936,0.0
438654,inf
403661,inf
652040,inf
156133,inf
102015,inf
467894,0.0
289743,inf
251652,inf
707388,0.0
507396,inf
21381,inf
418417,inf
388808,inf
236218,inf
501862,inf
360659,inf
15044,0.0
444733,inf
50264,inf
594759,inf
36801,inf
330975,inf
685445,inf
367767,inf
349129,inf
194965,inf
200548,inf
694155,inf
117456,0.0
413062,inf
704134,inf
560237,inf
685485,inf
558416,inf
372754,inf
208146,inf
498669,inf
502184,inf
519882,inf
325575,inf
6552,inf
182502,0.0
81900,inf
555431,inf
12612,0.0
395893,inf
442758,inf
658457,inf
577159,inf
359642,inf
704302,inf
358688,inf
666156,0.0
587106,inf
463187,0.0
110342,inf
58735,inf
644516,inf
329508,inf
655993,inf
259762,inf
461037,inf
219294,inf
527774,inf
584981,inf
532920,inf
657357,0.0
242026,inf
198176,inf
498982,inf
499292,inf
542705,inf
450804,inf
344353,inf
441393,inf
333394,0.0
507785,inf
142404,inf
338740,inf
679919,0.0
391980,inf
93237,inf
372276,inf
505216,inf
398785,inf
268107,inf
543636,inf
597302,inf
268447,inf
218857,inf
121800,inf
435692,inf
295013,inf
388070,inf
128373,inf
200654,inf
297758,inf
2699,inf
422383,inf
124744,inf
287054,0.0
170833,inf
679058,inf
484780,inf
400870,0.0
422774,inf
453217,inf
109784,inf
563557,inf
326292,inf
521152,inf
217811,inf
604475,inf
475729,inf
581638,inf
545104,inf
198447,inf
687858,inf
509064,0.0
684273,inf
448584,inf
154129,inf
48027,inf
646277,inf
350625,inf
456556,inf
682723,0.0
160536,inf
148484,inf
188602,0.0
624961,inf
466287,0.0
523227,inf
134335,inf
530898,inf
430841,0.0
451637,inf
183500,0.0
67412,inf
362280,inf
184437,0.0
305362,inf
403859,inf
355154,inf
609067,inf
600608,inf
516626,inf
380314,inf
171658,inf
96028,inf
488969,inf
593389,inf
686155,inf
168912,inf
342874,inf
45508,inf
622027,inf
350087,inf
189640,inf
676426,inf
55798,inf
602215,inf
121259,0.0
559046,0.0
80077,0.0
413936,inf
412390,0.0
573356,inf
21407,inf
67393,0.0
248314,inf
181514,inf
606946,inf
273847,inf
96953,inf
522954,inf
505348,inf
186815,inf
711471,inf
168270,inf
322781,inf
313700,inf
89934,0.0
710239,inf
643057,0.0
564206,0.0
217694,inf
402933,inf
554143,inf
696861,inf
795,inf
493772,0.0
460511,inf
360443,inf
298797,0.0
627594,inf
427107,inf
597767,inf
159432,inf
498755,inf
440702,inf
661680,inf
91739,inf
617194,inf
144573,inf
283473,inf
440486,inf
312536,inf
150141,inf
203864,inf
274296,inf
666991,inf
18614,0.0
340986,inf
81818,inf
435560,inf
322485,0.0
43669,0.0
675623,inf
630543,inf
482914,inf
128287,inf
567219,inf
206300,inf
453375,inf
622890,inf
646245,inf
191058,inf
496129,inf
267643,inf
309589,inf
456693,inf
677887,inf
380987,inf
26541,inf
270601,inf
610696,inf
643718,inf
441552,inf
91070,inf
221757,inf
113904,inf
494587,inf
467400,inf
168104,inf
486654,0.0
279322,inf
165960,0.0
563128,inf
39207,inf
203382,inf
689362,inf
468691,inf
493102,inf
456685,0.0
360483,inf
572690,inf
139579,inf
590143,inf
8570,inf
217139,inf
34945,inf
160276,inf
152122,inf
647634,inf
491785,inf
305753,inf
295606,0.0
642698,0.0
380256,0.0
621930,inf
642481,inf
347285,inf
559953,0.0
415579,inf
66215,inf
134552,inf
645909,inf
136210,inf
68482,inf
438382,inf
263982,inf
654617,inf
195466,inf
663092,inf
559143,inf
30369,inf
565224,inf
12797,inf
474242,inf
446245,inf
667379,inf
631867,inf
206475,inf
710063,0.0
145852,inf
614786,inf
155587,inf
579703,inf
389214,inf
432341,0.0
58248,inf
317887,inf
177224,0.0
119100,inf
318642,inf
484812,inf
289568,inf
8944,inf
459352,inf
456195,inf
121134,inf
640304,inf
594246,inf
467476,inf
199399,inf
481728,inf
465704,inf
557821,inf
540461,inf
282017,inf
379578,inf
135250,inf
120749,inf
52457,0.0
566785,inf
517121,0.0
401916,inf
210422,0.0
107331,inf
308537,inf
91911,inf
617587,inf
435089,inf
558464,0.0
143284,inf
73624,inf
534628,inf
692207,inf
622893,inf
660519,0.0
440578,inf
262549,inf
473558,inf
516793,inf
11587,inf
363995,inf
630696,inf
313864,0.0
675326,inf
17452,inf
498400,inf
187018,inf
597785,inf
205302,inf
33343,inf
261352,inf
662479,inf
7973,0.0
506241,inf
339039,inf
565754,inf
175348,inf
5052,inf
278040,inf
363117,0.0
566383,inf
219576,inf
507275,inf
413080,inf
370950,0.0
682836,0.0
689301,inf
517589,0.0
251073,inf
73437,inf
167665,inf
17786,inf
504303,0.0
162450,inf
2474,inf
465779,inf
118294,inf
272113,inf
698307,inf
272847,inf
670223,inf
441002,inf
671929,0.0
300847,0.0
448195,inf
501083,0.0
363249,inf
179916,inf
145861,inf
232683,inf
565189,0.0
465505,inf
454323,inf
288066,inf
187220,inf
550219,0.0
673543,inf
340430,inf
486627,inf
140246,inf
655413,inf
345764,inf
210678,inf
680396,0.0
597052,inf
684399,inf
499179,inf
377774,inf
113825,inf
518691,inf
529019,inf
115960,inf
606910,inf
132331,inf
356562,0.0
448875,0.0
539259,0.0
145741,inf
679638,inf
557951,inf
564102,inf
565969,inf
129371,inf
394644,0.0
162004,0.0
399242,inf
578415,inf
296597,inf
341351,inf
690876,inf
546251,inf
482309,0.0
395314,inf
5007,inf
481920,inf
231819,inf
590907,inf
6714,inf
23058,inf
681958,inf
647413,inf
173899,inf
436048,inf
581505,0.0
100927,0.0
107317,inf
405592,inf
58569,0.0
67200,inf
419929,inf
404550,inf
120668,inf
141512,inf
492194,inf
66363,inf
450094,0.0
283687,inf
230353,inf
38611,inf
693614,inf
313580,inf
518674,inf
481522,inf
311862,inf
677364,inf
316258,inf
709923,inf
242955,0.0
365471,inf
670871,inf
399429,inf
370702,inf
678178,inf
533630,inf
218290,inf
407546,inf
134672,inf
387856,inf
295365,inf
407271,inf
92449,inf
423224,0.0
333953,inf
593792,inf
271776,inf
500451,0.0
133560,0.0
359999,inf
587550,inf
398351,0.0
69446,inf
686451,inf
555367,0.0
408959,inf
331552,inf
432333,0.0
479546,inf
178225,0.0
683400,0.0
336352,inf
90376,inf
61771,inf
576336,inf
533240,inf
690893,inf
102194,inf
469244,inf
418830,0.0
549279,0.0
315495,inf
497733,inf
187381,inf
422440,inf
458836,inf
310687,inf
381209,inf
285016,inf
318964,inf
290149,inf
665242,inf
105436,inf
672565,0.0
573184,inf
114874,inf
550472,inf
525244,inf
650106,inf
32461,inf
575341,inf
479137,inf
121650,0.0
618378,inf
137018,inf
686970,inf
517037,inf
334404,inf
427688,inf
429041,inf
560692,inf
663994,inf
254238,inf
150634,inf
143727,inf
366256,inf
502973,inf
460836,inf
332583,inf
572062,inf
272583,inf
679081,inf
429881,inf
228797,inf
94768,inf
504008,inf
511383,inf
654685,inf
305842,inf
347639,0.0
674744,inf
10049,0.0
512167,inf
636181,inf
448968,inf
500877,inf
33702,inf
442873,inf
416938,inf
289399,inf
342344,inf
229437,0.0
496251,0.0
224968,inf
487854,0.0
529747,inf
642114,0.0
380786,inf
349217,inf
197123,inf
351234,inf
624680,inf
397824,inf
688492,inf
202767,inf
11066,inf
453009,inf
633508,inf
233177,inf
461738,inf
700269,inf
124506,inf
380960,inf
320975,0.0
120265,inf
543272,0.0
531336,inf
547747,inf
377753,inf
4258,inf
69976,inf
401292,0.0
148557,inf
306120,0.0
430578,inf
247065,0.0
65488,inf
545628,inf
434567,inf
75192,inf
177443,inf
37822,0.0
215800,inf
676451,0.0
249444,0.0
525116,inf
600456,inf
48187,inf
600644,inf
58435,0.0
560793,inf
202077,inf
383928,inf
72717,inf
232065,inf
226819,0.0
630461,0.0
206624,inf
161054,inf
533021,inf
262116,inf
476419,inf
344860,inf
619576,inf
464044,0.0
179391,inf
621631,inf
186048,inf
316704,inf
500463,inf
447863,inf
291871,0.0
400901,0.0
518423,inf
247155,inf
238381,inf
233159,inf
221909,inf
562042,inf
25561,inf
245129,inf
191398,0.0
200494,inf
19950,inf
285577,inf
69363,inf
496955,inf
475788,inf
289514,inf
333525,inf
306918,inf
402360,inf
303589,inf
244528,0.0
151834,0.0
198776,inf
20068,0.0
242091,inf
551042,inf
512496,inf
559336,inf
455487,inf
504600,inf
418461,inf
529989,inf
682072,inf
200886,inf
621157,inf
591055,0.0
226550,inf
473677,0.0
589284,inf
397443,inf
171758,inf
339057,inf
244235,0.0
412534,inf
125690,inf
104072,inf
467406,0.0
157197,inf
146568,inf
257535,0.0
505894,inf
545482,0.0
180586,0.0
491701,inf
650856,inf
237540,inf
517376,inf
704417,inf
289268,inf
415408,inf
212015,0.0
656234,inf
95486,inf
240768,0.0
444093,0.0
707338,inf
627215,inf
637092,inf
193035,0.0
131569,inf
54050,inf
13913,inf
540310,0.0
554745,inf
123136,inf
347597,inf
147072,inf
527504,inf
196561,inf
54592,inf
118570,inf
168513,0.0
226584,inf
209535,inf
334214,inf
154264,inf
157846,inf
317875,inf
660287,inf
680358,inf
671899,inf
420592,inf
67674,0.0
404309,inf
541032,0.0
355485,inf
585562,inf
590469,inf
656579,inf
577633,inf
95744,inf
623007,inf
382592,inf
543404,inf
117237,inf
192493,inf
131064,inf
213740,inf
308660,0.0
458370,inf
679699,inf
59757,0.0
499545,inf
147497,inf
531748,inf
388157,inf
376080,inf
183925,inf
214329,0.0
443484,inf
346987,0.0
382493,inf
217043,inf
200074,inf
15118,inf
521082,inf
445614,0.0
65658,inf
35640,inf
140423,inf
45911,inf
660714,inf
276276,0.0
382482,inf
7181,inf
99472,inf
79907,inf
543821,inf
646875,inf
61397,inf
632,0.0
127897,inf
120162,0.0
556851,inf
79072,inf
440682,inf
175613,inf
238792,inf
596453,inf
51685,inf
211809,inf
539540,inf
154721,0.0
642847,inf
479533,inf
202314,inf
21547,0.0
225632,inf
232544,0.0
161030,inf
341234,0.0
453675,inf
617616,0.0
128739,inf
465631,inf
420997,0.0
604490,0.0
260550,inf
367549,inf
149006,inf
371653,inf
219105,inf
38115,inf
638538,0.0
121283,0.0
27435,0.0
9316,inf
151987,0.0
161310,inf
301074,inf
114106,inf
708704,inf
229378,0.0
646364,0.0
627922,inf
351307,inf
677453,0.0
228234,inf
446794,inf
554753,inf
610133,inf
146132,inf
654042,inf
382097,inf
91124,inf
386152,inf
78198,0.0
631013,inf
240073,inf
513525,inf
88225,0.0
217047,inf
1184,0.0
150965,inf
186428,inf
506986,inf
214656,inf
496773,inf
644963,inf
248442,inf
597243,0.0
488503,inf
253209,inf
341953,inf
34434,inf
436197,inf
248164,inf
98209,inf
595803,inf
664891,0.0
269008,0.0
29057,inf
683198,inf
662732,inf
458779,inf
638053,0.0
182347,inf
530573,0.0
6125,inf
286836,inf
56707,inf
391470,inf
670927,inf
493144,inf
653520,inf
162933,inf
643479,inf
56384,inf
632011,inf
186634,inf
7862,inf
693725,inf
258521,inf
164105,inf
512748,0.0
206181,inf
606119,inf
26449,inf
515191,inf
62198,inf
639543,inf
542217,inf
310978,0.0
173183,inf
185567,0.0
410541,inf
696376,inf
244475,inf
215661,inf
133548,inf
469915,inf
93515,inf
555197,inf
8820,inf
69009,inf
469362,inf
136504,inf
540600,inf
569561,inf
59826,inf
328583,inf
130647,inf
582234,0.0
216486,0.0
262141,inf
365324,inf
204760,inf
17381,inf
353862,inf
277850,inf
379767,inf
33498,0.0
197936,inf
432388,inf
336156,inf
188596,inf
362973,inf
323830,inf
171572,inf
422576,0.0
608562,inf
43594,inf
128076,inf
202687,0.0
609488,0.0
522694,inf
61972,inf
44555,inf
611061,inf
312644,inf
463933,inf
599472,inf
293444,inf
311922,inf
583997,0.0
335996,inf
33527,inf
281687,inf
255321,inf
662642,inf
240141,0.0
308014,inf
48087,inf
364144,inf
407394,0.0
546456,0.0
34807,inf
274284,0.0
272889,inf
423305,inf
91554,inf
582069,inf
156314,0.0
374277,inf
255380,inf
193471,inf
183481,0.0
195695,0.0
661577,inf
111818,inf
197016,inf
425820,inf
519541,inf
228670,inf
646108,inf
255484,inf
697542,inf
606991,inf
220678,inf
70562,inf
199726,inf
204563,inf
31462,inf
296887,0.0
660568,inf
151590,inf
57857,inf
355659,inf
175463,0.0
549069,inf
693040,0.0
226272,inf
438287,inf
495795,0.0
216140,inf
554974,inf
55568,0.0
249142,0.0
436208,inf
432622,inf
541848,inf
692566,inf
200139,inf
394171,inf
672492,inf
464794,inf
535469,inf
660327,inf
26720,inf
115754,inf
491795,inf
423763,inf
70580,inf
452290,inf
28099,inf
586473,inf
280145,inf
148919,inf
19897,0.0
604669,inf
470040,0.0
347370,inf
420372,inf
456354,inf
409372,0.0
620370,0.0
651363,0.0
186447,0.0
291799,inf
522981,inf
14920,inf
250871,inf
535405,inf
147279,inf
309350,inf
282351,inf
290417,inf
562840,inf
473037,inf
476853,0.0
456908,inf
471985,inf
302635,inf
20285,inf
654755,inf
471695,inf
696837,inf
131878,inf
158117,inf
424032,0.0
619817,inf
393794,inf
161836,inf
575464,inf
470789,inf
62053,inf
663520,inf
9145,inf
606615,inf
93316,inf
237855,0.0
434177,inf
180159,inf
76987,inf
692409,inf
509076,inf
361633,inf
210867,inf
130373,0.0
33845,inf
8385,inf
166145,inf
347595,inf
456231,inf
486633,inf
1592,inf
239725,inf
481697,inf
663804,inf
129098,0.0
7259,inf
495395,inf
497310,inf
564891,inf
408314,0.0
179974,inf
190929,inf
153343,inf
377125,inf
324504,inf
705583,inf
129071,inf
31239,inf
81632,0.0
192319,inf
562207,0.0
468025,inf
148890,inf
280876,inf
575634,inf
28038,inf
236891,inf
458578,inf
542003,inf
598606,inf
123229,0.0
468819,inf
424418,inf
312386,inf
608596,inf
69763,inf
509681,inf
63693,inf
595617,inf
19623,inf
341586,inf
30487,inf
695991,inf
163890,inf
602153,inf
123616,inf
51371,inf
144747,0.0
437272,inf
506102,inf
203020,inf
281164,inf
214244,0.0
237443,inf
386357,inf
447015,inf
354169,inf
416319,inf
165693,inf
381115,inf
163379,inf
274241,inf
432725,inf
195264,0.0
387878,inf
563051,0.0
115977,0.0
601658,inf
642501,inf
633839,inf
459281,inf
48354,inf
660795,inf
509195,inf
608563,inf
92274,inf
132521,inf
438330,inf
475338,inf
548966,0.0
77067,inf
79241,inf
365507,inf
279190,inf
522802,inf
662539,inf
349120,inf
354497,inf
41284,inf
86596,0.0
473438,inf
115292,inf
471635,inf
512252,inf
224573,inf
487192,inf
550165,0.0
162403,0.0
275404,0.0
694061,inf
56614,inf
42176,inf
214614,inf
498640,inf
289676,inf
167195,inf
205804,inf
82613,inf
381240,inf
330330,inf
546343,inf
308575,inf
399010,0.0
220937,inf
279905,inf
205129,inf
371049,0.0
498362,inf
642616,inf
45044,inf
645779,inf
613210,inf
87523,inf
606640,0.0
39764,inf
622428,0.0
355246,inf
21961,inf
49370,0.0
233693,inf
373668,inf
330983,inf
234608,inf
604182,inf
603928,inf
230740,inf
121776,0.0
356068,inf
256683,0.0
384940,inf
683726,inf
163721,inf
86766,inf
39513,inf
592129,inf
637379,inf
9592,inf
682316,inf
646643,inf
596610,inf
673589,inf
326157,inf
100541,inf
190094,inf
141835,inf
418182,inf
50000,inf
53571,inf
563646,inf
1122,inf
488408,0.0
320807,0.0
230222,inf
550016,0.0
399273,inf
51991,inf
10832,inf
630392,inf
247565,inf
440150,inf
158232,inf
509098,inf
348880,inf
474161,inf
458751,0.0
384014,inf
689601,0.0
128369,inf
321721,inf
556778,inf
61403,inf
576663,inf
567979,inf
179981,inf
367361,inf
119451,inf
77946,inf
392892,inf
199722,inf
635041,inf
601006,inf
377420,inf
473450,inf
421137,0.0
466625,inf
145798,inf
672108,inf
438333,inf
228115,inf
406647,inf
671102,inf
219682,inf
326326,0.0
311470,inf
35990,inf
649124,inf
1481,inf
516694,0.0
122092,0.0
250002,0.0
372203,inf
366438,inf
65175,inf
376944,0.0
436284,inf
554590,inf
12879,inf
208354,0.0
129043,inf
591301,inf
642721,inf
125398,inf
32259,inf
380730,inf
681172,inf
436209,inf
305535,inf
369707,inf
403735,inf
64252,inf
547879,inf
239174,inf
157457,inf
670730,inf
530850,inf
74159,0.0
494555,inf
427381,inf
659133,inf
485118,inf
77846,0.0
619650,0.0
194637,0.0
150636,inf
146447,0.0
355081,inf
580668,inf
96824,inf
247101,inf
648341,inf
144569,inf
37313,inf
227147,inf
200362,0.0
207128,inf
634125,inf
532340,inf
383281,inf
461718,inf
486901,inf
523568,inf
570210,inf
49701,inf
527404,0.0
41710,inf
303183,inf
475030,inf
313397,inf
608022,inf
452840,inf
121346,inf
547643,inf
283547,inf
699420,inf
616475,inf
522231,0.0
455308,0.0
655726,inf
178276,inf
482170,inf
520680,inf
477642,0.0
398629,inf
310963,inf
462603,inf
532831,0.0
377838,inf
6740,0.0
75116,inf
567135,inf
583402,inf
241648,inf
329283,inf
660652,inf
465964,inf
476343,inf
251646,inf
492721,inf
264704,inf
462600,0.0
269955,0.0
402150,inf
606508,inf
469438,inf
157934,0.0
684141,inf
543621,inf
180874,inf
118015,0.0
464425,inf
459797,inf
517274,inf
54571,inf
269146,inf
34399,0.0
701594,inf
577582,inf
172862,inf
60952,inf
19185,inf
167177,inf
593931,inf
367013,inf
294447,inf
237653,inf
436283,inf
501792,inf
77609,inf
647073,inf
60566,inf
414690,inf
129758,0.0
374330,inf
37334,inf
174474,inf
236874,inf
632075,inf
34489,inf
283895,inf
380060,inf
374235,inf
242980,inf
403729,inf
194620,inf
11965,0.0
350902,inf
508606,inf
468935,inf
711092,inf
696651,inf
146575,inf
450947,0.0
60261,inf
241058,inf
512702,inf
353360,inf
31142,inf
626573,0.0
463381,inf
439954,inf
418177,inf
257957,inf
213490,inf
513314,inf
162349,inf
385167,inf
189264,inf
57038,inf
658504,inf
431793,inf
207581,inf
446594,inf
517329,inf
140801,inf
258094,inf
294698,inf
211499,inf
62519,0.0
335473,inf
92918,inf
187735,inf
706909,0.0
560977,inf
49889,inf
527181,inf
122764,inf
483878,inf
665321,inf
580923,inf
576161,inf
279031,inf
537432,inf
353241,inf
334189,inf
154272,inf
429136,inf
149276,inf
526003,inf
689114,inf
289541,inf
73485,inf
476671,inf
330897,inf
16411,inf
229127,inf
343902,inf
394899,0.0
464468,inf
44337,inf
240386,inf
382942,inf
181644,0.0
105837,inf
683031,inf
707331,inf
645625,inf
426848,inf
260645,inf
438545,inf
686992,inf
199964,inf
667702,0.0
344680,inf
240254,inf
252623,inf
16332,0.0
478804,inf
606306,inf
578038,inf
673138,inf
313030,inf
2594,inf
405486,inf
195614,inf
423972,inf
213908,inf
267943,inf
466338,0.0
475390,inf
3007,inf
240219,inf
79044,inf
489915,inf
114467,inf
327547,inf
334430,inf
595108,inf
294541,inf
447347,inf
606095,inf
542589,inf
653634,inf
322742,inf
695382,0.0
80377,inf
329314,0.0
94979,inf
230212,inf
403860,inf
339932,inf
271729,inf
106563,inf
437962,inf
222250,0.0
279937,inf
336281,inf
407108,inf
434166,0.0
494835,inf
50564,0.0
237470,inf
531251,inf
543959,inf
98507,inf
21303,inf
226256,inf
500035,inf
296992,0.0
279161,inf
247484,0.0
157981,inf
548338,inf
493074,inf
73376,inf
457882,inf
375225,0.0
142343,inf
85791,inf
605819,inf
33758,inf
416747,inf
54107,inf
53101,inf
520463,inf
323589,0.0
538357,inf
107186,inf
626860,inf
349555,inf
241416,inf
704070,0.0
468041,0.0
559555,inf
473371,0.0
555611,inf
489841,inf
362441,inf
467165,inf
284775,inf
571944,inf
58190,inf
25064,inf
694268,inf
355989,inf
387438,inf
647218,inf
363820,inf
65754,inf
451392,0.0
164310,inf
680113,inf
104105,inf
648162,inf
554743,inf
459306,inf
665654,inf
97936,inf
259349,0.0
167923,0.0
427528,inf
107101,inf
548275,inf
278319,0.0
511822,inf
503857,0.0
631271,inf
562540,0.0
30148,0.0
529287,inf
673194,inf
129542,inf
293613,inf
332684,inf
361375,inf
289139,inf
28954,inf
672649,0.0
553172,inf
569855,0.0
595806,inf
8031,0.0
329540,inf
192518,inf
271631,inf
629403,inf
183172,inf
620329,inf
220365,inf
581574,inf
232062,inf
662491,inf
679224,inf
325282,inf
54189,inf
366685,inf
365990,inf
327635,inf
476053,inf
578494,inf
693384,inf
531836,inf
696199,inf
698785,inf
314900,inf
531933,inf
338882,inf
246360,inf
459670,inf
129709,inf
16267,inf
406868,inf
460563,inf
224552,inf
231977,inf
39827,inf
76246,inf
465167,inf
162234,inf
575095,inf
247509,inf
340425,inf
112036,0.0
605514,inf
291873,inf
21406,inf
489496,inf
456221,inf
336,inf
508200,inf
10463,0.0
592387,inf
572018,inf
653278,0.0
208008,0.0
681446,inf
70453,inf
703254,inf
475418,inf
124922,inf
216518,0.0
581578,inf
521367,inf
125770,inf
98883,inf
497063,inf
486685,inf
272526,inf
142551,0.0
399366,inf
190432,0.0
181735,inf
163376,inf
490994,inf
293623,inf
338728,inf
613193,inf
294585,inf
507920,inf
142748,inf
701836,inf
384530,inf
272901,inf
516725,inf
35214,inf
550150,inf
602690,inf
558485,inf
269668,0.0
609496,inf
573805,0.0
216734,inf
511215,0.0
339265,inf
176132,inf
226983,0.0
189851,inf
489797,inf
467832,inf
66094,0.0
471747,inf
26293,inf
567993,inf
435807,inf
58308,inf
547930,inf
445729,inf
262278,inf
685849,inf
5435,inf
400072,inf
9886,inf
595431,inf
471645,inf
503867,0.0
468014,0.0
408722,inf
202997,inf
397916,inf
239390,inf
435581,inf
369900,inf
676069,inf
188600,inf
124670,inf
552876,0.0
35551,inf
309129,inf
201798,inf
518190,inf
611656,inf
405815,inf
33221,inf
493855,inf
354796,inf
39447,inf
87792,inf
138154,inf
28948,inf
76890,inf
18027,inf
58189,0.0
676063,inf
164149,0.0
11248,inf
508364,inf
126887,inf
414905,inf
609536,inf
372289,inf
287654,inf
423919,inf
154047,0.0
431260,inf
567654,inf
177963,0.0
184729,inf
153074,inf
473973,inf
526418,inf
220078,inf
287015,inf
592882,0.0
496689,inf
393242,inf
270457,inf
353603,inf
415399,inf
278404,inf
699032,inf
418097,inf
121557,inf
225196,inf
498188,inf
251856,inf
421870,0.0
337661,inf
580437,inf
122340,inf
270007,0.0
219858,0.0
688537,inf
214253,inf
186632,inf
560262,inf
697549,inf
452444,inf
711818,inf
604614,inf
31208,inf
203924,inf
668350,inf
470749,inf
460216,inf
26033,inf
170649,inf
95658,inf
94840,inf
597987,inf
41632,inf
562690,inf
611464,inf
50263,0.0
269953,0.0
449877,inf
490421,inf
322731,inf
304289,inf
379302,inf
392818,inf
435237,inf
301602,inf
535945,inf
528990,inf
12202,inf
609859,0.0
419748,inf
173579,inf
457239,inf
537674,0.0
699496,inf
159188,inf
687540,inf
97903,inf
270709,inf
674754,0.0
220,inf
616221,inf
282871,inf
341461,inf
143840,inf
667416,inf
593671,inf
676191,inf
551874,0.0
196630,inf
368364,inf
85909,0.0
266810,0.0
635346,inf
420005,inf
548634,inf
98724,inf
183638,inf
164411,inf
89077,inf
515664,0.0
297721,inf
283594,inf
589244,inf
265939,inf
394815,inf
140348,inf
91756,inf
348924,inf
473140,inf
434801,inf
578991,inf
677181,inf
552168,inf
1839,inf
382186,inf
510773,inf
131367,inf
251305,0.0
630116,inf
228610,0.0
175517,inf
627882,inf
321797,inf
64856,inf
43696,inf
578092,inf
155983,0.0
441114,inf
42879,0.0
538136,inf
392566,inf
454035,inf
423593,inf
710334,inf
48257,inf
308745,inf
667871,inf
239873,0.0
575635,inf
440211,inf
163514,inf
200588,inf
304168,inf
123709,inf
705770,0.0
471929,inf
452909,inf
46351,inf
137554,inf
272111,inf
107673,inf
270038,0.0
244578,inf
667898,inf
448205,inf
368790,inf
50615,inf
206,inf
82601,inf
15880,inf
539920,inf
139095,inf
480708,inf
606532,inf
161446,inf
333031,inf
573550,inf
595546,0.0
446661,inf
463829,inf
507266,inf
291471,inf
582329,inf
256237,inf
149028,inf
484413,inf
697569,inf
91221,inf
477073,inf
106995,inf
119849,inf
109849,inf
365111,inf
482436,inf
481537,0.0
633497,inf
628315,inf
452770,0.0
534964,inf
686543,0.0
614278,inf
228880,inf
299077,inf
408909,inf
268119,inf
20042,0.0
381194,inf
248055,0.0
569328,inf
618744,inf
323681,inf
395831,inf
224425,inf
325643,inf
265160,0.0
698392,inf
592317,inf
200499,inf
297793,inf
267242,inf
336623,inf
666352,inf
577432,inf
462584,0.0
390543,inf
388192,inf
405260,inf
327853,inf
101382,inf
442490,inf
57699,inf
118144,inf
617157,inf
315249,inf
378630,inf
505093,inf
322867,inf
264012,inf
244470,inf
337623,inf
56705,inf
184697,0.0
578837,inf
8064,inf
460240,inf
293800,inf
126834,inf
369987,inf
613358,inf
320546,inf
526140,inf
71817,inf
477814,inf
490989,inf
395686,inf
552407,inf
465781,inf
649655,inf
357094,inf
2602,inf
420530,inf
622109,0.0
122105,inf
587339,inf
286717,inf
393263,inf
482179,inf
124745,inf
652423,inf
685850,inf
94667,inf
117818,inf
610504,inf
332076,inf
673168,inf
308119,inf
674450,inf
423148,inf
193357,0.0
188941,inf
337247,inf
517124,inf
385555,inf
680516,inf
636116,inf
581547,inf
289946,inf
231655,0.0
676316,inf
570418,inf
139085,inf
336908,0.0
220952,inf
171674,inf
711921,inf
427096,inf
197817,0.0
236656,inf
99341,inf
556615,inf
138014,0.0
175947,inf
658738,inf
42703,0.0
417567,inf
583680,0.0
207061,inf
538314,inf
314930,inf
480624,inf
391423,0.0
249548,inf
432738,inf
143214,inf
233475,inf
675298,inf
50006,0.0
221932,0.0
307405,inf
359733,inf
635377,inf
458149,inf
288817,0.0
22480,inf
687587,inf
300554,0.0
442045,inf
131932,0.0
580918,inf
204670,0.0
212176,inf
245358,inf
346008,inf
360462,inf
333127,0.0
607461,inf
640596,inf
77527,inf
258925,0.0
283507,0.0
436041,0.0
474552,inf
501154,inf
118852,inf
26967,inf
413280,inf
174574,inf
620145,inf
550816,inf
301558,inf
499788,0.0
284803,inf
190715,inf
142465,inf
297246,inf
551343,0.0
460090,inf
439318,inf
269959,0.0
475475,inf
533448,inf
156851,0.0
634642,inf
32771,0.0
168347,inf
38839,0.0
364724,inf
112973,inf
1845,inf
482298,inf
119833,inf
519789,inf
390271,inf
237406,inf
695279,inf
533602,inf
574982,inf
542485,0.0
25995,inf
314914,inf
267088,inf
364243,inf
489204,inf
176063,inf
96482,inf
317890,inf
461005,inf
541340,inf
462640,inf
162140,inf
16510,inf
58617,inf
408059,inf
599014,inf
94753,inf
178304,0.0
330143,inf
543460,inf
99599,inf
585353,0.0
275446,inf
394197,inf
574063,inf
678904,inf
178703,inf
470479,inf
662365,0.0
469708,inf
519982,0.0
452718,inf
642319,inf
178558,inf
613738,inf
164907,0.0
21463,0.0
145556,0.0
343249,inf
493196,inf
396677,inf
618562,0.0
684958,inf
86317,inf
248654,inf
136550,inf
699519,inf
17483,inf
612346,inf
76176,inf
273813,inf
493336,inf
313311,inf
62816,inf
437167,inf
401856,inf
626399,inf
660892,inf
475868,inf
4130,0.0
283093,inf
500685,inf
373710,inf
607331,0.0
682592,inf
483544,inf
212039,inf
360053,0.0
288718,0.0
243439,inf
77944,inf
75979,0.0
537916,inf
242448,inf
347841,inf
100248,inf
607237,inf
99945,inf
317691,inf
289585,inf
93393,inf
478257,inf
396577,inf
659908,0.0
243503,0.0
161073,inf
353094,inf
41612,inf
152215,inf
287800,inf
22621,inf
196704,0.0
396916,inf
309909,inf
335438,inf
545840,inf
166147,inf
59142,inf
630429,0.0
404864,0.0
460318,inf
593562,inf
689219,inf
448192,inf
134885,inf
696045,inf
276973,inf
685293,inf
593928,0.0
349401,inf
198962,inf
322772,inf
577850,inf
41647,inf
20320,0.0
65802,inf
536345,inf
241131,0.0
652307,inf
466936,inf
54517,inf
4433,0.0
466493,inf
510283,inf
333119,inf
373626,inf
130278,inf
480862,inf
47001,inf
484444,inf
206966,inf
643626,inf
142223,inf
319837,inf
710294,inf
627623,inf
33512,inf
398912,inf
483211,inf
47738,inf
154213,inf
85462,inf
285224,inf
526447,inf
60407,0.0
620835,0.0
268987,inf
158742,inf
43984,inf
104815,inf
446372,inf
664062,inf
563743,0.0
88215,inf
291108,inf
587474,inf
90182,inf
127539,inf
352054,inf
21456,inf
652799,inf
66161,inf
254405,inf
413389,inf
578034,inf
219838,inf
32185,inf
126220,inf
357285,inf
188473,inf
230409,0.0
388921,inf
31846,inf
203402,inf
386805,inf
192670,inf
10720,inf
355730,inf
468299,inf
528267,inf
59832,0.0
461922,inf
552740,0.0
381325,inf
371535,inf
469361,0.0
375022,inf
421967,inf
677417,inf
554826,0.0
183549,inf
194873,inf
132540,inf
111380,inf
638283,inf
162629,inf
598778,inf
253314,inf
41287,inf
311342,inf
251754,inf
446979,inf
151830,0.0
141135,0.0
168723,inf
107258,inf
565533,inf
701800,0.0
550171,inf
124473,0.0
199563,inf
422559,inf
419813,inf
261501,inf
357184,inf
307253,inf
72274,0.0
215831,inf
285270,inf
331265,inf
368177,0.0
669629,inf
477749,inf
177682,inf
242137,inf
245023,inf
292534,inf
691977,inf
510354,0.0
124071,inf
2036,inf
372161,inf
542964,inf
677630,inf
45525,inf
285087,0.0
703791,inf
219742,inf
466851,inf
309917,inf
88767,0.0
539675,inf
345937,inf
577103,inf
12225,0.0
449510,inf
362633,0.0
397805,inf
71451,inf
85192,inf
387113,inf
72491,inf
356774,inf
207180,inf
556975,inf
99203,inf
378320,inf
512350,inf
156787,inf
363517,inf
86693,0.0
128147,inf
241591,inf
261660,inf
201265,inf
426457,inf
139120,inf
454062,inf
656897,0.0
60153,0.0
133744,inf
370504,inf
49445,inf
692431,inf
97927,inf
557926,inf
562594,inf
70102,inf
162847,0.0
499496,inf
707914,inf
618846,inf
626381,inf
419178,0.0
373487,inf
488008,0.0
695526,inf
436417,inf
141676,inf
666847,inf
593224,inf
619253,inf
607251,inf
597965,inf
263674,inf
560409,0.0
273858,inf
304588,inf
692289,inf
203627,inf
147184,inf
174486,inf
672022,inf
553036,inf
674315,inf
66473,inf
256449,inf
475765,inf
314300,inf
22789,inf
474796,inf
582599,inf
450547,0.0
616909,inf
91943,inf
9972,inf
569073,inf
565692,inf
583555,0.0
46709,inf
464953,inf
233791,inf
602666,inf
520817,inf
709597,inf
142367,inf
227103,inf
348263,inf
86088,inf
651719,inf
534589,inf
31732,0.0
662593,inf
406829,inf
130905,inf
662025,0.0
624731,inf
313985,inf
182885,inf
468566,inf
705594,inf
156701,0.0
217835,0.0
190758,inf
339893,inf
463930,inf
249217,inf
229860,inf
64176,inf
60736,inf
280335,inf
75540,inf
254622,inf
20535,inf
327979,inf
59310,inf
90279,inf
129641,inf
467758,inf
190531,inf
674383,inf
671755,0.0
269567,inf
292142,inf
614906,inf
191724,0.0
663077,inf
365143,inf
9607,inf
699018,0.0
406205,0.0
200853,inf
203466,inf
276525,inf
472097,inf
447128,inf
233459,inf
401461,0.0
134698,inf
503345,inf
155339,inf
25003,inf
677022,0.0
499325,inf
208289,inf
313369,inf
410879,inf
476799,0.0
14160,inf
125864,inf
310448,inf
637258,inf
318350,inf
560206,inf
632829,inf
82106,inf
251437,inf
362829,0.0
299242,inf
326056,0.0
704430,inf
402399,0.0
364885,0.0
191825,inf
360132,inf
41412,inf
148232,inf
290168,inf
511292,inf
365448,inf
519914,inf
454709,inf
365433,inf
369313,inf
377590,inf
403073,0.0
225581,inf
168246,0.0
690459,inf
673656,inf
120674,inf
391448,inf
77359,inf
52554,inf
351313,inf
499160,inf
179434,inf
92743,inf
493858,inf
114233,inf
616948,inf
541331,inf
527798,0.0
343393,0.0
314004,inf
211540,inf
443474,inf
117487,inf
466962,inf
623820,0.0
114788,inf
573673,inf
228918,inf
496275,inf
589025,inf
240132,inf
678170,inf
236553,0.0
306689,inf
68121,inf
288190,inf
519603,inf
477436,inf
206156,0.0
241751,inf
278065,inf
375613,inf
590098,0.0
693102,inf
521101,0.0
241439,inf
651933,inf
642430,inf
673460,inf
675076,inf
406296,inf
110287,inf
550205,inf
6681,inf
147112,0.0
387146,inf
490509,inf
436250,inf
247340,inf
533726,inf
296487,inf
381339,inf
98942,inf
356703,inf
685249,inf
697687,inf
68841,inf
416054,0.0
510765,inf
19717,inf
201385,inf
42626,inf
346869,inf
495871,inf
165597,inf
484464,0.0
56319,inf
330708,inf
50404,inf
224067,inf
410729,0.0
661287,inf
161980,inf
83300,inf
607332,inf
171375,inf
157943,0.0
262462,0.0
228401,0.0
408948,0.0
118685,inf
589010,inf
244101,inf
278340,0.0
333233,inf
37261,inf
511896,inf
195233,inf
330191,0.0
504025,inf
563944,0.0
326941,inf
231280,inf
218678,inf
215091,0.0
378869,inf
498112,inf
527946,inf
154192,inf
150228,inf
707266,inf
395416,0.0
664803,0.0
703214,inf
525722,0.0
105011,inf
335823,0.0
176510,inf
29585,inf
286261,0.0
442857,0.0
695412,0.0
354384,inf
697657,inf
245017,inf
680855,inf
454713,inf
682699,inf
301607,inf
552797,0.0
396035,0.0
48019,inf
502073,inf
331834,inf
156098,inf
100715,inf
157684,inf
399223,inf
386460,inf
646428,0.0
457777,inf
625525,inf
16205,0.0
24126,inf
626978,inf
206107,inf
288803,0.0
151517,inf
665208,inf
348173,inf
319902,inf
149565,inf
529927,inf
252698,inf
602356,inf
381819,0.0
469045,inf
552309,inf
400698,inf
449399,0.0
58035,inf
435724,inf
230863,inf
86090,0.0
417215,inf
376006,inf
73173,inf
501628,inf
601068,0.0
530338,0.0
297312,inf
106450,0.0
446308,inf
421755,inf
60909,inf
109267,inf
569614,inf
79203,inf
41699,inf
159862,inf
648542,inf
642967,inf
166474,inf
177104,inf
565988,inf
162480,inf
655473,inf
360737,inf
568391,0.0
330978,inf
404288,inf
702379,0.0
96628,inf
515394,inf
491339,inf
74955,inf
410996,0.0
238456,0.0
248271,inf
65813,0.0
368227,inf
164587,inf
449738,inf
121995,inf
103934,inf
68392,inf
33085,inf
244378,inf
546259,inf
237506,inf
358014,inf
442922,inf
260462,inf
234383,inf
30892,0.0
231866,inf
698788,0.0
140174,inf
136427,inf
291069,inf
224169,inf
165572,0.0
196242,inf
134091,0.0
623965,0.0
615476,inf
608857,inf
598504,inf
427752,inf
13021,0.0
69567,inf
635023,inf
666616,inf
566639,inf
155238,inf
478181,inf
588060,inf
46938,0.0
63415,inf
347965,inf
165224,inf
426694,inf
277817,inf
553943,inf
197222,inf
477330,inf
397802,inf
626965,inf
354047,inf
584725,inf
356590,inf
678450,inf
186014,inf
531900,inf
363355,inf
614563,inf
285909,inf
130331,inf
401715,inf
382278,inf
93941,inf
515629,inf
111059,0.0
495314,inf
191510,0.0
110538,inf
78691,inf
527833,inf
559687,inf
595031,0.0
164680,inf
260087,inf
557608,inf
624422,inf
386086,inf
263559,inf
258110,inf
86858,inf
178678,inf
160518,inf
458862,inf
97987,inf
440926,inf
287042,inf
130782,0.0
156762,inf
181159,inf
176669,inf
147642,inf
2759,inf
708339,0.0
654614,inf
289945,0.0
137246,inf
579164,0.0
656999,inf
275059,inf
317393,inf
97585,inf
621615,inf
545161,0.0
78584,0.0
260729,inf
565113,0.0
318147,inf
708490,0.0
525112,inf
128325,inf
297123,inf
532334,inf
577907,inf
289321,0.0
231839,inf
317256,0.0
438910,inf
608581,0.0
300125,inf
690488,inf
532737,0.0
466340,0.0
455097,0.0
443023,inf
470004,0.0
234460,inf
1309,inf
684372,inf
429245,inf
178227,inf
60667,inf
514300,inf
449413,inf
358106,0.0
333580,inf
195722,inf
247851,inf
461479,inf
228438,inf
356877,inf
390368,0.0
411511,inf
201414,inf
204320,0.0
154153,inf
299973,inf
393204,inf
127486,inf
617062,inf
233169,0.0
584076,inf
702778,inf
613459,inf
32097,0.0
279278,inf
56641,inf
419585,inf
301163,inf
699463,inf
513294,inf
539798,0.0
19664,inf
530250,inf
288345,inf
204156,inf
490014,inf
95536,inf
666468,inf
568125,inf
628644,inf
524284,0.0
609121,inf
56615,inf
141905,inf
117058,0.0
591039,inf
672498,inf
255310,inf
168814,inf
156913,inf
148053,0.0
508327,0.0
526475,inf
411034,inf
156612,inf
37212,inf
224753,inf
98130,inf
192198,inf
658475,inf
103707,inf
689681,inf
479464,inf
531082,0.0
104074,inf
468184,inf
218110,inf
158459,inf
697345,inf
536041,inf
656515,inf
87895,inf
171602,inf
436924,inf
424579,inf
644721,inf
291345,inf
367930,inf
268540,inf
7330,0.0
100677,inf
430882,0.0
143224,inf
62426,inf
544157,inf
30517,inf
12540,inf
646665,inf
351808,inf
378942,0.0
206275,inf
155932,0.0
559529,inf
668722,inf
570796,inf
16737,inf
364608,inf
612144,0.0
155019,inf
63472,inf
680019,inf
659588,0.0
538493,0.0
257968,inf
668730,0.0
508724,inf
262267,inf
290756,inf
57392,inf
76298,inf
596260,inf
258259,inf
22246,inf
359826,inf
204631,inf
367535,inf
507007,inf
153132,inf
608633,inf
376257,inf
478486,inf
570575,inf
164620,inf
356923,0.0
165520,0.0
253918,inf
646901,0.0
425594,inf
215687,inf
383111,inf
153987,inf
628125,inf
242664,inf
538082,inf
476948,inf
86997,0.0
232937,0.0
632939,inf
269124,0.0
151675,inf
313600,0.0
597010,inf
111260,inf
637942,inf
249963,inf
101460,inf
266467,inf
640218,0.0
871,0.0
209454,inf
186642,inf
102332,inf
651647,inf
389172,inf
118068,inf
678128,inf
497144,inf
75135,0.0
208749,inf
345217,inf
279792,inf
116279,inf
191958,inf
386212,inf
677831,0.0
660247,inf
601316,0.0
440126,inf
67601,0.0
703039,inf
509220,inf
600076,inf
425445,inf
488391,inf
119545,inf
44183,inf
74331,0.0
79789,inf
539140,0.0
147890,inf
134086,inf
653751,inf
62652,inf
89967,inf
96012,0.0
585116,inf
653472,inf
626616,inf
684848,inf
40420,inf
370769,inf
700409,inf
637297,inf
124900,inf
220717,0.0
46408,inf
111791,inf
696312,inf
593168,inf
201667,inf
186159,inf
178472,0.0
267510,inf
155127,0.0
620397,inf
74129,inf
234594,0.0
676887,inf
36428,inf
584012,0.0
404658,inf
26930,inf
647288,inf
425152,inf
444858,inf
249012,inf
400718,inf
644323,inf
251295,inf
584522,inf
645669,inf
491971,0.0
523562,inf
111088,inf
326131,inf
381125,inf
703068,inf
9144,inf
659274,inf
367124,inf
681895,inf
134541,inf
135180,inf
294071,inf
453253,inf
46345,inf
10167,inf
52887,inf
244787,inf
672728,inf
588508,inf
167471,inf
25602,inf
333019,inf
5879,inf
404059,inf
241671,inf
520659,inf
429317,inf
5437,inf
457519,inf
704683,inf
155644,inf
198186,inf
28476,0.0
160555,inf
338271,inf
130179,inf
67496,inf
84095,inf
470687,inf
249663,0.0
392523,inf
75867,inf
408155,inf
35656,inf
664329,inf
299630,inf
554422,inf
574223,inf
314959,inf
55539,inf
481928,inf
288497,inf
53046,inf
194427,inf
711320,inf
652144,0.0
318142,inf
360047,inf
229897,0.0
332157,inf
137259,inf
143613,inf
239593,inf
622495,inf
319460,inf
611412,inf
645759,inf
576322,inf
546987,inf
576593,0.0
242480,inf
490142,inf
608843,0.0
534657,inf
611519,inf
357044,inf
148523,0.0
671924,inf
236086,0.0
701045,inf
419630,inf
630752,inf
100964,inf
676564,inf
456251,inf
494478,inf
31456,0.0
710901,inf
235993,inf
81037,inf
161916,inf
16374,0.0
446170,0.0
562016,inf
377556,0.0
39622,inf
549648,inf
246650,inf
170499,inf
267291,inf
274165,inf
410917,inf
541439,0.0
341180,inf
23333,inf
312638,inf
42354,inf
659595,inf
626703,inf
570155,0.0
491074,inf
182768,0.0
266440,inf
577076,0.0
93972,inf
571875,inf
16540,inf
550916,inf
690289,inf
671866,inf
413848,inf
628708,inf
52629,inf
402977,inf
490459,inf
434984,0.0
415082,inf
365846,inf
89765,inf
402028,inf
294109,inf
370140,0.0
602212,inf
536696,inf
346046,inf
691305,inf
246039,inf
165993,inf
308111,inf
548781,inf
552036,inf
636525,inf
247231,inf
263144,inf
212824,inf
17532,inf
22772,inf
15711,inf
138605,inf
302384,0.0
106520,inf
668771,inf
47626,inf
286263,inf
203804,inf
92175,0.0
320283,inf
230629,inf
331544,inf
219252,inf
440820,0.0
415190,inf
332004,0.0
236632,inf
315399,0.0
118559,inf
280262,0.0
426201,0.0
429702,inf
65836,inf
178237,inf
224220,inf
323201,inf
357353,inf
88687,inf
388083,inf
321729,inf
414542,inf
477091,0.0
644387,0.0
569387,inf
118445,inf
98897,inf
373151,inf
184064,0.0
643709,inf
314305,inf
171944,inf
1086,0.0
213802,inf
102873,inf
316634,0.0
710708,0.0
226769,inf
31039,inf
276506,inf
433435,inf
694806,inf
455278,inf
693626,inf
193711,inf
710121,inf
403936,0.0
188451,0.0
79537,0.0
2324,inf
373162,inf
87593,inf
124584,inf
48986,0.0
561394,0.0
35965,inf
24372,inf
470038,inf
131340,inf
520263,inf
322939,inf
497695,inf
562802,0.0
501611,inf
532731,inf
311352,inf
175928,0.0
516059,inf
67765,inf
573062,inf
215530,inf
632572,inf
606206,inf
324042,inf
654152,inf
586110,inf
107878,inf
292201,inf
706327,inf
671793,inf
603827,inf
265411,0.0
120519,inf
416957,0.0
32107,0.0
378955,inf
152404,inf
25121,0.0
30205,inf
670850,inf
141936,inf
479786,0.0
571331,inf
564450,inf
631023,inf
595445,inf
497388,inf
711682,0.0
297673,inf
201047,inf
525565,inf
32151,inf
63448,inf
159046,inf
315465,0.0
584373,0.0
689847,inf
297549,inf
373450,0.0
397787,inf
704484,inf
515354,inf
587010,inf
408102,inf
625251,inf
197402,inf
300558,inf
525329,inf
423143,inf
130991,inf
692385,inf
438809,inf
455170,0.0
708333,inf
145490,inf
674941,inf
383738,inf
102042,inf
134152,inf
242363,inf
437706,inf
95183,inf
469920,inf
357736,inf
466821,0.0
508636,0.0
278424,inf
700780,inf
345003,inf
51730,0.0
508628,0.0
660189,inf
211664,0.0
589957,inf
91438,inf
35314,inf
235871,inf
159796,inf
398901,inf
321785,inf
223388,0.0
3946,inf
146341,inf
129534,inf
273393,0.0
47521,0.0
25027,0.0
70413,inf
302113,inf
625309,inf
183233,inf
59260,inf
14751,inf
665278,inf
78026,inf
139967,0.0
696113,inf
374830,inf
81713,inf
59009,0.0
632351,inf
467489,inf
30396,inf
437467,inf
374840,inf
23133,inf
305227,inf
528188,inf
622174,inf
374838,inf
525699,inf
351773,0.0
705607,inf
643788,inf
217169,inf
325406,inf
452672,0.0
224670,inf
10603,inf
72337,inf
222068,inf
609088,inf
679739,inf
441360,inf
501303,inf
709120,inf
135356,inf
48493,0.0
322638,inf
458214,0.0
661156,inf
246240,inf
533353,inf
149001,inf
294191,inf
298600,0.0
154309,inf
310921,inf
416945,inf
311199,inf
457059,inf
363100,inf
225506,inf
113686,inf
170612,inf
203389,inf
278030,inf
301943,inf
458747,inf
656312,inf
657897,inf
350821,inf
566562,inf
191181,inf
289328,inf
564690,inf
495667,inf
518005,inf
252855,inf
393347,0.0
98605,inf
298639,inf
302563,0.0
71035,inf
491999,inf
142653,0.0
257452,inf
83050,inf
529238,inf
268586,inf
522601,inf
400806,inf
462636,inf
342778,inf
132795,0.0
690439,0.0
698350,inf
254014,inf
560674,inf
92541,inf
621885,inf
202958,inf
401590,inf
428380,inf
155712,inf
294731,inf
12374,inf
376787,inf
704055,0.0
222734,inf
419638,inf
195105,inf
113668,inf
244970,inf
137014,0.0
675882,inf
544301,inf
502964,inf
202228,inf
206996,0.0
281592,inf
558417,inf
478428,inf
279992,inf
268233,inf
669590,inf
553535,inf
160986,0.0
670203,inf
528723,inf
125837,inf
625509,inf
114563,inf
122871,inf
107640,inf
551591,inf
270109,0.0
252849,inf
663459,inf
434440,inf
415505,0.0
583805,0.0
466091,inf
61634,inf
618815,inf
675314,inf
79232,inf
89997,0.0
115444,0.0
108100,inf
404354,inf
42701,inf
687516,0.0
628905,inf
429969,inf
98619,inf
469152,inf
461521,inf
111368,inf
11999,inf
620185,inf
128297,inf
158434,0.0
402461,inf
197065,inf
698945,inf
70710,inf
102129,inf
494845,inf
268329,0.0
339876,inf
110731,inf
113810,inf
435066,inf
627420,inf
512949,inf
239187,inf
200828,inf
114769,inf
177195,0.0
40262,inf
74387,inf
2917,inf
177497,inf
174560,inf
238639,inf
663781,inf
415800,inf
577739,inf
550958,inf
418322,inf
146028,inf
177503,inf
498664,inf
355257,0.0
7450,inf
469932,inf
511842,0.0
449104,inf
680261,inf
49214,0.0
657618,inf
474504,inf
33861,0.0
31701,inf
445024,inf
176078,inf
507608,inf
660608,inf
486404,inf
541537,inf
41268,inf
208347,inf
205830,inf
273249,inf
189005,inf
441146,inf
136510,inf
58430,inf
358188,0.0
400979,0.0
587134,inf
124008,inf
211995,inf
118050,inf
587679,inf
116889,inf
687023,inf
232127,inf
192427,inf
691588,0.0
603739,inf
365796,inf
93090,inf
154925,inf
637911,inf
507894,inf
574658,inf
258001,0.0
105368,inf
307416,inf
178578,0.0
309606,inf
665798,inf
249910,inf
577252,inf
338184,inf
448930,inf
494945,inf
709311,0.0
596553,inf
35637,inf
686053,inf
312635,0.0
554738,inf
258393,inf
653220,0.0
302081,0.0
601072,inf
237939,inf
356084,inf
508796,inf
114056,inf
91632,inf
590788,inf
97512,inf
314587,inf
472208,inf
547272,0.0
613634,inf
339341,inf
141248,inf
18976,0.0
623053,inf
633453,inf
101951,inf
278929,0.0
253772,inf
664227,inf
630354,inf
592469,inf
506997,inf
587453,inf
272171,0.0
44452,inf
191008,0.0
252135,0.0
172579,inf
15230,inf
137149,inf
51865,inf
137619,0.0
509449,inf
51065,inf
673158,inf
249358,inf
205803,inf
521003,inf
393691,inf
295604,inf
82900,inf
416681,inf
637660,inf
140143,inf
583719,inf
75825,inf
389474,inf
690328,0.0
233066,inf
565648,inf
84708,inf
138331,inf
520892,inf
452471,0.0
117422,inf
49583,inf
106619,inf
605119,inf
88678,inf
322349,0.0
466487,inf
629157,0.0
571997,inf
905,inf
130076,inf
238212,inf
423995,inf
458651,inf
315200,inf
327006,inf
550576,inf
699252,inf
619040,inf
538390,inf
347425,0.0
338812,inf
490340,0.0
479938,inf
426480,inf
222359,inf
540397,inf
497453,0.0
579508,inf
47138,inf
695619,inf
111578,inf
401139,inf
628430,0.0
695581,0.0
149327,0.0
6221,inf
206949,inf
397278,0.0
694700,inf
404526,0.0
200088,inf
422181,0.0
130496,inf
312619,inf
325859,inf
235778,inf
47092,inf
436844,0.0
292292,inf
371172,inf
273433,inf
616946,inf
304480,inf
659737,0.0
224747,inf
549157,inf
690514,inf
26663,0.0
703313,inf
371992,inf
467692,inf
111277,inf
509081,inf
597492,inf
223034,inf
70392,inf
280592,inf
507205,inf
265794,inf
711174,inf
39061,inf
575833,inf
647036,inf
4104,inf
449582,inf
666055,inf
705223,inf
673195,inf
331728,inf
662113,inf
692365,inf
3075,inf
63674,inf
502978,inf
528273,inf
139063,inf
671616,0.0
577148,inf
365176,inf
621178,inf
168125,inf
216180,inf
669399,inf
243675,inf
331981,inf
477213,inf
323666,0.0
79290,inf
210518,inf
683088,inf
197188,0.0
177575,0.0
546681,inf
204508,inf
505087,inf
234629,0.0
677418,inf
310450,inf
275325,0.0
335340,inf
4552,inf
45876,inf
305593,inf
117466,inf
82701,inf
33023,inf
230842,inf
101732,inf
412054,inf
550598,0.0
653548,inf
203644,inf
707238,inf
623159,inf
560039,inf
114630,inf
471088,inf
665162,inf
694335,inf
584453,inf
296401,inf
32226,inf
551810,inf
328857,inf
565837,inf
24951,inf
550836,inf
537953,0.0
704016,0.0
517956,inf
158356,0.0
241901,inf
296390,inf
28799,inf
393516,inf
32999,inf
456191,inf
536198,inf
692102,inf
590652,inf
507061,inf
235079,inf
584811,inf
119838,inf
111593,0.0
102584,inf
442796,inf
585707,inf
424295,0.0
670514,inf
6829,inf
690696,inf
484496,0.0
446228,inf
334123,0.0
18606,inf
377277,inf
321279,inf
170247,inf
90678,inf
276354,0.0
609056,inf
194241,inf
641538,inf
195965,0.0
655093,inf
238398,inf
512837,inf
601955,inf
221860,0.0
353720,inf
60217,inf
459479,inf
66913,inf
555832,0.0
202823,inf
120650,inf
348976,inf
409588,inf
62402,inf
56011,inf
648339,inf
348345,inf
503712,inf
449656,0.0
521673,inf
460622,inf
315090,inf
97225,inf
565487,inf
258825,inf
108698,0.0
516171,0.0
481061,inf
130448,inf
305794,inf
498324,inf
425155,inf
583219,inf
557014,inf
180820,inf
398784,inf
560735,0.0
223104,inf
566267,inf
472976,0.0
371913,inf
641266,inf
453370,inf
103126,inf
240159,inf
125960,inf
504116,inf
221957,inf
158687,0.0
130075,inf
110454,inf
139674,inf
603817,inf
492430,inf
512951,inf
323293,inf
627878,inf
659696,inf
216441,inf
21948,inf
674024,inf
630375,inf
695029,inf
470234,inf
556021,inf
657040,inf
644190,inf
448295,0.0
246791,inf
268866,0.0
704700,inf
51540,0.0
347519,0.0
620462,inf
358800,inf
273302,inf
439982,inf
481062,inf
709088,0.0
291872,inf
132429,inf
651084,inf
200195,inf
90289,inf
533701,inf
544726,0.0
212827,inf
132460,inf
124163,inf
550718,inf
394635,inf
406821,inf
125643,inf
132555,inf
94187,0.0
354959,inf
102147,inf
633783,inf
460382,inf
379228,inf
711396,0.0
588216,inf
278604,inf
684782,inf
109113,0.0
695889,inf
639714,inf
312893,inf
443019,inf
527940,inf
454070,inf
571453,inf
57658,inf
82039,0.0
411082,0.0
127371,inf
625244,0.0
133089,inf
331474,inf
472823,inf
501791,inf
462293,inf
506334,inf
357405,0.0
554782,inf
657552,inf
506553,inf
460797,inf
461656,inf
105431,inf
329475,0.0
663233,inf
397188,0.0
499148,inf
461103,inf
431890,inf
11955,inf
373201,inf
283156,inf
218628,inf
58228,0.0
583560,inf
686828,inf
643063,inf
251328,inf
277418,0.0
380884,inf
522649,0.0
139016,inf
76632,inf
493762,inf
219601,inf
617387,0.0
573626,inf
123318,inf
575841,inf
562991,inf
140501,0.0
637285,inf
386197,inf
310960,inf
688428,inf
627661,inf
639564,0.0
377563,inf
567610,inf
105009,0.0
270556,inf
277340,inf
566429,inf
440579,inf
158349,inf
648066,inf
119486,0.0
104895,0.0
74900,inf
44053,0.0
459225,inf
620563,inf
218759,inf
295239,0.0
511676,inf
579317,inf
434391,inf
446425,inf
404391,inf
621101,inf
655117,inf
462982,inf
328266,inf
413170,inf
496063,inf
336401,inf
244204,inf
128209,inf
259458,inf
69817,inf
624232,inf
645969,inf
286144,inf
117342,inf
520937,0.0
230000,inf
581942,inf
96881,inf
550166,inf
25363,inf
490846,inf
604894,inf
471494,0.0
607876,inf
12093,inf
633616,inf
129359,inf
564954,inf
16546,inf
386629,inf
397412,inf
547067,inf
466227,inf
391150,inf
611265,0.0
392893,inf
369401,inf
265488,inf
521563,inf
17439,inf
22705,inf
271943,0.0
359189,inf
292635,inf
450811,0.0
661901,inf
304018,inf
482066,inf
51476,inf
464241,inf
163815,inf
516380,0.0
2281,inf
170430,inf
521907,0.0
527172,inf
587880,inf
556811,inf
345012,0.0
696699,inf
380483,inf
547273,inf
218635,0.0
477649,0.0
478098,inf
293469,0.0
169556,0.0
480492,inf
115994,0.0
635261,inf
143190,inf
289173,inf
411105,inf
557791,0.0
271619,inf
574860,inf
690022,0.0
560180,inf
704275,inf
405307,inf
66403,inf
183637,inf
537860,inf
275456,inf
318415,inf
601040,inf
554125,inf
200069,inf
148954,inf
395697,inf
634265,inf
435580,inf
29914,inf
197997,inf
325291,0.0
139298,inf
633523,inf
462453,inf
361428,inf
317370,inf
8609,inf
247359,inf
309162,inf
682814,inf
553703,inf
377053,inf
201530,0.0
593446,inf
499326,0.0
43846,inf
615726,inf
449114,inf
394001,inf
565368,inf
598134,0.0
705577,inf
599533,inf
23041,inf
227523,inf
315629,inf
299160,0.0
242411,inf
540908,inf
606392,inf
620735,inf
488559,inf
570830,inf
529757,inf
609051,0.0
146994,inf
474635,0.0
217652,inf
214316,0.0
627115,inf
642479,inf
460377,inf
84104,inf
495819,inf
583338,0.0
79932,inf
208236,inf
443473,inf
18720,inf
682334,inf
269777,inf
594865,inf
455491,inf
468699,inf
640492,inf
137879,inf
554039,inf
9727,0.0
105490,inf
331357,0.0
25044,inf
621717,inf
129479,0.0
461995,inf
601339,inf
260623,inf
274883,inf
446932,inf
136820,inf
8783,inf
110822,inf
566328,inf
289238,inf
249144,inf
469122,inf
573417,inf
693473,inf
384946,inf
356351,inf
600905,inf
637425,inf
512814,0.0
601238,inf
185014,0.0
6045,inf
132706,inf
599808,inf
445043,inf
161964,inf
655227,inf
541112,inf
614222,inf
428957,inf
286781,inf
215859,inf
252038,inf
558051,inf
271134,inf
283270,inf
49244,inf
149049,inf
68267,inf
239061,inf
370021,inf
674965,inf
592100,inf
263728,inf
621068,0.0
577043,inf
187608,inf
429127,inf
557252,inf
373562,0.0
626102,inf
406639,inf
277751,inf
707328,inf
576209,inf
467942,inf
184490,inf
344704,0.0
49970,inf
390067,0.0
291012,0.0
434948,0.0
82630,inf
290899,inf
563644,inf
401911,inf
49547,inf
119122,0.0
536527,inf
71183,0.0
393944,inf
45377,inf
22950,0.0
624500,0.0
358105,inf
215975,0.0
643976,inf
430382,0.0
503995,inf
661828,inf
170670,inf
349124,0.0
563205,inf
146335,inf
378226,inf
252550,inf
589631,inf
456144,inf
517055,0.0
547603,inf
690016,inf
500371,inf
184506,inf
352920,inf
485276,inf
619645,inf
72572,inf
125929,inf
645055,0.0
536382,inf
283062,0.0
566563,inf
477186,inf
90310,inf
140893,inf
640016,inf
365792,inf
418718,inf
474881,inf
379107,inf
417978,inf
401898,0.0
14047,inf
596696,inf
411261,inf
438758,inf
436640,0.0
340021,inf
187362,0.0
258896,inf
288992,0.0
695234,inf
240297,inf
60985,0.0
557646,0.0
641256,inf
535802,inf
98551,inf
158013,inf
388079,inf
301923,0.0
545026,inf
580441,0.0
75619,inf
614256,inf
228053,inf
473057,inf
118217,inf
460169,inf
619484,inf
276181,inf
345168,inf
458427,inf
118517,0.0
552267,inf
426625,inf
81519,inf
574931,inf
90703,inf
196811,inf
409682,inf
380174,inf
539758,inf
364753,inf
126341,inf
1097,inf
435198,inf
710266,inf
388223,inf
154422,inf
224290,inf
594444,inf
257558,inf
666085,inf
10046,inf
331899,inf
481791,inf
398617,inf
360126,inf
463239,inf
64024,inf
239181,inf
472523,inf
231667,inf
141888,inf
198747,0.0
191135,inf
10442,inf
244123,inf
531868,inf
461563,inf
179508,inf
102477,inf
629233,inf
19861,inf
696753,0.0
564411,inf
45820,inf
692526,inf
457623,0.0
410107,inf
206390,0.0
460120,inf
312680,0.0
331628,inf
692401,0.0
466893,inf
21662,0.0
620353,inf
249322,inf
241631,inf
530390,inf
443114,inf
473569,inf
300016,inf
621490,inf
550436,0.0
648777,inf
667316,0.0
441254,inf
645483,inf
498974,0.0
113539,inf
416548,0.0
601911,0.0
526630,inf
244980,inf
209259,inf
197349,inf
696137,inf
115093,inf
662939,0.0
388613,0.0
130113,inf
483001,inf
390520,inf
161636,inf
188592,inf
426560,inf
30370,inf
204009,0.0
457335,inf
352584,inf
45222,0.0
479349,inf
334023,0.0
145320,0.0
443744,inf
627329,0.0
76714,inf
156358,inf
485755,inf
242378,inf
230680,inf
25449,inf
241461,inf
251375,inf
212336,inf
555381,inf
583773,inf
520283,0.0
624559,inf
345431,inf
537070,0.0
469490,0.0
544363,inf
512205,inf
670635,inf
667284,inf
655853,inf
342560,inf
415407,inf
581482,inf
710895,0.0
618383,inf
33303,inf
593871,inf
299194,inf
528561,inf
625872,inf
176765,inf
361438,0.0
452637,inf
560482,0.0
124366,inf
151343,inf
64147,inf
321214,inf
143454,0.0
411740,inf
533520,0.0
261577,inf
468303,inf
52509,inf
663387,inf
52445,inf
266154,inf
612112,inf
561192,inf
687620,inf
463429,inf
124312,inf
541065,0.0
4674,inf
459950,inf
135627,inf
188937,inf
34427,0.0
339877,inf
660686,inf
444173,0.0
114487,inf
604220,inf
484998,inf
565479,inf
449207,inf
327008,0.0
112474,0.0
476101,inf
174937,inf
347491,0.0
191067,inf
321347,0.0
395130,inf
67920,inf
165861,inf
77860,inf
398877,inf
570680,inf
567980,inf
58701,inf
130156,0.0
398530,inf
174813,0.0
271447,inf
211952,inf
434862,inf
700268,inf
55990,inf
492708,inf
27714,inf
711260,0.0
349976,0.0
492301,inf
492563,inf
605007,inf
150403,inf
29550,inf
222864,inf
94315,inf
181897,inf
322789,0.0
642293,0.0
222812,inf
486888,inf
273866,inf
510818,inf
456327,inf
123413,inf
282265,inf
494267,inf
291153,inf
578516,0.0
105420,inf
558101,inf
278832,inf
546125,inf
494622,inf
135917,inf
527799,inf
534496,inf
260811,inf
491607,inf
389560,inf
688153,inf
434239,0.0
434680,inf
525876,0.0
72662,inf
59484,inf
168115,0.0
172374,inf
133382,inf
183742,inf
231641,inf
611331,0.0
699836,inf
35735,inf
422759,inf
95549,inf
32008,inf
473732,inf
351505,inf
689134,inf
93010,inf
426247,inf
101266,inf
307466,0.0
32617,inf
320042,0.0
445708,0.0
128570,0.0
231301,inf
29440,inf
663065,inf
594432,inf
276020,inf
168226,inf
584070,inf
88111,inf
382,inf
518061,inf
72297,inf
28952,inf
557459,inf
220710,0.0
17586,inf
436683,inf
680795,inf
569978,inf
610910,inf
201985,0.0
672028,inf
284618,inf
88123,inf
444273,inf
130804,inf
215606,inf
101215,inf
19719,0.0
162330,inf
129205,0.0
663884,inf
624622,inf
345373,inf
374510,inf
129659,inf
311737,inf
538786,inf
213617,inf
516605,inf
650689,inf
145566,inf
265105,inf
436944,inf
219046,inf
479328,0.0
396865,inf
206506,inf
499925,inf
577194,0.0
336579,inf
350388,inf
128302,0.0
679743,inf
706652,inf
129751,inf
359482,inf
96864,inf
162473,inf
642205,0.0
507162,inf
194272,0.0
152831,inf
27067,inf
126312,inf
705089,inf
374842,inf
480020,0.0
464694,inf
33199,inf
389881,inf
424247,0.0
461216,inf
604756,inf
381698,inf
519570,inf
139743,inf
552029,0.0
226130,inf
367427,inf
224742,inf
368403,0.0
168650,inf
18749,inf
407151,inf
334081,inf
586538,inf
609,inf
654703,inf
382458,inf
647506,0.0
509418,inf
336184,inf
139423,inf
111686,inf
328944,inf
372723,inf
530037,inf
607590,inf
279168,inf
373994,inf
445019,inf
336994,inf
619589,inf
694281,inf
392227,inf
426071,0.0
374502,inf
512384,inf
212096,inf
92608,inf
595439,inf
616932,inf
597413,inf
453754,inf
664089,inf
44245,inf
564080,inf
418798,inf
533982,inf
145701,inf
503869,0.0
19184,inf
235991,inf
669743,inf
422853,inf
37502,inf
152883,0.0
141408,inf
430107,inf
499860,inf
194836,inf
644717,inf
611059,inf
217170,inf
369146,inf
217147,inf
628899,inf
113793,inf
122475,inf
289615,0.0
345863,inf
456348,inf
108168,inf
524756,inf
683674,inf
676786,inf
171540,inf
492433,inf
657010,inf
547988,inf
134889,inf
221961,0.0
287191,inf
688211,inf
528634,inf
156216,0.0
673344,inf
4556,inf
59748,inf
553301,inf
121525,inf
207155,inf
589387,inf
388139,inf
148248,inf
710020,0.0
557445,0.0
306887,0.0
638646,0.0
532536,inf
592275,0.0
8729,inf
24384,inf
647318,inf
237634,inf
536494,inf
552608,inf
504761,0.0
417716,inf
204512,inf
327891,0.0
129720,inf
107024,inf
229000,inf
440422,inf
586629,inf
58838,inf
612106,inf
442744,inf
320929,inf
617871,inf
37481,inf
658001,inf
384351,inf
351653,inf
30543,inf
677976,inf
69764,inf
507600,inf
389146,inf
252090,inf
385574,inf
610715,0.0
258457,inf
173349,inf
425485,inf
223206,inf
489832,inf
21535,inf
434907,inf
604508,inf
105001,inf
14400,inf
637683,inf
139787,inf
226064,inf
506900,inf
303535,0.0
83284,inf
117773,0.0
414411,inf
697509,inf
125775,inf
570617,inf
76944,inf
340694,0.0
592867,inf
277871,inf
51157,0.0
518650,0.0
578993,inf
568169,inf
384760,inf
329401,inf
91594,inf
21713,inf
328740,inf
561485,inf
287962,inf
17864,inf
404505,inf
348956,inf
621675,inf
112126,inf
557229,0.0
110187,inf
458104,inf
475262,inf
599590,inf
213145,inf
298370,inf
444621,0.0
491791,inf
657015,inf
303667,0.0
453129,inf
471346,inf
477678,0.0
704297,inf
60571,inf
601812,inf
439623,inf
32199,inf
191359,inf
229726,inf
85260,inf
554220,inf
91085,inf
163482,inf
311505,0.0
628508,inf
264705,inf
4180,inf
394666,inf
46367,inf
143362,0.0
292446,inf
575842,inf
154802,0.0
491830,inf
145622,inf
700939,inf
687268,inf
268115,inf
172297,inf
331623,0.0
248856,inf
59596,0.0
617402,inf
691619,inf
584247,inf
567687,inf
498766,inf
459601,inf
282943,inf
299444,0.0
584293,0.0
53622,inf
57968,inf
65223,inf
248053,inf
29389,inf
315379,inf
589967,inf
605021,inf
435287,inf
391024,inf
98665,inf
4828,inf
35175,inf
292217,inf
582526,inf
703438,inf
669622,0.0
486560,inf
92408,inf
463339,inf
145484,inf
667920,0.0
238235,inf
95234,inf
436005,inf
510159,inf
584871,inf
459092,inf
548520,inf
566385,0.0
120209,inf
559431,inf
537485,inf
30321,0.0
503283,inf
25672,inf
509825,inf
66251,inf
352187,inf
69718,inf
565248,inf
106231,inf
52469,inf
2246,inf
238137,inf
582331,inf
324644,inf
624915,inf
455577,inf
421923,inf
657904,0.0
565321,0.0
215969,inf
62841,inf
273340,0.0
101938,inf
571132,inf
631185,inf
17881,inf
316319,inf
691332,0.0
133262,0.0
70262,inf
565676,inf
121388,0.0
93523,inf
16045,inf
249916,inf
82879,0.0
360979,inf
25495,0.0
57671,0.0
391061,inf
577521,inf
504300,0.0
680900,0.0
471694,inf
149161,inf
191300,inf
539365,0.0
48698,inf
160272,inf
612198,0.0
282153,inf
289939,inf
345996,inf
47099,inf
416166,0.0
558706,inf
353818,inf
594658,inf
278995,inf
401571,inf
447990,inf
336915,inf
643896,inf
450560,0.0
70556,0.0
151746,inf
167438,inf
308408,0.0
224581,inf
451069,inf
380976,inf
542443,inf
546775,0.0
551458,inf
620476,inf
558664,inf
129273,inf
235734,inf
532152,inf
493982,inf
307036,inf
587386,inf
624965,inf
340825,inf
94795,inf
62233,inf
225730,inf
668969,inf
96418,inf
407992,inf
288882,inf
138967,inf
193260,inf
397665,0.0
375447,inf
471489,inf
456751,inf
204250,inf
601823,inf
643301,inf
488498,inf
620302,inf
252779,inf
516921,inf
175493,0.0
232380,inf
58974,0.0
572931,inf
328958,inf
235735,inf
552379,0.0
458433,inf
591084,0.0
65787,0.0
571544,inf
527996,inf
382635,inf
318181,inf
253623,inf
578031,inf
317818,0.0
102028,inf
662599,inf
137532,inf
171854,inf
488769,0.0
704181,inf
132467,inf
230563,inf
459527,inf
551724,inf
40124,inf
139386,inf
337811,0.0
72303,inf
688050,inf
86205,inf
229395,inf
89911,inf
678177,inf
100102,0.0
284208,0.0
46272,inf
385132,inf
626696,inf
275602,inf
315158,inf
397281,0.0
235106,inf
440163,inf
529243,0.0
15221,inf
511789,inf
87034,inf
256996,inf
599327,inf
665515,inf
550822,inf
230483,0.0
276717,inf
650563,inf
15939,inf
302677,0.0
666228,inf
569287,inf
64211,inf
276104,inf
77413,inf
142199,0.0
238919,inf
434144,inf
386106,inf
275219,inf
166831,inf
103813,inf
14056,0.0
116005,inf
339956,inf
421227,inf
99760,inf
12417,inf
544762,inf
94653,inf
112494,0.0
480939,0.0
145224,inf
587988,0.0
172828,inf
572287,inf
515276,inf
270929,inf
446863,0.0
562914,inf
18520,inf
529375,inf
520635,inf
241592,0.0
328837,0.0
13638,inf
106835,inf
673645,inf
343026,inf
280082,inf
388723,inf
434075,inf
266643,0.0
220866,inf
707055,inf
575753,inf
259061,inf
6171,inf
655640,inf
246088,inf
486918,inf
24290,inf
165942,0.0
2669,inf
664048,0.0
154705,inf
556003,inf
261884,0.0
298728,inf
23499,inf
7199,0.0
258284,0.0
339160,inf
490003,inf
494509,inf
596681,inf
550677,inf
575765,inf
407389,0.0
238814,inf
242060,inf
122153,0.0
523886,inf
239210,inf
704903,0.0
132623,inf
277325,inf
132417,inf
412208,0.0
515001,0.0
462201,inf
360789,inf
268483,inf
681092,inf
179731,inf
67424,inf
360709,inf
632438,inf
680761,inf
268803,inf
631176,inf
686288,inf
169935,inf
179853,0.0
432596,0.0
356546,inf
537675,inf
118968,inf
117240,inf
129868,inf
519912,inf
442945,inf
176136,inf
149413,inf
128186,inf
707335,inf
106925,inf
26894,inf
446257,0.0
205040,inf
555545,inf
479228,inf
617119,inf
389573,inf
370665,inf
58372,inf
458639,inf
632142,inf
162278,inf
701627,inf
521153,inf
323,inf
374828,inf
487448,inf
395609,inf
184768,inf
116566,inf
403422,inf
643105,inf
221988,0.0
146412,inf
287273,inf
54026,inf
193283,inf
687257,inf
579215,inf
575843,inf
201429,inf
579454,inf
431593,inf
21331,inf
8365,0.0
511630,0.0
459681,inf
506753,inf
124718,inf
427012,inf
512188,inf
238060,0.0
331724,0.0
258177,inf
318580,inf
456306,inf
636958,inf
642412,inf
148931,inf
673224,inf
356778,inf
476505,inf
208432,inf
668337,inf
421946,inf
501785,inf
325607,inf
394307,inf
61263,inf
512183,inf
142735,inf
698457,inf
402502,inf
303162,0.0
191831,0.0
392265,0.0
523435,0.0
662268,inf
552451,inf
64755,inf
61930,inf
43315,inf
544741,inf
25680,inf
120661,0.0
182542,0.0
605057,inf
357783,inf
619464,inf
277115,inf
235725,inf
445645,inf
473581,inf
702519,inf
335211,inf
283403,inf
53771,inf
27271,inf
423690,inf
460029,inf
510462,inf
497382,inf
420791,inf
372043,inf
431639,inf
406210,inf
683440,inf
10031,0.0
21057,0.0
227461,inf
133658,inf
632152,0.0
648411,inf
676921,inf
5242,inf
212186,0.0
367374,inf
600629,inf
554776,inf
512939,inf
563793,inf
411876,inf
357294,inf
55263,0.0
572031,inf
691125,inf
515811,inf
282105,0.0
288316,inf
429415,0.0
281949,inf
135296,inf
706738,inf
362305,0.0
379547,inf
41003,inf
267483,inf
156952,inf
372441,inf
440194,inf
523617,inf
78851,0.0
219228,inf
493184,inf
598200,inf
498941,inf
644105,inf
300508,0.0
513968,inf
351346,inf
40484,inf
572244,inf
177454,0.0
253686,inf
174233,inf
677339,inf
222881,inf
366421,inf
701710,inf
59523,inf
539327,inf
607027,0.0
420226,inf
580766,inf
238303,inf
349108,inf
367656,inf
235883,inf
172137,0.0
17860,inf
404575,inf
551987,inf
641610,inf
29208,inf
52661,inf
308237,inf
97628,inf
232373,0.0
494285,inf
229232,inf
56969,inf
32344,inf
323497,inf
422553,inf
197491,inf
10778,inf
371433,inf
657879,inf
306299,inf
428743,inf
573636,inf
551850,inf
485516,inf
675218,0.0
561544,inf
635802,inf
160305,inf
189377,inf
14832,inf
622683,inf
307908,inf
611962,inf
262732,0.0
122584,0.0
50781,inf
683958,inf
128744,inf
699309,inf
88759,inf
458556,inf
99694,inf
94771,inf
19294,inf
361801,inf
558401,0.0
540721,inf
544947,0.0
585685,inf
247141,inf
515982,inf
538920,inf
560571,inf
621808,inf
569705,inf
526032,inf
622985,inf
413753,inf
122444,inf
447335,inf
111768,inf
244827,inf
112830,inf
384836,inf
21750,inf
514151,0.0
322125,inf
156935,0.0
257952,inf
549663,inf
592636,inf
106961,inf
598207,inf
236502,inf
363090,inf
386672,inf
599372,0.0
383092,inf
227049,inf
383397,inf
263767,inf
325100,0.0
602224,inf
648948,inf
520018,0.0
618294,inf
220886,inf
319694,inf
222267,inf
185552,inf
258754,inf
40046,inf
655043,0.0
84453,inf
432255,inf
115633,inf
211341,inf
217174,inf
143140,inf
558722,inf
423389,inf
558976,inf
124640,inf
22125,inf
114197,inf
146489,inf
540079,inf
629702,inf
245916,0.0
201872,inf
608585,inf
1374,inf
337044,inf
223438,inf
410790,inf
708850,inf
65762,inf
368158,inf
466234,0.0
298695,inf
387123,0.0
195314,0.0
635977,inf
221641,0.0
509352,inf
194972,inf
271970,inf
549491,inf
252947,inf
12964,inf
240411,inf
620544,inf
363267,inf
625132,inf
697677,inf
365036,inf
172754,inf
570952,inf
138986,0.0
219717,inf
664238,inf
287618,inf
142974,inf
49707,0.0
385688,inf
692220,inf
517155,inf
280367,inf
307641,inf
330639,inf
566927,inf
413186,inf
233296,inf
284046,inf
689138,inf
355909,inf
343480,inf
530737,inf
706192,inf
144175,inf
411205,inf
668857,inf
216101,inf
611512,inf
23027,inf
112429,inf
47085,inf
16150,inf
709314,inf
528609,inf
70434,inf
489925,inf
675409,inf
613713,inf
634884,inf
99992,0.0
288957,0.0
572029,inf
101664,inf
416208,0.0
440739,inf
515251,0.0
643291,0.0
89612,inf
609848,inf
251148,inf
289021,inf
349710,inf
326539,inf
509870,inf
177612,inf
402923,inf
501059,inf
618884,inf
252251,inf
687669,inf
629298,inf
349055,inf
162332,inf
466141,inf
331680,inf
29237,inf
125862,inf
399816,inf
311497,0.0
74113,inf
513088,inf
521269,inf
35896,0.0
528605,inf
123314,inf
3157,inf
604919,inf
528573,inf
693916,0.0
560637,inf
646210,0.0
707906,inf
711662,inf
244331,inf
512140,inf
636736,inf
646367,inf
59536,inf
382351,inf
674791,inf
160828,0.0
302587,inf
308530,inf
15072,inf
246820,inf
651049,inf
512081,inf
154460,0.0
489217,inf
522948,0.0
77105,inf
221272,inf
258475,inf
621307,inf
148308,inf
663449,inf
289738,inf
677777,inf
565655,0.0
589029,inf
616456,inf
302789,inf
235427,inf
608541,inf
606280,0.0
54933,inf
667733,0.0
448578,inf
498019,inf
585388,inf
276111,inf
359647,0.0
707681,0.0
445731,inf
327533,inf
40604,inf
507771,inf
143125,inf
689309,inf
125313,inf
500477,inf
689518,inf
105601,inf
168026,inf
632020,inf
456365,inf
706191,inf
219449,inf
125193,inf
258588,inf
676018,inf
593153,inf
156923,inf
252317,inf
477359,inf
491924,inf
170783,inf
663120,0.0
570707,inf
158215,inf
496073,inf
73168,inf
217472,inf
234486,inf
566256,inf
135638,inf
675165,inf
496879,0.0
509175,inf
540499,inf
141586,inf
701958,0.0
504597,inf
590551,inf
346909,inf
668416,0.0
631908,inf
373845,0.0
514239,inf
169078,inf
165869,inf
528736,inf
458590,inf
577614,inf
37895,0.0
396768,inf
101439,inf
439134,inf
297046,inf
181451,0.0
181387,inf
594029,inf
354240,inf
216137,inf
118230,inf
226153,inf
569775,inf
413588,inf
460607,inf
540612,inf
169205,inf
577413,inf
226513,inf
259357,inf
156442,inf
655162,inf
418747,0.0
516719,inf
660211,inf
690584,inf
677558,inf
178598,inf
489738,0.0
145549,0.0
322791,inf
188969,inf
453662,inf
402392,inf
649760,inf
533660,inf
535374,inf
423867,inf
596599,0.0
60467,inf
578316,0.0
182409,inf
541154,inf
104945,inf
682319,inf
332171,inf
166182,inf
106112,inf
628447,inf
349937,0.0
298168,0.0
105828,inf
632410,inf
369439,inf
350330,inf
626673,inf
669022,0.0
321771,inf
206510,inf
568592,0.0
525894,inf
122464,0.0
19357,inf
154110,inf
4642,inf
411125,0.0
554105,inf
388715,inf
196902,inf
124643,inf
502603,0.0
414042,0.0
663987,inf
657096,inf
568312,0.0
294079,0.0
157090,0.0
602725,inf
463207,inf
191329,inf
279901,inf
377084,inf
353144,0.0
680163,inf
276448,0.0
533052,inf
23557,0.0
659615,inf
591280,inf
50274,inf
200001,inf
410075,inf
290034,inf
434308,inf
95266,inf
607930,inf
267074,inf
16326,inf
46638,inf
324684,inf
132768,inf
510188,inf
343875,0.0
293869,0.0
319580,inf
533800,inf
703744,0.0
120626,0.0
62354,inf
626844,inf
543595,inf
443750,inf
75749,inf
17265,0.0
669178,inf
125344,inf
532724,inf
598050,inf
472989,inf
436826,0.0
491781,inf
449173,inf
237795,inf
273957,inf
439313,0.0
206304,0.0
242648,0.0
130494,inf
675787,inf
520135,inf
73493,0.0
644988,inf
503959,inf
287973,inf
120349,inf
701543,inf
282863,inf
349103,inf
466309,inf
413671,inf
312618,inf
387393,inf
508524,inf
115794,inf
431839,0.0
306830,inf
411210,inf
42304,inf
248690,0.0
179072,0.0
670579,inf
298642,inf
280191,inf
14479,0.0
644720,inf
445154,inf
21343,inf
347022,inf
422858,inf
487529,inf
32052,inf
215368,inf
374119,0.0
112002,inf
167652,0.0
67579,inf
517891,inf
282309,inf
554140,inf
140326,inf
479188,0.0
556897,inf
594239,0.0
296361,0.0
263059,inf
463847,inf
205398,0.0
410010,inf
145077,inf
166069,inf
665210,inf
441116,inf
277517,inf
573987,inf
660075,inf
265914,inf
47862,inf
247401,inf
420571,inf
197616,inf
489179,inf
338690,inf
136886,inf
478906,inf
510994,inf
364036,0.0
557113,inf
529400,inf
512561,inf
32377,inf
315906,inf
555926,inf
326491,inf
320877,inf
633350,inf
630623,inf
574384,inf
9184,0.0
278076,inf
432599,0.0
70274,inf
34354,inf
492680,inf
202293,0.0
463986,inf
347401,inf
369890,inf
701418,inf
374117,inf
154412,inf
202525,inf
140017,inf
704960,inf
146085,inf
207898,inf
501301,0.0
570554,0.0
6434,inf
322527,inf
84797,inf
340265,inf
237272,inf
540864,inf
664677,inf
362986,inf
66283,0.0
268813,inf
27612,inf
440896,inf
138225,inf
21336,0.0
401895,0.0
355686,inf
516558,inf
77049,inf
130881,inf
439063,inf
106722,0.0
696732,inf
102998,0.0
390166,inf
167831,inf
358278,inf
112519,inf
39612,inf
394322,inf
427230,0.0
607418,inf
353702,inf
496337,inf
99277,inf
693208,inf
113807,inf
332623,inf
182245,inf
105256,inf
596171,inf
360038,inf
640556,inf
635968,inf
230636,inf
257359,inf
333461,inf
551520,inf
166274,inf
158108,0.0
265125,inf
519211,inf
596427,inf
337834,inf
683463,inf
538272,inf
294781,inf
56223,inf
156311,inf
479378,0.0
375562,0.0
266537,inf
295517,inf
595242,inf
524299,inf
258939,0.0
550196,inf
516601,inf
582362,inf
617954,inf
187611,inf
262217,inf
291942,0.0
642407,0.0
621198,inf
310013,inf
455897,inf
607816,inf
439711,inf
180710,inf
530642,inf
232334,inf
176887,inf
482802,inf
228995,inf
540423,inf
245840,inf
81986,inf
689110,inf
344622,inf
253036,inf
141326,inf
214373,inf
352469,inf
98417,inf
54806,inf
453233,inf
412823,inf
307089,0.0
453428,inf
60060,inf
157124,0.0
222390,inf
298171,inf
239562,0.0
87351,inf
236578,inf
384628,inf
686110,inf
492410,inf
401906,inf
218762,inf
294502,inf
589763,inf
159716,0.0
652737,inf
312408,inf
386585,inf
215861,inf
427649,inf
263793,inf
420301,inf
561308,inf
161879,inf
88071,0.0
667957,inf
461769,inf
189653,inf
101585,inf
96818,inf
180068,inf
146511,inf
106992,0.0
86856,inf
282854,0.0
130213,inf
128909,inf
253977,0.0
290750,inf
167687,inf
22948,inf
146572,inf
278220,inf
193421,inf
675643,inf
349381,inf
600189,inf
456852,inf
180513,inf
625419,inf
38033,inf
545238,inf
23886,inf
385078,0.0
401834,inf
232839,inf
160074,inf
74012,inf
365263,inf
615889,0.0
63219,inf
2313,inf
375534,inf
360514,inf
617338,inf
634524,inf
482134,inf
141098,inf
525841,inf
561047,inf
542913,inf
568805,inf
176951,inf
635321,0.0
510669,inf
658340,0.0
363664,inf
458414,inf
362328,inf
573121,inf
100188,inf
644357,inf
388975,inf
392994,0.0
470028,0.0
204821,0.0
469749,inf
388830,inf
356279,inf
409250,0.0
400348,inf
216616,inf
8592,inf
673820,inf
349492,inf
593593,inf
588319,inf
116871,0.0
408121,inf
340227,inf
560367,inf
415756,inf
299520,inf
633910,inf
271560,inf
352245,inf
543482,0.0
618719,inf
300934,inf
429988,0.0
157153,inf
441365,inf
226872,inf
243292,inf
648476,0.0
344102,0.0
688250,inf
234322,inf
528409,inf
375053,0.0
192590,inf
217288,inf
97955,inf
143064,0.0
534712,inf
529632,inf
125279,inf
300350,inf
227979,0.0
582793,inf
126337,0.0
700563,inf
662716,inf
257608,inf
620155,inf
99875,inf
288734,inf
298956,inf
344647,0.0
207020,0.0
84006,inf
113680,inf
270489,inf
393000,inf
447370,inf
447506,inf
84354,inf
111345,inf
157917,inf
150997,inf
366512,inf
339849,inf
484527,inf
538430,0.0
407915,inf
44896,inf
475037,inf
143569,0.0
485860,inf
27161,inf
607221,inf
98633,0.0
651438,inf
581510,inf
547713,inf
453555,inf
659778,inf
649638,inf
665495,inf
165885,inf
164238,inf
245226,inf
661532,0.0
220610,inf
521539,inf
606218,inf
122900,0.0
115686,inf
648358,inf
398979,inf
128601,0.0
610571,inf
532207,inf
195598,inf
169608,inf
538624,inf
199034,inf
414117,0.0
37442,inf
277888,0.0
277760,0.0
526764,inf
244591,inf
538705,inf
428256,inf
508515,inf
418807,0.0
281167,inf
258954,0.0
448216,inf
399748,inf
73329,inf
260442,inf
297131,0.0
494720,0.0
540045,inf
216384,inf
207314,inf
82183,inf
187216,inf
486514,inf
36423,0.0
359459,0.0
77870,0.0
250,inf
345260,0.0
690315,0.0
446973,inf
516826,inf
270278,inf
148834,inf
279398,inf
666497,inf
529785,inf
459394,inf
528933,inf
323048,inf
414092,inf
141991,inf
631079,0.0
47841,inf
484652,inf
198169,0.0
481520,0.0
476230,0.0
29841,0.0
436495,inf
624439,0.0
79946,inf
166591,inf
592588,0.0
91910,inf
125750,0.0
702878,inf
614418,inf
98995,inf
171600,inf
359196,0.0
172505,0.0
334203,inf
107682,inf
492190,0.0
172134,inf
502789,inf
202923,inf
452090,inf
270901,inf
436108,inf
448423,inf
528932,0.0
619848,inf
137544,inf
637789,inf
421616,0.0
510257,0.0
147550,inf
121442,inf
516740,inf
705268,0.0
483993,inf
442069,inf
158928,inf
446002,0.0
118396,inf
12785,0.0
69653,inf
297582,inf
499799,inf
203085,0.0
202531,inf
62159,inf
500868,inf
583172,inf
21634,inf
157167,inf
469980,inf
51620,0.0
46784,inf
250441,inf
273143,inf
204577,0.0
166412,inf
634794,inf
709380,inf
325485,inf
579603,inf
327400,inf
663820,0.0
35159,inf
352458,inf
469981,inf
49358,0.0
617192,inf
237227,inf
556590,0.0
330483,inf
658894,inf
680752,inf
654592,0.0
662382,inf
464443,inf
418360,inf
29485,inf
440774,inf
666582,inf
102784,0.0
523750,inf
1451,inf
222224,inf
411950,inf
307260,inf
207938,inf
646056,inf
128922,inf
352750,inf
508486,inf
596192,inf
205275,inf
595919,0.0
422498,0.0
363870,inf
43321,inf
7913,inf
333355,inf
408191,inf
110510,inf
561205,inf
45018,inf
116349,0.0
514258,0.0
127090,inf
111390,inf
143648,inf
187956,0.0
647163,0.0
684470,inf
234094,inf
364879,inf
622546,inf
212618,inf
320846,inf
656958,inf
488877,0.0
210440,inf
237078,inf
372244,0.0
605468,inf
223681,inf
37329,0.0
164496,inf
152168,0.0
655680,inf
439558,inf
477604,inf
162351,inf
128192,inf
269344,inf
124927,inf
458004,0.0
142035,inf
607986,inf
651522,inf
112308,inf
173504,inf
699529,inf
610932,inf
694485,inf
262809,inf
339054,inf
363850,inf
259128,inf
391584,inf
591062,inf
301394,inf
181009,inf
666771,inf
572822,0.0
523449,inf
642586,inf
247916,inf
285947,0.0
272358,inf
601713,inf
142125,inf
417370,inf
375785,inf
631433,inf
390631,0.0
363205,inf
610707,inf
246586,0.0
295357,inf
87522,inf
77525,0.0
686489,inf
26329,inf
505819,inf
174272,inf
410166,inf
422876,inf
670320,inf
606843,inf
242276,inf
694653,inf
490418,inf
142826,inf
485788,0.0
572889,inf
694740,inf
257440,inf
451084,inf
161411,inf
46174,inf
38696,inf
345415,inf
74424,inf
86488,inf
6480,inf
655180,inf
449629,0.0
472519,inf
549051,0.0
232360,inf
540677,0.0
205722,inf
683468,inf
152312,inf
495922,inf
376150,0.0
557237,0.0
549014,0.0
711428,inf
448636,inf
547143,inf
413355,inf
121881,inf
278315,0.0
297659,inf
47548,inf
415379,inf
69676,inf
226728,inf
73451,0.0
300493,inf
142631,0.0
27895,inf
634430,0.0
47214,inf
568508,inf
374824,inf
28527,inf
594925,inf
644653,inf
298064,inf
409485,inf
45877,inf
528620,inf
10871,inf
354178,inf
47395,inf
281899,0.0
19317,inf
440661,inf
381524,inf
322927,inf
592613,0.0
468245,0.0
459489,inf
106629,inf
706850,inf
383071,inf
221747,inf
526885,inf
519111,inf
354455,0.0
280758,inf
399001,inf
385892,inf
513098,inf
432243,inf
351959,inf
175071,inf
67735,0.0
228283,inf
271220,inf
649564,inf
330387,0.0
694945,inf
184352,inf
125243,inf
226136,inf
197087,0.0
359575,inf
138332,inf
173246,inf
159628,inf
629627,0.0
199720,inf
281545,0.0
438544,inf
62866,0.0
33093,inf
482640,inf
83613,inf
72633,inf
171205,0.0
687604,inf
533073,inf
506286,inf
188403,inf
107046,inf
159358,inf
9147,inf
585711,inf
690830,inf
558854,0.0
70522,inf
283103,inf
486980,0.0
531259,inf
120049,inf
124540,inf
359082,0.0
621224,inf
568719,inf
291623,inf
230130,inf
355748,inf
195416,inf
407350,inf
684688,inf
299168,inf
85816,inf
2511,inf
615556,inf
41099,inf
633627,inf
20786,inf
123354,inf
257102,inf
447383,inf
654325,inf
314244,inf
649456,inf
102019,inf
377740,inf
113641,inf
687728,0.0
689763,inf
289576,inf
99330,inf
418348,inf
50562,0.0
241481,inf
472046,inf
143908,inf
578062,inf
683432,0.0
68295,inf
35528,inf
122216,inf
629714,inf
650412,inf
1378,inf
433328,inf
284462,inf
586219,inf
109136,inf
607129,inf
638851,inf
67801,inf
682277,0.0
688568,inf
697885,inf
266361,inf
271039,inf
634820,inf
553931,inf
60943,inf
390655,0.0
656634,inf
154847,inf
655935,inf
213716,inf
199884,inf
394297,inf
217520,inf
23685,inf
133636,inf
429645,inf
44913,inf
406848,0.0
196937,inf
333955,inf
334136,inf
333449,inf
164915,inf
603803,inf
378415,inf
523156,inf
532400,inf
8083,inf
279812,inf
39905,inf
259374,inf
42481,0.0
551979,inf
30012,inf
540746,inf
524497,inf
484277,inf
407404,inf
266878,inf
350746,0.0
289142,inf
711790,inf
590079,inf
548687,0.0
229397,inf
94876,inf
387231,0.0
581887,inf
152098,inf
233276,0.0
643456,inf
175880,0.0
410140,inf
654810,inf
608038,inf
6555,inf
308046,inf
543530,inf
593021,0.0
305691,inf
328173,inf
679786,inf
91655,0.0
13832,inf
33398,inf
395190,inf
564534,inf
86372,inf
429640,0.0
564262,inf
123211,0.0
468832,inf
340580,inf
629295,inf
702507,0.0
331593,inf
360804,inf
267663,inf
607079,inf
140178,inf
563715,inf
261391,inf
88039,0.0
179719,inf
61304,inf
271974,inf
78123,inf
498692,inf
412028,0.0
568050,inf
703001,inf
316097,inf
608395,inf
43943,inf
561709,inf
313140,inf
539130,0.0
285358,0.0
249276,inf
590514,inf
288214,inf
85715,inf
78053,inf
506158,0.0
393538,inf
155380,inf
315905,inf
656775,inf
39676,inf
270224,inf
536748,inf
671944,inf
438744,inf
121621,inf
319096,inf
448635,inf
276849,inf
340841,0.0
6334,inf
393289,inf
582350,inf
536830,inf
91794,inf
150999,inf
649933,inf
348458,inf
469225,inf
697015,inf
98963,inf
638693,inf
657286,inf
546547,inf
267484,inf
15554,inf
581083,inf
235589,inf
32614,inf
376845,inf
169317,inf
587995,inf
578662,inf
447453,inf
397942,inf
36866,inf
669550,inf
148150,inf
654835,inf
170037,inf
142753,inf
225064,inf
5883,inf
596742,inf
12811,inf
139246,inf
419268,inf
356909,inf
98920,inf
117200,inf
514217,inf
95949,inf
679651,inf
109115,inf
706189,inf
309430,0.0
136379,inf
616243,inf
263759,inf
43917,inf
9580,inf
606966,inf
348465,inf
144489,inf
449493,0.0
54635,0.0
516199,inf
236927,0.0
205626,inf
324116,inf
63804,0.0
658604,inf
395466,inf
95054,inf
446570,inf
431511,inf
354675,0.0
266485,inf
243152,inf
370546,inf
15402,inf
324630,inf
140312,inf
510466,inf
467098,inf
22294,inf
571106,inf
67793,inf
656162,inf
321368,0.0
309303,0.0
143785,inf
198315,inf
163219,inf
121953,inf
127212,inf
363225,0.0
451042,inf
201129,inf
678093,inf
601992,inf
135137,inf
591354,0.0
487591,inf
681982,inf
273774,inf
645472,0.0
460962,inf
468382,inf
214400,inf
107355,inf
291759,inf
228465,inf
410476,inf
36067,inf
310293,inf
521808,inf
621207,inf
462371,inf
607990,inf
507213,inf
6482,inf
358128,inf
626201,inf
704874,inf
324820,0.0
617732,inf
612024,0.0
28251,inf
61280,inf
675045,inf
331538,0.0
545424,inf
708273,inf
322148,inf
416887,inf
578177,inf
612712,0.0
697467,0.0
23149,0.0
330866,inf
141789,inf
164585,inf
654034,inf
298943,inf
562321,inf
594315,inf
630748,0.0
390107,inf
132335,0.0
211926,inf
262505,inf
271639,inf
164474,inf
411888,inf
289592,inf
327494,inf
211397,inf
283131,inf
444845,inf
351479,inf
269414,inf
81758,inf
208171,inf
618857,inf
309622,inf
138325,inf
693303,inf
140563,0.0
497275,inf
232381,0.0
629952,inf
354741,inf
657076,inf
262672,0.0
90099,inf
479682,inf
564163,inf
493534,inf
108952,inf
195498,inf
457425,inf
93389,inf
509362,inf
643685,inf
20652,inf
458348,inf
191003,inf
446696,inf
693085,inf
412727,inf
238520,inf
131512,0.0
89756,inf
614334,inf
708390,inf
430457,inf
679667,inf
240901,0.0
556919,0.0
231877,inf
533751,inf
655844,0.0
117056,0.0
25413,0.0
513964,inf
65236,0.0
453110,inf
59545,inf
256075,inf
179641,inf
685755,0.0
394019,inf
109882,inf
182087,inf
283889,0.0
468969,inf
482097,0.0
460471,inf
389847,0.0
552693,inf
642213,inf
408435,inf
387386,inf
637489,inf
351658,inf
709631,inf
490786,0.0
135520,inf
156128,inf
405952,inf
48769,0.0
530470,inf
270584,inf
636898,inf
364412,0.0
199762,inf
487967,inf
92431,inf
76491,inf
23900,inf
505628,inf
250970,inf
655742,0.0
456671,inf
599748,inf
655087,inf
623309,inf
500269,0.0
344957,inf
621415,0.0
96398,inf
42533,inf
672006,inf
536452,inf
144218,inf
69693,inf
599561,inf
334236,inf
466009,inf
205728,inf
85090,0.0
297416,inf
549849,inf
221474,inf
121609,0.0
302330,0.0
428083,inf
562552,inf
487594,inf
698851,inf
141332,inf
480266,0.0
802,inf
680824,0.0
506830,0.0
470646,inf
490582,inf
354168,0.0
50180,inf
603252,inf
619969,inf
150274,inf
226999,inf
533758,inf
41332,inf
537827,inf
653593,inf
103049,inf
78312,inf
545472,inf
94879,inf
459034,inf
165255,inf
94843,inf
182007,inf
300154,0.0
510470,inf
475728,inf
183336,inf
119888,inf
124348,inf
501165,inf
486894,inf
229104,inf
121766,inf
182036,inf
48385,0.0
80834,inf
248193,inf
451061,inf
36932,inf
700554,inf
606558,inf
71956,inf
151863,inf
84866,inf
113598,inf
204768,inf
559913,inf
190279,inf
17157,inf
429882,inf
373566,0.0
466887,inf
566485,inf
513085,inf
219237,0.0
18603,inf
102768,0.0
188304,0.0
319000,inf
428436,inf
170924,0.0
595494,inf
36202,inf
313324,0.0
110436,inf
77630,inf
89853,inf
706533,inf
540737,inf
654736,0.0
325797,0.0
265217,inf
353120,inf
60382,inf
172818,inf
218187,inf
438350,inf
242734,0.0
218357,0.0
31471,inf
661641,inf
589424,0.0
464938,inf
262911,inf
633506,inf
433498,inf
694209,0.0
374619,inf
226934,inf
373927,inf
499894,inf
24138,inf
113306,inf
419476,0.0
686561,inf
221303,inf
621143,inf
350637,0.0
137193,0.0
411435,inf
174255,inf
239951,inf
285702,inf
157087,inf
266971,inf
318037,inf
102343,0.0
479363,inf
548315,0.0
332334,inf
6710,inf
360400,inf
117768,0.0
119585,inf
120979,inf
245293,inf
38744,inf
122231,inf
138512,inf
524833,inf
582720,inf
616972,inf
182579,inf
275994,inf
549213,inf
666341,inf
174115,inf
140363,0.0
652578,inf
412459,inf
394643,0.0
698189,0.0
233617,0.0
503796,inf
470827,inf
332184,inf
29970,inf
71631,inf
608046,0.0
225054,inf
601152,inf
706116,0.0
75342,0.0
561448,inf
457339,inf
50121,inf
42873,inf
105424,inf
293761,inf
621841,inf
130512,inf
620231,inf
114004,inf
284528,inf
671130,inf
478793,0.0
206898,inf
233260,inf
214090,inf
209624,inf
692165,0.0
60194,inf
557885,inf
235034,inf
217124,inf
165462,inf
651239,inf
54374,inf
214186,inf
359318,inf
554251,inf
551122,inf
293660,0.0
434956,inf
9024,inf
478442,0.0
188138,inf
659606,inf
565876,inf
644327,inf
688271,inf
278458,inf
92398,inf
165200,inf
169095,0.0
436454,inf
642637,0.0
110018,inf
246847,inf
362162,inf
37229,inf
162244,inf
479608,inf
478949,inf
539951,inf
316185,inf
149599,inf
415612,inf
87625,inf
343151,inf
198348,inf
394942,inf
108925,inf
252359,inf
566425,0.0
623511,inf
119251,inf
538981,inf
111814,inf
257338,inf
122596,0.0
246607,inf
17916,inf
551538,inf
47122,inf
403559,inf
316759,inf
636385,inf
69559,inf
361401,inf
155595,inf
701675,inf
75085,inf
350581,inf
33622,0.0
669238,0.0
270345,0.0
327273,inf
388684,0.0
396895,inf
306164,inf
361419,inf
276187,inf
114045,0.0
623762,inf
548830,inf
453369,inf
401478,inf
486656,inf
41068,inf
35366,inf
379886,inf
614393,0.0
514090,inf
432374,inf
66587,inf
288232,0.0
169723,inf
580609,inf
657543,inf
374394,inf
577527,inf
319924,inf
340878,inf
224854,inf
525707,0.0
261014,0.0
139818,inf
516456,inf
489505,inf
460186,inf
261675,inf
220309,inf
705615,0.0
97328,inf
451856,inf
109169,inf
88104,inf
425685,inf
514523,inf
56954,inf
681834,inf
102598,inf
356079,inf
555112,inf
232662,inf
101593,inf
163314,inf
708604,inf
688554,inf
344464,0.0
151794,inf
105124,inf
500882,inf
138396,inf
321722,inf
383959,inf
633502,inf
114429,0.0
103912,inf
342288,inf
366394,0.0
29439,inf
47490,inf
127746,inf
286620,inf
153585,inf
624321,inf
473734,0.0
319903,inf
122188,0.0
385197,inf
577384,inf
473967,inf
86918,inf
76243,inf
673562,0.0
659901,inf
166918,inf
597227,0.0
201121,inf
254226,inf
227522,inf
71334,inf
395801,inf
453462,inf
662362,0.0
346198,inf
555634,inf
411735,inf
253562,inf
290066,inf
228648,inf
615231,inf
564071,inf
557059,inf
650896,0.0
432395,inf
161923,inf
375452,inf
366479,inf
90919,inf
679203,0.0
471591,inf
194996,inf
204102,inf
229587,inf
130155,inf
48232,inf
582615,inf
637733,inf
510369,inf
129880,inf
1452,inf
4303,0.0
223476,inf
603751,inf
526462,inf
236447,inf
240318,inf
446916,inf
249940,inf
637958,inf
44322,inf
460369,inf
119654,inf
260473,inf
705524,inf
348623,inf
624408,inf
284335,inf
628775,inf
179144,0.0
19070,inf
80218,inf
254193,inf
439162,inf
571802,inf
161613,inf
704416,inf
256328,inf
695835,0.0
252933,0.0
402988,inf
282484,inf
96690,inf
642650,inf
679673,inf
93845,inf
678993,inf
502252,inf
61371,inf
390321,inf
179960,inf
115158,inf
560267,inf
172694,0.0
561960,inf
50052,inf
529077,0.0
342799,inf
288459,inf
97901,inf
321655,inf
273883,inf
122578,0.0
593684,0.0
146635,inf
352927,inf
252075,inf
603036,inf
280917,0.0
113267,inf
476461,inf
189850,inf
231611,inf
602403,inf
603535,inf
655115,inf
639450,inf
258229,inf
613044,inf
525333,0.0
418413,inf
412294,inf
143402,inf
563848,0.0
267980,inf
334305,0.0
109976,inf
10641,inf
30880,inf
38460,inf
286437,inf
416875,inf
267493,inf
461797,inf
662684,inf
301586,inf
650409,inf
456417,inf
45411,inf
567786,inf
199507,inf
538966,inf
432389,inf
114947,inf
216417,inf
573762,inf
53458,inf
354568,inf
317329,inf
357633,inf
129423,inf
389252,inf
7634,inf
693226,inf
452191,inf
592919,inf
34910,inf
487383,inf
343820,inf
79125,inf
327496,inf
352294,inf
662426,inf
502891,inf
105764,inf
279653,inf
572999,inf
294917,0.0
397093,inf
344438,inf
387090,0.0
468480,inf
341264,0.0
107904,inf
263976,0.0
161349,inf
286371,0.0
408544,inf
528969,inf
217557,0.0
686143,inf
578601,inf
658945,inf
182901,inf
95387,0.0
341404,inf
221174,inf
374758,inf
431268,inf
532310,inf
402847,inf
271516,inf
459669,inf
363167,inf
604128,inf
363952,inf
261250,0.0
116577,inf
195736,inf
240359,inf
619540,inf
470111,inf
562193,inf
414051,0.0
149077,inf
43543,inf
656465,inf
494727,0.0
170442,0.0
635973,inf
691539,inf
91527,inf
56348,inf
96589,inf
157267,inf
155374,inf
30349,inf
628635,inf
264324,inf
262764,inf
263521,0.0
655368,inf
678595,inf
386082,inf
580450,0.0
392613,inf
227279,0.0
321683,0.0
233819,inf
441096,0.0
315160,0.0
215748,inf
28646,inf
39775,inf
642894,inf
7113,inf
263946,inf
290484,inf
247905,0.0
160862,inf
316610,inf
190570,0.0
616323,inf
185751,0.0
323915,0.0
208996,inf
202323,inf
223107,inf
255960,inf
74869,inf
597760,inf
592116,inf
385429,inf
494596,inf
31684,inf
529118,inf
397074,inf
302433,inf
516415,inf
672541,0.0
137212,inf
385920,inf
306587,inf
72798,inf
224988,inf
429351,0.0
283640,inf
379907,inf
459864,0.0
317851,0.0
9750,inf
464248,inf
239889,0.0
414760,inf
438198,inf
610935,inf
436621,inf
293090,inf
80529,inf
497114,inf
419302,inf
628608,inf
151958,inf
376352,inf
617644,inf
58631,inf
395058,inf
514034,inf
377570,inf
159648,inf
358917,0.0
393043,0.0
447480,inf
78071,inf
563609,inf
345266,inf
174637,inf
4684,inf
353014,inf
492415,inf
696726,inf
385536,0.0
652609,inf
351792,inf
82233,inf
230472,inf
212738,inf
510393,inf
36957,inf
274538,inf
6196,inf
32761,inf
118901,0.0
240540,inf
152720,inf
22180,inf
300270,inf
293856,inf
513858,inf
230575,inf
256324,inf
384794,0.0
378241,0.0
157611,0.0
574973,inf
663503,inf
202126,0.0
583835,inf
697907,inf
540011,inf
535355,inf
545582,0.0
224226,inf
211102,inf
176759,inf
478463,0.0
446000,0.0
133833,inf
209508,inf
516350,inf
177759,inf
260286,inf
632096,inf
95000,inf
55271,inf
105954,inf
170343,inf
69497,0.0
297397,inf
230369,0.0
517181,inf
634806,0.0
668500,inf
440164,inf
108086,inf
11059,inf
158593,inf
475119,inf
467541,inf
27904,inf
207368,inf
443565,inf
476203,inf
657924,0.0
261787,inf
55506,0.0
450189,inf
221419,inf
20154,inf
251619,inf
704491,inf
210155,inf
222236,0.0
387376,inf
541699,inf
4371,inf
113875,0.0
289944,inf
645710,inf
462384,inf
392918,inf
211938,inf
256149,inf
160330,inf
103919,inf
592335,inf
445680,inf
657807,0.0
156004,inf
456281,inf
563050,0.0
264072,inf
354868,inf
73709,inf
318167,inf
543167,inf
541041,0.0
265336,inf
23194,0.0
482167,inf
159520,inf
246819,inf
29506,0.0
507217,inf
603000,inf
496724,inf
683454,inf
368574,inf
118374,inf
281681,inf
172941,inf
544434,inf
492459,0.0
594242,0.0
43458,inf
104461,inf
56169,inf
413460,inf
22120,inf
542175,inf
560330,inf
428791,inf
257160,0.0
210414,0.0
221535,inf
256204,inf
11805,inf
64716,0.0
640738,inf
299047,inf
637813,inf
486145,inf
427122,0.0
653651,inf
29017,inf
326767,0.0
29467,inf
191140,inf
446181,inf
599988,inf
99101,inf
87287,inf
689749,inf
235023,inf
710487,inf
347910,inf
710899,inf
639177,inf
632965,inf
556528,inf
332765,inf
30434,inf
444778,0.0
181259,inf
79090,inf
699000,inf
294763,inf
521323,inf
398095,inf
468256,inf
177931,inf
186316,inf
427504,inf
82300,inf
298856,inf
688456,inf
265543,inf
463717,inf
187481,inf
274177,inf
417005,inf
389726,inf
292964,inf
528961,inf
120572,inf
224185,inf
402209,inf
133217,inf
23555,inf
32369,0.0
556733,inf
448307,inf
11874,inf
447829,inf
473145,0.0
293464,inf
301270,inf
306115,inf
707225,0.0
675578,inf
122319,0.0
664974,inf
227171,inf
392829,inf
32610,inf
549704,inf
602557,inf
540583,inf
16680,inf
285305,inf
252136,inf
499339,0.0
663294,inf
179358,inf
657278,inf
214813,inf
571220,inf
642631,inf
517250,inf
452074,inf
630639,inf
64283,inf
150001,inf
217357,inf
473448,inf
411757,0.0
597959,inf
317060,0.0
88066,inf
393100,inf
141513,inf
70743,inf
298371,inf
559405,inf
611196,inf
555265,inf
325324,0.0
683921,inf
49494,inf
199888,inf
74520,inf
430569,0.0
512037,0.0
79741,inf
169258,inf
493404,inf
612783,inf
572512,inf
87029,inf
143764,inf
256445,inf
649146,inf
182168,inf
275166,0.0
378789,inf
265774,inf
151532,inf
465383,inf
672038,0.0
524404,inf
2621,0.0
270749,inf
710027,inf
687736,0.0
358728,inf
673255,0.0
592967,inf
249435,inf
463091,inf
271322,inf
344516,inf
489600,inf
22911,0.0
563591,inf
488323,inf
107132,inf
618047,inf
683625,0.0
540481,0.0
604229,0.0
28512,inf
392604,inf
576932,inf
408061,inf
9824,inf
635786,inf
674901,inf
27802,inf
524439,inf
3364,inf
103009,inf
233373,inf
70231,0.0
322735,inf
226193,inf
215807,inf
453575,inf
521508,inf
319795,inf
143938,0.0
301028,inf
181746,inf
246053,0.0
579262,inf
233736,inf
642391,inf
411203,inf
49513,inf
533770,inf
101049,inf
101487,inf
252061,0.0
177215,inf
299371,inf
178393,inf
494540,inf
555964,0.0
222524,inf
291157,inf
670007,inf
542062,0.0
508476,inf
612460,inf
60289,inf
326384,inf
607445,inf
570932,inf
267971,0.0
338522,inf
168385,inf
144933,inf
170040,inf
701636,inf
315267,0.0
635840,0.0
264710,inf
414576,inf
188168,inf
256933,inf
499006,inf
694172,inf
30863,inf
389044,inf
298300,inf
506707,inf
644971,inf
362890,inf
116586,inf
376985,inf
75869,inf
470815,inf
24130,inf
273112,inf
434461,0.0
421593,inf
578729,inf
11258,inf
564949,0.0
559821,inf
552749,0.0
686099,inf
389819,inf
179701,inf
354693,inf
530112,inf
651384,inf
254329,inf
130997,inf
46467,inf
52995,inf
632801,inf
334186,inf
83794,0.0
426415,inf
210448,inf
409693,0.0
402415,inf
684897,inf
567506,0.0
663833,inf
355939,0.0
697427,inf
193976,inf
45319,inf
482931,inf
29419,inf
104248,inf
373132,inf
540136,inf
53124,inf
147518,inf
195186,0.0
107274,inf
178364,inf
346861,inf
171586,inf
605664,0.0
456121,inf
189210,inf
461754,inf
96630,inf
590453,inf
223370,inf
475308,0.0
212266,inf
499182,inf
206808,inf
146676,inf
17604,inf
233952,0.0
247353,0.0
141348,inf
643342,inf
438452,inf
533670,inf
196442,inf
200160,inf
498392,inf
686696,inf
476258,inf
516402,inf
445346,inf
386280,inf
601761,inf
262578,inf
305801,0.0
333690,inf
69213,inf
402559,0.0
511113,inf
704483,inf
277298,inf
489651,inf
331052,0.0
483036,inf
53759,inf
9628,inf
444960,inf
489441,inf
386566,inf
181458,inf
543148,inf
615098,inf
286227,inf
689586,0.0
7984,0.0
221448,inf
309543,0.0
32514,inf
120107,0.0
24108,inf
75289,0.0
206671,inf
145562,inf
618307,inf
330723,inf
407619,inf
603993,inf
383459,inf
172180,0.0
415087,inf
7162,inf
172373,inf
234756,inf
388163,inf
598706,inf
210957,inf
346315,0.0
429011,inf
453116,inf
435411,0.0
467393,0.0
364390,inf
209731,inf
570000,inf
481565,inf
319050,0.0
288241,inf
102821,inf
276057,inf
255534,inf
631158,inf
501203,inf
359985,inf
297208,inf
307700,inf
137150,inf
494151,inf
377136,inf
577996,inf
337874,inf
683613,inf
263797,inf
97428,inf
2576,inf
465369,inf
318492,inf
580007,inf
710972,inf
260342,inf
302207,0.0
242703,inf
282708,inf
123115,inf
326169,inf
137222,inf
686354,inf
658794,inf
297799,inf
626337,inf
468545,inf
378430,inf
98777,0.0
613149,inf
89507,inf
560417,inf
236231,inf
356900,inf
492364,0.0
60278,inf
590808,inf
626156,inf
21994,inf
654061,inf
228382,inf
456463,inf
439021,inf
682123,inf
370989,inf
680852,inf
23279,inf
102729,0.0
33371,inf
647075,inf
426034,0.0
411242,inf
690403,inf
236127,inf
243045,inf
618743,inf
607043,inf
608600,inf
170020,inf
421660,0.0
477670,inf
410511,0.0
349613,inf
96836,inf
632292,inf
331001,inf
186412,0.0
24191,inf
647629,inf
270407,inf
361684,inf
288086,0.0
39521,inf
44009,inf
174693,inf
448066,inf
163206,inf
8557,inf
694272,inf
540943,inf
509176,0.0
709148,inf
701231,inf
89091,inf
540100,0.0
397183,inf
615920,inf
324632,inf
391260,inf
37180,inf
676780,inf
392486,inf
153368,0.0
198073,0.0
108057,inf
582986,inf
68511,0.0
116379,inf
340564,inf
6634,inf
230073,inf
388743,inf
449041,inf
435695,inf
210765,inf
570263,inf
307633,inf
645405,inf
693343,0.0
38847,inf
212672,inf
98094,inf
572918,inf
19915,inf
555385,inf
477018,inf
661460,inf
58215,inf
85674,inf
228757,0.0
217630,inf
612367,inf
350052,inf
357475,inf
250939,0.0
260908,inf
246903,inf
26558,inf
655638,inf
184518,inf
696292,inf
270046,inf
57524,inf
285051,0.0
107634,inf
699813,inf
657926,inf
162730,inf
191094,inf
496789,inf
352127,inf
249063,inf
585182,inf
571197,0.0
170714,inf
60826,0.0
195961,inf
652551,inf
489111,inf
54808,0.0
180109,inf
654565,inf
165571,inf
11553,inf
351358,inf
411145,inf
89675,inf
365220,inf
176391,inf
494607,inf
670233,0.0
457761,inf
7301,inf
406643,inf
526172,inf
451024,inf
516253,inf
87751,inf
118386,inf
674219,inf
398102,inf
294113,inf
273430,inf
20854,inf
300176,inf
585028,0.0
584766,inf
445273,inf
636630,inf
641893,inf
87914,0.0
623273,inf
475361,inf
123362,inf
499706,inf
254291,inf
611126,inf
580317,inf
6166,inf
440188,inf
500225,0.0
576087,inf
682610,inf
688006,inf
427997,inf
696391,inf
221084,inf
409105,inf
509234,inf
508449,0.0
640800,inf
469353,inf
519934,inf
606803,inf
542279,inf
302717,inf
156151,inf
580502,inf
294112,0.0
275409,inf
641578,0.0
177484,inf
79988,0.0
279946,inf
232075,0.0
602438,inf
30416,inf
600186,inf
383736,inf
647007,0.0
414667,inf
644379,0.0
175803,0.0
435184,inf
679491,0.0
493325,0.0
152570,inf
617545,inf
106463,inf
678796,inf
283104,inf
579540,inf
312897,inf
89374,inf
445759,inf
706695,inf
143681,0.0
339841,0.0
465178,0.0
505023,inf
415848,inf
669867,inf
618686,0.0
631375,0.0
381722,inf
270117,inf
427720,inf
151190,inf
370095,inf
668581,inf
245046,inf
480896,inf
84893,0.0
452025,0.0
408,inf
689238,0.0
471801,inf
591682,0.0
598179,inf
283946,inf
365115,inf
120486,inf
112570,inf
444469,inf
649375,inf
166577,inf
250322,inf
538866,inf
237124,inf
70753,inf
329502,inf
652968,inf
363324,inf
161229,inf
172088,0.0
343540,inf
411107,0.0
509453,inf
229015,inf
442177,inf
201483,inf
324669,inf
522498,inf
459826,inf
538152,inf
31385,inf
471516,inf
8888,inf
138680,inf
585468,0.0
704920,0.0
337481,inf
628412,0.0
11443,inf
678008,inf
285816,inf
229714,inf
497954,inf
172466,inf
63130,inf
525469,inf
237387,inf
510360,inf
507067,inf
580639,0.0
664703,inf
551444,inf
672240,inf
686403,inf
271538,inf
346326,inf
363376,inf
309388,inf
268452,0.0
364172,inf
148624,inf
163253,inf
706835,inf
340603,0.0
325201,inf
600184,0.0
543466,inf
391674,inf
417505,inf
561389,0.0
108227,inf
97444,inf
660106,inf
662676,inf
441819,0.0
40426,inf
498275,inf
157676,0.0
553860,inf
592845,inf
286951,inf
511955,inf
656649,inf
253748,inf
55874,inf
127612,inf
448432,inf
657401,inf
108803,inf
1193,inf
160278,inf
191417,inf
410455,inf
678516,inf
205414,inf
153166,inf
677148,inf
128415,0.0
708645,inf
366935,inf
457783,inf
13201,inf
170816,inf
150559,inf
443009,inf
554057,inf
570957,inf
567137,inf
53497,inf
494265,inf
543916,inf
317088,inf
251163,inf
672891,inf
431426,inf
116243,inf
536961,inf
361166,inf
683460,inf
299184,inf
37413,inf
178693,0.0
434791,inf
699166,inf
346660,inf
53504,inf
82633,inf
59759,inf
412890,inf
442416,inf
115545,inf
490273,0.0
436497,inf
236781,inf
686407,0.0
288963,inf
362663,inf
610238,inf
196851,0.0
694536,inf
597927,inf
667205,inf
226073,0.0
264916,inf
567752,inf
299354,inf
551087,inf
110241,inf
133832,0.0
360416,inf
10977,inf
499695,inf
592252,inf
129936,inf
660404,inf
41944,inf
209076,0.0
85118,inf
701288,inf
337928,inf
573681,inf
510886,inf
99606,inf
29692,inf
235241,inf
683335,inf
641713,inf
263025,inf
535286,inf
217621,inf
58754,inf
48116,0.0
456802,inf
313898,inf
494475,inf
448625,0.0
668666,inf
542213,0.0
579759,inf
428659,inf
261295,inf
280651,inf
634974,inf
367066,0.0
499853,inf
439872,inf
102896,inf
706658,inf
595421,inf
243118,0.0
376873,inf
704080,inf
416592,0.0
237921,inf
3402,inf
521287,inf
223543,inf
158501,inf
239532,inf
448035,inf
58373,inf
113041,inf
127805,0.0
576602,inf
684837,inf
206834,inf
698365,0.0
379475,inf
698668,inf
106139,inf
523642,inf
173104,inf
297840,inf
415621,inf
699937,inf
353268,inf
207517,inf
326850,inf
673570,inf
305907,inf
652975,inf
474872,inf
388416,inf
512740,inf
34563,inf
700394,inf
665035,inf
670599,0.0
450005,inf
455300,inf
304293,inf
245114,inf
560195,0.0
72005,inf
446853,inf
626033,inf
242564,inf
449475,inf
111469,inf
55862,inf
491044,inf
686598,inf
231792,inf
452302,0.0
240395,inf
333448,inf
153123,0.0
327622,inf
13309,0.0
414614,inf
500223,inf
659702,0.0
662842,inf
607912,inf
385535,0.0
74995,0.0
410802,inf
601060,inf
44487,inf
198673,inf
144836,inf
356506,0.0
395962,inf
260167,inf
103931,inf
278753,inf
166250,inf
162997,inf
215278,inf
678102,inf
296132,inf
441352,inf
306810,inf
553427,inf
493931,inf
611622,0.0
13346,inf
664532,0.0
67647,inf
623904,inf
485433,0.0
214240,0.0
530126,inf
162855,inf
351401,inf
38634,inf
139331,0.0
124417,0.0
529674,inf
504299,inf
480865,inf
642755,0.0
315352,inf
397733,inf
443498,inf
662202,inf
680080,0.0
479172,inf
687909,inf
575620,inf
176235,0.0
108928,inf
539081,inf
32049,0.0
493454,inf
295339,inf
599173,inf
521079,inf
437185,inf
572136,inf
356665,inf
263486,inf
46008,inf
471083,inf
646314,inf
644642,inf
129373,inf
383507,0.0
316475,inf
168341,inf
406711,0.0
500589,inf
243774,inf
667917,inf
684947,inf
297640,inf
114374,inf
158875,0.0
352423,0.0
60091,inf
386353,inf
384979,inf
336732,inf
424062,inf
32467,inf
8037,inf
176849,inf
308261,inf
706586,0.0
561746,inf
535104,inf
670327,inf
96898,0.0
447362,inf
611732,inf
178173,inf
163582,inf
109145,0.0
209223,inf
596535,inf
542246,inf
498154,inf
173910,inf
221278,inf
70642,inf
110514,inf
33092,inf
290908,inf
420125,inf
238746,inf
233894,inf
192872,inf
581036,inf
237401,inf
566544,inf
32100,inf
109302,0.0
332867,inf
532917,inf
617386,inf
548829,0.0
310452,inf
63550,inf
537287,0.0
630827,inf
206258,inf
92943,inf
239054,inf
172308,inf
216792,inf
396763,0.0
117554,inf
632457,inf
9601,inf
446615,inf
297658,inf
363956,inf
378545,inf
521418,inf
66002,inf
442531,inf
483058,inf
252180,inf
340927,inf
189257,inf
240584,inf
191662,0.0
685893,inf
479100,inf
474184,inf
263583,inf
471272,inf
306470,inf
379753,inf
399345,inf
453451,inf
330346,inf
277333,0.0
76093,inf
354886,inf
416739,inf
380830,0.0
94356,inf
694718,inf
12583,inf
35941,inf
484102,0.0
691845,inf
141967,inf
132192,0.0
510379,inf
332284,inf
61081,inf
256684,inf
297293,0.0
342997,inf
687041,inf
463318,inf
594310,inf
321174,inf
353746,0.0
397241,0.0
181547,inf
166016,inf
702930,inf
276035,inf
569391,inf
63826,inf
51455,inf
37765,inf
250567,inf
421512,0.0
702640,inf
82051,inf
675377,inf
683102,inf
317952,inf
586180,inf
219522,inf
678056,inf
83389,inf
325177,inf
134806,inf
642044,inf
533802,inf
701303,inf
412813,inf
62805,inf
565087,inf
599840,inf
705122,0.0
369260,inf
487792,inf
438459,inf
251054,inf
501254,inf
72369,inf
676879,inf
174428,inf
381763,inf
639585,0.0
438943,inf
706241,inf
586607,inf
571020,inf
227750,0.0
328258,inf
185462,inf
419414,inf
623043,0.0
206027,inf
130400,inf
678125,0.0
357256,inf
313464,inf
519532,inf
629619,inf
399031,inf
465526,0.0
324392,inf
238182,inf
490252,inf
318245,inf
268489,inf
488789,inf
706715,inf
271044,inf
481795,inf
680845,inf
654639,inf
447251,inf
123772,inf
668897,inf
503532,inf
524285,inf
58964,inf
485627,inf
210473,inf
612919,inf
54612,inf
579764,inf
228949,inf
206800,inf
44394,inf
344826,inf
421424,0.0
448134,inf
26044,inf
559630,inf
655624,inf
309505,inf
360146,inf
681130,0.0
423127,inf
387506,inf
187334,inf
314727,inf
368474,inf
386432,inf
582162,inf
137780,inf
127294,inf
456907,inf
195990,inf
1336,inf
413256,inf
518807,inf
61927,inf
503479,inf
140356,0.0
712027,inf
500657,inf
403195,inf
419944,inf
357205,inf
611860,inf
548925,inf
463938,inf
596847,inf
639276,inf
578522,inf
36144,inf
614681,inf
190824,inf
282454,inf
385513,inf
175554,inf
677074,inf
222321,inf
177728,0.0
568207,0.0
67251,0.0
367226,inf
48866,inf
320082,inf
370005,inf
643312,inf
154701,0.0
379645,inf
555925,inf
709310,inf
689288,inf
533460,inf
419164,inf
375404,inf
477172,inf
454214,inf
181089,0.0
115581,inf
409575,inf
592415,0.0
8522,inf
62096,inf
50063,inf
131925,inf
394477,inf
496809,inf
507502,inf
272061,inf
442158,inf
667183,inf
486733,inf
68061,inf
247182,inf
158708,0.0
539037,inf
693813,inf
539705,inf
578172,inf
500647,inf
652970,inf
608930,inf
559756,inf
681942,inf
160520,inf
536663,inf
192452,inf
308864,inf
172116,inf
100072,inf
322266,inf
480940,inf
520973,inf
456141,inf
704339,inf
411678,inf
147544,0.0
344657,inf
126761,inf
210406,inf
655920,inf
395852,inf
58977,inf
396093,inf
351993,inf
337146,inf
110491,inf
452685,inf
526234,inf
653138,inf
308771,inf
665879,inf
349160,inf
680385,inf
26319,inf
480561,inf
578013,inf
378395,inf
347984,inf
612381,inf
453495,0.0
201721,inf
539467,inf
479283,inf
604725,inf
110797,0.0
362761,inf
666268,inf
604018,inf
681683,inf
199751,inf
694253,inf
528328,0.0
264135,inf
356711,inf
649095,inf
341334,inf
544571,inf
280884,inf
332574,inf
410387,inf
163791,0.0
373442,inf
694796,inf
604029,0.0
301515,inf
662257,0.0
565472,inf
283298,inf
656464,0.0
293288,inf
671429,inf
288801,0.0
2275,inf
651900,0.0
689691,0.0
341463,inf
674668,inf
421436,inf
37929,inf
703690,inf
450078,inf
201886,inf
41403,inf
369691,inf
110778,inf
414242,inf
225890,0.0
89983,inf
10145,0.0
16022,inf
58858,inf
416004,inf
605951,inf
4482,inf
415859,inf
207660,inf
165265,inf
130691,inf
484173,inf
686134,inf
488521,0.0
365967,inf
448155,inf
511596,0.0
199093,inf
242039,inf
490102,inf
662953,inf
103182,inf
156993,inf
345874,0.0
668002,inf
90599,inf
370004,inf
503558,inf
423441,inf
690582,inf
277025,inf
599937,inf
260518,inf
441323,inf
338678,inf
206204,inf
269424,inf
558657,0.0
547966,inf
208927,inf
483680,inf
522803,inf
573075,inf
308115,inf
346465,inf
365222,inf
271657,inf
229314,inf
675676,inf
370110,0.0
458530,0.0
603818,inf
537218,inf
370173,0.0
383794,inf
499912,inf
655167,inf
360284,inf
642535,0.0
524867,inf
38271,inf
160025,0.0
323579,inf
70741,inf
516450,inf
167254,0.0
495000,inf
486819,inf
221647,0.0
59871,inf
332688,inf
478204,inf
159735,inf
349389,inf
309206,inf
395511,inf
90526,inf
221399,inf
436085,inf
194217,0.0
272392,inf
658793,0.0
654873,inf
211644,inf
117959,inf
58053,0.0
82267,inf
310401,inf
453416,inf
131137,inf
648819,inf
533095,inf
289658,inf
692829,inf
583139,inf
303470,inf
428063,inf
325005,inf
691327,0.0
583126,inf
554584,0.0
402669,inf
524078,inf
410577,inf
83727,inf
398207,inf
296422,inf
116431,inf
88042,0.0
381942,inf
683136,0.0
324133,inf
88498,inf
87543,inf
56178,inf
599498,0.0
383075,inf
465581,inf
468024,inf
292967,inf
317940,inf
176410,0.0
216941,inf
403310,0.0
582630,inf
557793,inf
622262,inf
592631,inf
519167,inf
81095,inf
278475,inf
309440,inf
559029,0.0
195744,0.0
688691,inf
362710,inf
188567,inf
133940,0.0
156096,inf
132760,inf
637460,0.0
611184,inf
465423,inf
86530,0.0
55302,inf
470965,inf
311624,inf
544352,inf
506873,inf
367408,inf
69380,inf
137949,inf
671829,inf
580579,inf
460337,0.0
72040,inf
267599,inf
400329,inf
259125,inf
570341,inf
292860,inf
143414,inf
137125,inf
639818,inf
533554,inf
623418,inf
278092,inf
514654,inf
561910,inf
701750,inf
368628,inf
427940,0.0
632474,inf
493321,inf
194837,inf
13386,inf
106465,inf
373821,inf
323154,inf
344637,inf
612849,inf
678808,inf
390686,inf
656742,inf
452662,inf
626538,inf
6612,inf
547467,inf
149120,inf
638768,inf
50733,inf
441839,inf
711775,inf
162296,inf
623869,inf
546116,inf
10502,inf
308346,inf
45430,inf
416175,inf
19537,inf
602719,0.0
65640,inf
19546,inf
512455,0.0
636446,inf
9810,0.0
505562,inf
577498,inf
320874,0.0
685295,inf
9023,inf
351686,inf
67617,inf
397798,inf
579421,inf
477,0.0
271012,0.0
114222,inf
365308,inf
198052,inf
153193,inf
650444,inf
595753,inf
696907,inf
479045,inf
354362,0.0
277776,inf
274088,inf
285378,inf
578110,0.0
517419,inf
364104,inf
71794,inf
509267,inf
585613,0.0
257283,inf
584960,inf
496105,inf
43490,inf
513200,inf
308065,inf
156618,inf
435827,inf
666237,inf
152134,inf
629465,inf
16787,inf
163835,inf
643526,inf
627026,inf
51672,inf
297399,inf
392575,inf
217392,inf
648312,inf
205655,inf
664304,inf
705465,inf
561433,inf
189989,0.0
120212,inf
481855,inf
390613,0.0
561080,0.0
699900,inf
229113,inf
175190,inf
225015,inf
42908,inf
154964,0.0
661020,inf
31353,inf
510776,0.0
22424,0.0
206864,inf
60680,inf
148899,inf
537280,inf
559240,inf
234333,inf
668878,inf
236171,inf
486844,inf
346800,inf
707029,inf
110961,inf
545963,inf
425804,inf
611203,inf
38217,0.0
612048,inf
592599,inf
33123,0.0
188649,inf
40372,inf
604844,inf
285510,inf
134870,inf
249386,inf
127248,inf
153741,inf
642389,inf
547987,0.0
23897,inf
163856,inf
655938,0.0
395837,0.0
91662,0.0
326741,0.0
454951,inf
467219,inf
391861,inf
250007,inf
291715,0.0
59206,inf
66116,inf
646933,inf
551216,inf
554303,0.0
190074,inf
639742,inf
262917,0.0
482558,0.0
224551,inf
538872,0.0
567162,inf
232570,inf
643123,inf
598923,inf
482850,inf
418928,inf
312744,inf
460330,inf
136609,inf
550101,inf
275876,inf
291711,inf
663276,inf
324971,inf
160168,inf
520238,inf
364135,inf
338543,inf
183589,inf
391756,inf
142466,0.0
339028,inf
689639,inf
584170,inf
650892,inf
345689,inf
540725,inf
313702,inf
618286,inf
303887,inf
508450,inf
128873,inf
233807,inf
273039,0.0
297157,inf
398058,inf
872,inf
392510,inf
454260,inf
336670,0.0
331160,inf
226800,inf
66358,inf
338694,0.0
556025,inf
275217,inf
401369,0.0
409204,inf
542812,inf
648082,0.0
241015,inf
617302,inf
108923,inf
184661,inf
417379,inf
156086,inf
347653,0.0
353768,inf
135914,inf
187084,inf
233176,0.0
298829,inf
245267,inf
424257,inf
6458,inf
589740,inf
107684,inf
308929,inf
487148,inf
216667,inf
502074,inf
100319,inf
72295,0.0
38216,inf
575784,0.0
600695,inf
452095,inf
673486,inf
45870,inf
661225,inf
299568,inf
128673,inf
271688,inf
286817,inf
627423,inf
133154,inf
49958,inf
246108,inf
282552,inf
663950,inf
144010,inf
61332,inf
487722,inf
137769,inf
338615,inf
576432,inf
516016,inf
363035,inf
118443,0.0
314913,0.0
603860,inf
390132,inf
216409,inf
477930,inf
62450,inf
487856,0.0
320105,inf
667651,0.0
306570,inf
533299,inf
134439,inf
61136,inf
354442,inf
572349,inf
329852,inf
70659,inf
32997,inf
580492,inf
389638,inf
370587,inf
237792,inf
397507,inf
674521,inf
655712,inf
315892,inf
500916,inf
83844,inf
31794,0.0
153432,inf
125433,inf
444677,inf
323035,inf
699604,inf
587586,inf
472151,inf
512534,0.0
196217,inf
473373,inf
594896,inf
51552,0.0
324086,inf
95740,inf
230481,inf
510940,0.0
200671,inf
78853,inf
553739,inf
447721,inf
444171,inf
639400,inf
669735,0.0
494962,inf
601506,0.0
429877,0.0
44226,inf
658049,0.0
459208,inf
271723,inf
468454,inf
672244,inf
20865,0.0
564331,inf
407385,inf
445963,inf
321551,inf
91192,inf
219404,0.0
706056,inf
153147,inf
441191,inf
595442,inf
641365,0.0
99391,inf
507343,inf
476513,0.0
203448,inf
596099,inf
266982,inf
580950,inf
355902,inf
348340,inf
463972,inf
602659,inf
404486,inf
79393,inf
11813,inf
422322,inf
581635,inf
525863,inf
501360,inf
572825,inf
202329,inf
427836,0.0
689037,inf
567165,inf
67543,inf
393758,inf
121254,inf
290069,inf
387808,inf
21339,inf
262974,inf
609140,inf
423025,0.0
374856,0.0
465537,inf
668875,inf
351676,0.0
607210,inf
105321,inf
547892,inf
238288,inf
410631,inf
262223,inf
246968,inf
113079,inf
649434,0.0
136088,inf
197170,inf
345805,inf
544609,0.0
281255,inf
676827,inf
5399,inf
363702,inf
276346,inf
423911,inf
685177,inf
557913,inf
655841,inf
439606,inf
471951,0.0
649328,inf
33743,inf
678829,inf
156754,inf
655933,0.0
630393,inf
191725,inf
708785,inf
661297,inf
32925,inf
156709,inf
690110,inf
130372,inf
250819,inf
96558,0.0
598941,inf
439798,0.0
247677,0.0
431267,inf
43795,inf
502457,inf
46462,inf
385557,inf
322110,inf
448633,inf
487923,inf
413454,inf
355572,inf
23115,inf
393812,inf
699437,0.0
136020,inf
588899,inf
529359,inf
46722,0.0
86477,inf
154429,inf
669639,inf
249951,inf
507558,0.0
612575,0.0
488178,inf
217325,inf
270959,inf
483793,0.0
107756,0.0
262579,inf
290167,inf
195023,inf
382345,inf
3172,inf
419763,inf
253780,inf
630688,inf
336315,inf
512573,inf
53221,inf
128354,0.0
435791,0.0
43267,inf
97880,inf
154949,inf
44527,inf
606002,inf
692676,inf
242471,inf
33354,inf
297158,inf
440395,inf
41598,inf
509584,inf
289396,inf
571730,inf
569104,inf
555804,0.0
388017,inf
630727,inf
471903,inf
673678,0.0
209777,inf
359854,inf
216038,inf
708248,0.0
477508,inf
182219,0.0
281459,inf
327981,inf
610161,0.0
679633,inf
251024,inf
618871,inf
89420,inf
642999,inf
27646,inf
457025,inf
314468,inf
379555,0.0
260885,inf
565552,0.0
256666,inf
404278,inf
175030,inf
6073,inf
376996,inf
337209,0.0
128236,inf
380208,inf
19580,inf
14223,0.0
141903,0.0
533178,inf
594402,inf
180550,inf
35103,inf
197548,0.0
494496,inf
632960,inf
141242,inf
46520,inf
253381,inf
31932,inf
675504,inf
6253,inf
295056,0.0
387681,inf
495978,0.0
422325,inf
628099,inf
56613,inf
224291,inf
473482,inf
313489,inf
603601,inf
169176,inf
479794,inf
680961,inf
276527,inf
232138,0.0
111934,inf
500294,inf
46244,inf
340905,inf
76863,0.0
359453,inf
596975,inf
414469,inf
202782,inf
68477,inf
240753,inf
29963,0.0
683989,inf
137614,inf
431458,0.0
533453,inf
146904,inf
614435,inf
311448,inf
295211,inf
391366,inf
483535,inf
202117,0.0
329461,inf
545523,inf
704118,inf
658466,0.0
222510,inf
363226,inf
380299,inf
384285,inf
204146,0.0
398047,inf
705693,inf
488249,inf
167751,inf
202825,inf
701463,inf
697726,0.0
546114,inf
296405,inf
3804,inf
22381,inf
285903,inf
551620,inf
361609,inf
689336,inf
243132,inf
447445,inf
343472,inf
230436,0.0
278213,0.0
367629,0.0
143157,inf
636542,inf
616055,0.0
485557,inf
27234,0.0
197939,inf
654652,inf
555567,0.0
180556,inf
383429,inf
325099,inf
490101,inf
644991,inf
541460,0.0
298679,inf
701738,inf
676153,0.0
231576,inf
47081,inf
92345,0.0
428604,inf
1888,inf
202698,inf
519311,inf
387565,inf
428866,inf
61942,0.0
437030,inf
532602,inf
452740,inf
290829,0.0
517735,inf
252245,inf
368800,inf
486688,inf
533526,inf
354756,inf
673916,0.0
128174,inf
162214,inf
126117,inf
666315,inf
619120,inf
217045,0.0
69247,0.0
354798,inf
154046,inf
600785,inf
381878,inf
628186,inf
163387,0.0
422862,inf
473825,inf
149727,inf
613409,inf
506462,inf
636948,inf
112391,inf
257806,inf
598281,0.0
644319,0.0
657074,inf
92370,0.0
126908,inf
353946,inf
704895,inf
641774,inf
657144,0.0
16006,inf
56284,inf
428748,0.0
282002,inf
3143,0.0
4711,inf
230189,inf
247178,inf
369174,inf
14133,0.0
300966,inf
536023,inf
3231,inf
663193,inf
570246,inf
400230,inf
225927,inf
568248,inf
21342,inf
31980,inf
398684,inf
153322,inf
27753,inf
658854,inf
496631,inf
54102,inf
567338,inf
621145,inf
422283,inf
663549,0.0
16861,inf
685712,inf
288224,inf
332179,inf
190481,inf
592221,inf
335029,inf
378304,inf
305447,inf
695727,inf
429732,inf
203990,inf
107161,inf
37246,inf
114722,0.0
588790,inf
124200,inf
421086,inf
28927,inf
93243,inf
341663,inf
75660,inf
220022,0.0
159242,inf
492623,0.0
584675,inf
300615,inf
368075,inf
306753,0.0
538592,inf
87318,inf
539649,inf
95364,inf
269940,0.0
573090,inf
591230,inf
73266,inf
458308,inf
491316,inf
344874,0.0
288613,inf
708157,inf
708725,inf
675823,inf
219064,inf
248205,0.0
526198,0.0
623020,inf
604055,0.0
598983,0.0
463957,0.0
391323,inf
678882,inf
192876,inf
288724,inf
198601,inf
325224,0.0
415183,inf
636146,inf
77351,inf
164781,inf
602896,inf
230242,inf
607777,inf
396360,inf
603974,inf
296978,0.0
168239,0.0
229328,0.0
480315,inf
51336,inf
391908,inf
342838,inf
210180,inf
415199,inf
172019,inf
521077,inf
457047,inf
578907,0.0
564367,0.0
430901,inf
288084,inf
336935,inf
74486,inf
650285,inf
181204,inf
691597,inf
626073,inf
34765,0.0
522661,0.0
294054,0.0
664683,0.0
667666,inf
344339,inf
373438,inf
362458,inf
62350,inf
4031,inf
211629,inf
42191,inf
656022,inf
708103,inf
524604,inf
572315,inf
430637,inf
446063,inf
707243,inf
61566,0.0
556901,inf
624344,inf
576758,0.0
124550,inf
180901,inf
115969,0.0
582351,inf
395382,inf
589632,inf
386318,inf
211342,inf
100916,0.0
567743,0.0
357303,inf
313109,inf
664222,inf
507865,inf
574415,inf
246062,inf
554156,0.0
58896,0.0
476273,inf
532714,inf
196247,inf
89795,inf
148005,0.0
637918,inf
81433,inf
275496,inf
101021,inf
400691,0.0
202762,inf
675188,inf
526414,inf
635466,0.0
704032,0.0
597960,inf
10922,0.0
632601,0.0
10625,inf
675087,inf
558965,inf
554554,inf
576665,0.0
668069,0.0
194194,inf
37319,inf
687447,inf
373508,inf
496441,inf
392545,inf
540664,inf
379815,inf
633577,inf
391214,inf
624356,inf
487498,inf
669501,inf
575218,inf
171371,inf
515757,inf
289584,inf
696348,inf
461057,0.0
497862,inf
3235,inf
631941,inf
631916,inf
278988,inf
108505,inf
260847,inf
461688,inf
374416,inf
460110,inf
296356,inf
62598,inf
557003,0.0
163377,inf
160766,inf
400928,inf
328639,inf
568155,0.0
317280,inf
430796,inf
401468,inf
316538,inf
607546,inf
618330,inf
579893,inf
624043,inf
609382,inf
194697,0.0
479586,0.0
685285,inf
589962,inf
387089,inf
639959,inf
522172,inf
276953,0.0
471140,inf
618354,inf
663567,inf
545199,inf
598181,inf
604835,inf
90397,inf
498686,inf
316596,inf
245898,inf
362110,inf
269521,inf
424539,inf
663903,0.0
520609,inf
688309,inf
673621,inf
38498,inf
274914,inf
223321,inf
302476,inf
105781,0.0
250338,inf
366196,0.0
130849,0.0
377769,inf
703749,inf
574371,inf
394079,inf
654154,inf
589796,inf
483427,0.0
17040,inf
83634,0.0
293967,inf
693061,inf
161972,inf
523622,inf
477199,inf
482962,inf
209179,inf
353052,inf
293929,inf
478219,inf
531446,inf
276549,0.0
121075,inf
542698,0.0
520780,inf
203095,inf
554891,inf
480986,0.0
343853,inf
679459,inf
435893,0.0
543423,inf
195867,inf
475913,inf
58903,inf
589761,0.0
210618,0.0
213679,inf
370361,0.0
967,inf
267038,inf
316181,inf
307984,inf
458812,inf
207283,inf
35335,inf
125242,0.0
525059,inf
104637,inf
507939,inf
90435,inf
563702,inf
15511,inf
337529,inf
382959,0.0
230143,inf
285530,0.0
565463,0.0
140823,inf
73522,inf
31633,inf
696583,inf
448725,inf
201288,inf
604175,inf
456737,inf
279167,inf
235573,inf
569138,inf
685869,0.0
500790,inf
230853,inf
170900,inf
483147,inf
87790,inf
202952,inf
665987,0.0
570357,inf
424054,inf
669755,inf
540854,inf
26202,inf
33020,0.0
303384,inf
679782,inf
642036,inf
148046,inf
194079,inf
630342,inf
15050,inf
577830,inf
564337,inf
532391,inf
465148,inf
501809,inf
280739,0.0
344837,0.0
344977,inf
173855,inf
108592,0.0
613825,inf
646872,inf
521493,inf
358974,inf
4987,inf
457744,0.0
318899,inf
475654,inf
241282,inf
208234,inf
6218,inf
134026,0.0
261764,inf
54701,inf
124342,inf
43650,inf
31047,0.0
198283,inf
72815,inf
513820,0.0
656481,inf
139181,inf
64524,inf
40483,inf
664852,inf
566145,inf
675307,0.0
21743,0.0
69005,0.0
322380,inf
77395,inf
123852,inf
226,inf
145212,inf
213727,inf
364915,0.0
406775,0.0
581678,inf
349633,inf
103411,0.0
491743,inf
650370,inf
468913,inf
445744,inf
540239,inf
480237,0.0
696788,inf
471845,0.0
88654,inf
455413,inf
679001,inf
318417,inf
289907,inf
438573,inf
183303,inf
394979,0.0
689605,inf
288166,inf
9740,inf
110764,inf
599614,0.0
403615,inf
417543,inf
389892,inf
424543,inf
203492,0.0
655644,inf
425741,inf
196451,inf
279288,inf
611317,inf
607082,inf
543628,inf
241689,inf
526369,inf
663501,0.0
159049,inf
47993,inf
239124,inf
177572,inf
425106,inf
272309,inf
574238,inf
143509,inf
28140,inf
304189,0.0
89975,inf
340209,0.0
455674,inf
710049,inf
33898,inf
382510,inf
76671,inf
217774,inf
59406,inf
584232,inf
558839,inf
680952,inf
236387,0.0
633309,inf
329372,inf
110347,inf
298944,inf
7894,0.0
711651,inf
610879,0.0
375353,inf
344626,inf
162028,inf
185030,inf
208147,inf
47711,0.0
546388,0.0
56309,inf
647637,inf
481034,0.0
587190,inf
292432,inf
195553,inf
342597,inf
337312,0.0
512265,inf
30788,inf
440258,0.0
684478,inf
289167,inf
161513,inf
331745,inf
100713,inf
153869,inf
371809,inf
351913,inf
474669,inf
89092,inf
418693,0.0
187673,0.0
400711,inf
683860,inf
658958,inf
104104,inf
169733,0.0
294266,0.0
440474,0.0
470769,0.0
364472,0.0
72825,0.0
299152,inf
415527,inf
300771,inf
116504,inf
644079,inf
281410,inf
400493,inf
133945,inf
428035,inf
568402,inf
436876,inf
555729,inf
541094,inf
528492,inf
398764,0.0
209826,inf
188332,inf
578382,inf
418195,inf
145970,inf
671074,inf
388041,inf
288758,inf
435579,0.0
295036,inf
184991,0.0
513766,inf
329439,0.0
633346,inf
134050,inf
377411,inf
631414,inf
149950,inf
211230,inf
85509,inf
216774,inf
11090,inf
179174,0.0
470204,inf
149097,inf
483507,inf
49037,inf
289461,inf
134857,inf
643658,inf
710965,inf
636771,inf
464770,inf
9784,inf
542498,0.0
114739,inf
663164,inf
234405,0.0
574953,inf
393836,0.0
670297,inf
622081,0.0
88755,inf
524430,inf
77742,inf
548629,inf
129597,0.0
340947,inf
577492,inf
252444,inf
393300,inf
435190,inf
103542,inf
207027,inf
66034,inf
276708,inf
358356,inf
696585,0.0
636351,inf
602456,inf
500422,inf
334816,inf
32587,0.0
214206,inf
89317,inf
617249,inf
404017,0.0
695958,inf
420979,inf
585231,inf
307048,inf
319051,inf
124989,inf
350880,inf
65209,inf
496430,inf
702702,inf
288923,0.0
642214,inf
151559,0.0
295920,0.0
669995,inf
416860,inf
268117,inf
104486,inf
595009,inf
236226,inf
42650,inf
81258,inf
207417,inf
165054,0.0
291973,inf
569115,inf
633325,0.0
15674,inf
670658,inf
52213,inf
197998,inf
574499,0.0
204136,inf
208577,inf
275518,inf
283193,inf
140730,inf
604777,inf
481216,inf
700450,0.0
485765,inf
621782,inf
191867,0.0
5205,inf
181926,0.0
330653,0.0
385894,inf
219036,inf
44098,inf
686022,inf
273852,inf
367434,inf
341344,inf
621193,inf
463580,inf
165101,inf
612062,inf
118548,0.0
441542,inf
87407,inf
245938,inf
613680,inf
347559,inf
93538,0.0
169971,inf
122972,inf
453879,inf
97295,inf
673849,inf
246991,inf
524815,inf
269406,inf
383513,0.0
334609,inf
331033,0.0
644998,inf
493675,0.0
560969,0.0
93036,inf
463564,inf
288559,inf
595601,inf
75080,inf
51555,0.0
617557,inf
445739,0.0
579466,inf
210570,inf
556930,inf
424042,inf
169500,inf
136702,inf
102298,inf
358076,inf
248608,inf
44690,inf
470125,inf
314433,inf
622672,inf
183363,inf
115568,inf
535986,inf
646795,inf
314622,inf
663232,0.0
605112,inf
554234,0.0
48580,inf
309705,inf
660086,0.0
121455,inf
560283,inf
670065,inf
680597,inf
249586,inf
277516,inf
565205,inf
85873,inf
641972,inf
663374,inf
635908,inf
200565,inf
534117,inf
604312,inf
437367,0.0
389995,0.0
110035,inf
113511,inf
532838,0.0
552213,inf
411920,inf
238776,inf
19295,inf
152843,inf
320833,inf
306377,inf
612864,inf
380058,inf
270203,inf
596784,inf
303055,0.0
485083,inf
7855,inf
23856,0.0
291186,inf
45642,inf
268407,0.0
58561,inf
417813,inf
178099,inf
526371,0.0
314977,inf
435053,inf
390947,inf
323108,inf
622859,0.0
445342,0.0
462990,inf
39708,inf
337980,inf
452737,inf
466772,inf
104717,inf
434662,inf
100515,inf
69356,inf
691562,inf
587535,0.0
451798,inf
37623,inf
427939,inf
92533,inf
218303,0.0
500539,inf
96399,inf
625931,inf
690008,inf
79735,inf
36729,0.0
218358,0.0
3357,inf
306398,inf
353028,0.0
150834,inf
304834,inf
253742,inf
325148,0.0
433678,inf
598795,inf
663859,inf
519623,inf
307427,inf
660062,inf
294272,inf
683421,inf
609473,inf
495251,inf
55978,inf
38968,inf
9111,inf
59336,0.0
490043,inf
284984,inf
385064,inf
190630,inf
448068,0.0
148253,inf
645118,inf
164717,inf
447280,inf
635795,inf
428385,inf
520592,inf
206211,0.0
299664,inf
504450,inf
405306,inf
660165,inf
682242,0.0
116140,0.0
624098,inf
266344,0.0
385664,inf
65487,inf
471062,inf
419689,inf
217411,inf
34243,inf
571472,inf
549344,0.0
429481,inf
312688,inf
458841,inf
77187,inf
184485,inf
153473,inf
196272,inf
531564,inf
307540,0.0
562349,inf
136805,inf
464922,inf
411055,inf
94959,inf
106676,inf
225519,0.0
364251,inf
589769,inf
301307,inf
194666,0.0
284611,inf
177655,inf
60503,inf
127194,0.0
278767,0.0
190184,inf
159204,inf
44356,inf
361782,inf
509624,0.0
173705,inf
298596,inf
33481,inf
102050,0.0
11660,0.0
395683,inf
390855,inf
696426,inf
494831,0.0
558049,inf
155617,inf
469573,inf
378764,inf
665178,inf
49601,inf
634207,inf
249831,inf
420782,inf
223578,inf
113519,inf
672484,inf
308325,inf
155493,inf
284339,inf
400882,inf
42923,inf
98228,0.0
299633,inf
180526,inf
420224,inf
162689,inf
466966,inf
332340,inf
349697,inf
256325,inf
505782,inf
271300,inf
298389,inf
385075,inf
38101,inf
55889,inf
34620,inf
380846,inf
87837,inf
297854,inf
463083,inf
356905,inf
651728,inf
368026,0.0
295984,inf
350463,inf
529409,0.0
343434,0.0
130982,inf
512715,0.0
170814,inf
30954,inf
635445,inf
488580,inf
474638,inf
548360,inf
518463,inf
638812,inf
2815,inf
69615,inf
639098,inf
52669,0.0
329387,inf
211462,inf
195242,inf
148498,inf
588317,inf
306813,inf
622458,inf
632638,0.0
687154,inf
294568,inf
486467,inf
272538,inf
34557,0.0
617396,inf
676474,inf
199982,inf
587912,inf
461818,inf
507175,0.0
340237,inf
480307,inf
479345,inf
698588,inf
420385,inf
243828,inf
578730,inf
117880,inf
427745,inf
222057,inf
575862,inf
537967,inf
442149,inf
647955,inf
158760,0.0
638737,0.0
90747,inf
218634,inf
369951,inf
366298,inf
596144,inf
629585,inf
255413,0.0
476925,inf
68166,inf
646014,inf
166105,inf
512238,inf
547290,inf
114112,0.0
661105,inf
691115,inf
435453,inf
469647,inf
336517,inf
498085,inf
6588,inf
380741,inf
275971,inf
36562,inf
454121,0.0
575097,inf
447807,inf
574260,inf
609177,inf
492144,inf
511235,inf
184615,inf
330403,inf
653317,inf
246128,inf
599278,0.0
414113,inf
45935,inf
241383,inf
602865,inf
617205,inf
131092,inf
380861,inf
515895,inf
338068,inf
258167,inf
407606,inf
556321,0.0
551492,0.0
587644,inf
607099,inf
269490,inf
197116,0.0
661145,inf
672553,0.0
313629,inf
307895,inf
501739,inf
219828,inf
134982,inf
388899,inf
236544,inf
704952,inf
197283,0.0
409378,inf
207218,inf
499535,inf
246159,inf
684827,inf
155689,inf
612296,inf
479489,inf
687780,inf
207879,inf
281657,inf
418138,inf
215925,inf
677878,inf
522320,inf
601711,inf
114690,inf
710611,inf
588133,inf
501113,inf
315049,inf
289918,inf
595255,inf
333270,0.0
96731,inf
54212,inf
685605,inf
625605,0.0
468052,inf
470494,inf
381072,inf
235850,inf
619221,inf
267951,inf
630466,inf
218715,0.0
156990,0.0
626402,inf
566814,inf
341794,inf
373420,inf
229044,inf
696697,0.0
506339,0.0
345429,inf
502772,inf
491377,0.0
67000,0.0
603410,inf
518245,inf
241499,inf
503235,inf
476527,inf
596124,inf
191116,0.0
161752,inf
598558,inf
360435,inf
421364,inf
35641,inf
111535,inf
653872,inf
250587,inf
227148,inf
662952,inf
591597,inf
301803,inf
216082,inf
139703,0.0
262761,inf
27909,0.0
466873,inf
701477,inf
308062,0.0
635579,inf
361091,inf
277990,inf
321892,inf
282685,inf
505966,inf
536056,inf
57691,inf
55714,inf
670162,inf
621752,inf
549101,inf
247836,inf
46601,inf
87876,inf
100633,0.0
652606,inf
410395,0.0
91921,inf
274949,inf
672712,0.0
96014,inf
98651,inf
686261,0.0
403839,inf
226647,inf
610785,inf
456467,0.0
660454,inf
168023,inf
354077,inf
522909,inf
207367,0.0
605072,inf
302795,inf
415606,inf
674136,inf
167008,inf
404519,0.0
649181,inf
13883,inf
50992,inf
632424,inf
93271,inf
684680,inf
446635,inf
645143,inf
693971,inf
245807,inf
303087,inf
597865,0.0
533007,inf
406979,inf
60319,inf
66716,inf
352227,inf
646467,inf
169153,inf
513162,inf
10642,inf
642004,inf
360868,inf
426384,0.0
210187,inf
215170,inf
509787,inf
645781,0.0
193290,inf
544654,inf
86325,inf
289710,inf
60997,inf
637856,inf
407822,inf
154180,inf
225044,0.0
560247,inf
355178,inf
380460,inf
276728,inf
58694,inf
177400,inf
516680,0.0
583558,inf
665753,inf
70668,inf
642664,inf
279452,inf
292658,inf
233199,inf
453647,inf
356675,inf
515295,inf
293412,inf
328915,inf
451092,inf
423896,inf
370894,inf
504270,0.0
310594,inf
289565,0.0
627667,inf
536962,0.0
516527,inf
476371,inf
665929,inf
484376,inf
14157,inf
328050,inf
524482,inf
151799,0.0
550670,inf
205844,0.0
378653,inf
142204,inf
218819,0.0
642706,inf
116660,0.0
709291,inf
583149,inf
73408,inf
149669,inf
175224,inf
539853,inf
588254,inf
175870,inf
582204,inf
544817,0.0
423337,inf
574225,inf
538683,inf
163882,inf
365296,inf
682454,inf
365438,0.0
60740,inf
133790,inf
700517,inf
283826,inf
645124,inf
226423,0.0
157097,0.0
364529,0.0
645064,inf
600232,inf
436862,0.0
397080,inf
385969,0.0
254378,inf
681400,inf
111587,inf
194749,inf
312810,inf
435460,inf
355871,inf
573803,inf
479940,inf
443651,inf
128173,inf
626666,inf
561265,0.0
648589,inf
423938,inf
674517,inf
273844,inf
140709,inf
545390,inf
136905,0.0
480583,inf
348332,inf
442362,inf
424825,inf
298938,inf
144224,inf
304343,inf
218706,inf
24386,0.0
446728,inf
657201,inf
584357,inf
426508,0.0
102733,inf
575035,inf
523203,inf
118832,inf
220834,inf
277843,inf
659598,inf
41707,0.0
92711,inf
453363,inf
45649,0.0
319188,inf
280601,inf
395161,inf
13197,inf
657427,0.0
579536,inf
115471,0.0
504352,inf
387026,inf
392405,inf
215201,inf
502687,inf
328687,inf
402839,inf
457468,0.0
692112,0.0
601525,inf
296527,inf
703864,inf
600732,inf
307511,0.0
107456,inf
511609,inf
528544,inf
621465,inf
304297,inf
689019,inf
492601,inf
401107,inf
559900,inf
236116,inf
633564,inf
320790,0.0
169510,inf
545328,inf
538153,0.0
218229,inf
627066,inf
647664,inf
389269,inf
474535,inf
323612,inf
256639,0.0
252636,inf
42026,inf
356023,inf
572168,inf
134868,inf
430642,inf
578666,inf
5481,inf
26684,inf
95208,inf
531299,inf
109473,inf
498037,inf
377465,inf
427484,inf
649059,inf
375936,inf
308441,inf
329322,inf
219852,inf
563697,inf
29775,inf
635047,inf
442341,inf
488845,inf
306730,inf
159680,inf
566296,inf
629263,inf
333385,inf
506351,inf
358253,inf
439071,inf
114872,inf
233883,inf
518557,inf
137248,inf
246480,inf
645654,0.0
308970,inf
458982,inf
272420,inf
45314,inf
538538,inf
244255,inf
371210,inf
17815,inf
274916,inf
86657,inf
607830,inf
24607,inf
485213,inf
407610,inf
208285,inf
591931,0.0
190795,inf
147156,inf
707797,inf
209404,inf
300630,inf
599306,inf
668756,inf
562667,inf
162318,inf
571526,inf
320659,0.0
470529,inf
264931,inf
58836,inf
210065,inf
230294,inf
225978,inf
72525,inf
709904,inf
693054,inf
5798,inf
347364,inf
285399,inf
185222,inf
120464,inf
327429,0.0
241594,inf
300897,inf
671772,inf
543568,0.0
581150,inf
492624,inf
318901,0.0
693522,0.0
674794,inf
278244,0.0
644456,inf
442215,inf
461939,inf
471421,inf
662446,inf
68173,inf
84751,inf
513375,inf
32565,inf
319465,inf
194226,inf
484966,inf
303329,inf
334723,inf
477722,inf
467319,0.0
253869,0.0
555962,inf
711494,inf
208283,0.0
396327,0.0
243204,inf
334261,0.0
154668,0.0
544638,inf
242860,inf
597479,0.0
471388,inf
2287,inf
15888,inf
374699,inf
331520,inf
109023,0.0
649941,inf
74873,inf
165180,inf
433337,inf
236787,inf
652826,0.0
561129,inf
266897,inf
13108,inf
82402,inf
40883,inf
398274,inf
367892,inf
262558,inf
648595,inf
255749,inf
260968,inf
485128,inf
177977,inf
378475,inf
359434,inf
242972,0.0
220791,inf
409695,inf
159276,inf
651356,inf
216857,inf
290997,inf
283957,inf
376288,inf
638971,inf
385517,inf
405077,inf
540646,0.0
71047,0.0
179759,0.0
593214,0.0
414708,inf
106011,inf
695042,inf
47488,inf
334624,inf
481042,inf
654906,inf
26142,inf
327205,0.0
373221,inf
220848,inf
258227,inf
230659,0.0
165624,inf
502489,inf
667024,0.0
200863,inf
229060,0.0
403807,inf
223032,inf
544035,0.0
444603,inf
8953,inf
98539,inf
516832,inf
430089,inf
318096,inf
151310,inf
316399,inf
177893,0.0
48368,0.0
569484,inf
548838,inf
329127,inf
30003,inf
485616,inf
102155,inf
539266,inf
90330,inf
172003,inf
575112,inf
477255,inf
105892,0.0
440492,inf
639029,inf
396256,0.0
220990,inf
115666,inf
399723,inf
221850,inf
64407,inf
551839,inf
656072,inf
494355,inf
128967,inf
288201,inf
220953,inf
708422,inf
628526,inf
430589,0.0
336885,0.0
410177,0.0
393281,0.0
145239,inf
540607,0.0
641480,inf
76976,inf
41888,inf
580849,inf
441913,inf
444422,inf
304461,inf
596382,0.0
569709,inf
293399,inf
288902,0.0
396530,inf
352312,inf
5853,inf
446900,inf
50955,inf
456343,inf
635432,inf
145713,inf
578046,inf
140848,inf
362863,inf
113462,inf
515357,inf
445034,inf
199668,inf
312631,inf
121421,inf
691533,inf
170541,0.0
70555,inf
423663,inf
587889,inf
132735,inf
118842,inf
642170,inf
642280,inf
407958,inf
477509,0.0
594450,0.0
583424,inf
562630,inf
448069,inf
694118,inf
49333,inf
617539,inf
640686,inf
152633,inf
398553,inf
618606,inf
321576,0.0
394889,inf
701812,inf
707739,inf
414592,inf
525413,inf
451244,inf
11678,inf
538190,inf
102798,inf
108600,0.0
553141,0.0
417400,0.0
516587,inf
505414,inf
630454,0.0
691821,inf
238779,inf
379267,inf
700732,inf
165347,inf
274003,inf
463322,inf
303439,inf
697929,0.0
607603,0.0
503489,inf
151844,inf
122183,inf
608331,inf
83547,inf
369195,inf
557909,inf
348747,inf
407411,inf
474329,inf
275318,0.0
651795,inf
317366,inf
466626,inf
498620,inf
370052,inf
701253,inf
228487,inf
316186,inf
260179,inf
321963,0.0
492826,inf
263436,inf
224822,inf
454710,0.0
642041,inf
563692,0.0
137622,inf
141860,inf
371479,inf
10572,0.0
682000,inf
559580,inf
102849,inf
350256,0.0
153801,inf
524660,0.0
74792,inf
59319,inf
694819,inf
525422,inf
509170,inf
36647,inf
634179,0.0
129915,inf
177396,inf
521642,0.0
156788,inf
496608,inf
213565,inf
338727,0.0
1652,inf
581398,inf
499303,inf
59034,0.0
352946,inf
479462,inf
378165,0.0
704063,inf
612710,inf
92799,0.0
370506,inf
502643,inf
235618,inf
382032,inf
484013,inf
695675,inf
290399,inf
6933,0.0
337110,inf
175440,inf
21762,inf
517823,inf
484830,inf
674903,inf
368588,inf
142933,inf
284188,inf
239575,inf
611882,inf
661114,inf
129644,inf
374552,inf
155276,inf
280500,inf
571500,inf
432048,inf
355615,inf
216256,inf
535473,inf
59488,inf
336288,inf
77948,inf
300114,0.0
66470,inf
309638,inf
451988,inf
511640,inf
657640,inf
654445,inf
309663,0.0
430388,inf
625031,inf
386032,inf
422501,inf
41266,0.0
479149,0.0
625986,inf
19931,0.0
242848,inf
6233,inf
81281,inf
646884,inf
448672,inf
430000,inf
150959,inf
546189,0.0
652053,inf
476067,inf
557201,inf
654771,0.0
195676,inf
55501,0.0
180984,inf
364945,inf
493003,inf
538591,0.0
374417,inf
381558,inf
99326,inf
203549,inf
234584,0.0
75096,inf
492776,inf
407258,0.0
35529,inf
17397,inf
498677,inf
499345,inf
620447,inf
290766,inf
372966,0.0
318412,inf
647718,inf
689898,inf
305277,0.0
373099,inf
529942,inf
184965,inf
604600,inf
83192,inf
351945,0.0
611071,inf
107295,inf
83148,inf
319607,inf
624336,0.0
73853,inf
470979,0.0
35182,inf
219690,inf
710670,0.0
618296,0.0
709984,0.0
652521,0.0
126027,inf
33819,inf
141229,inf
338343,inf
196132,inf
518747,inf
118921,inf
15199,inf
365352,inf
387805,inf
125009,inf
150451,0.0
405868,inf
80164,inf
53924,inf
339742,0.0
549561,inf
256335,inf
340056,inf
555402,inf
272386,inf
379532,0.0
469341,inf
606704,inf
151268,inf
499570,inf
641890,inf
214872,0.0
516881,inf
312268,0.0
112084,inf
449708,0.0
416013,inf
495382,inf
584381,inf
670817,inf
415990,inf
292870,inf
692564,inf
641482,inf
370905,inf
222432,0.0
88637,0.0
288555,inf
337908,inf
256471,inf
444757,inf
253759,inf
145883,inf
493659,inf
41995,inf
354072,inf
327658,inf
250956,inf
239077,inf
579195,inf
255046,inf
252268,inf
354691,inf
108228,inf
168415,inf
206731,0.0
480712,inf
431761,inf
397324,inf
341444,inf
628456,inf
113155,inf
331760,inf
601171,0.0
599697,inf
435462,0.0
47324,inf
183604,0.0
208792,inf
623624,inf
70228,inf
670673,inf
489688,inf
354683,inf
172407,inf
103915,inf
118555,inf
118268,inf
218432,inf
526864,inf
689413,inf
245998,inf
38524,inf
649816,inf
183388,inf
659792,inf
668355,inf
223061,inf
156360,inf
531542,inf
191880,inf
681666,inf
41663,inf
574566,inf
266233,inf
322675,inf
317907,inf
628658,inf
604431,inf
641676,0.0
68097,inf
633724,0.0
565775,0.0
603644,inf
472957,0.0
138956,0.0
625170,0.0
74090,inf
145825,inf
349533,inf
90903,0.0
326701,inf
273823,inf
500576,inf
574183,inf
64706,inf
36739,inf
629622,0.0
421881,inf
660517,inf
456079,inf
408535,inf
236924,0.0
525143,inf
216639,inf
516401,inf
208344,inf
402180,inf
492598,inf
574892,0.0
106389,inf
446754,inf
53109,inf
166068,0.0
398941,inf
623707,inf
450380,inf
432743,inf
304052,inf
318508,0.0
180230,inf
446088,inf
588099,inf
515318,inf
20835,inf
73872,inf
352684,inf
255301,inf
337027,inf
216288,inf
588031,inf
409268,inf
100557,inf
643967,inf
242844,inf
188998,0.0
655526,inf
437831,inf
486775,0.0
153441,inf
496457,inf
54510,inf
123065,inf
364764,inf
449460,inf
429710,inf
224158,inf
140428,inf
480093,inf
466647,inf
2456,inf
104564,inf
338302,0.0
211068,inf
461703,inf
90682,inf
69489,inf
556457,inf
223182,inf
310812,inf
509781,inf
583668,0.0
36653,inf
487743,inf
338478,inf
672068,inf
593803,inf
327,0.0
121794,inf
656698,inf
356466,inf
705889,0.0
139995,inf
243664,inf
107695,inf
153611,inf
74192,0.0
111321,inf
198857,inf
297620,inf
648447,0.0
351342,0.0
381626,inf
195111,inf
460025,inf
426836,inf
278884,inf
481621,inf
653033,0.0
187850,inf
410041,inf
475792,inf
434563,inf
90438,inf
626907,inf
655184,inf
571094,inf
325285,inf
421516,0.0
381375,inf
210889,inf
400551,inf
222381,inf
616018,0.0
623837,0.0
315788,inf
219565,0.0
158119,inf
405111,inf
418159,inf
516245,inf
662442,0.0
195146,inf
151174,inf
682100,inf
476289,inf
130932,inf
412741,inf
113135,inf
623108,inf
65007,inf
545687,inf
63558,inf
82296,inf
671073,0.0
246952,inf
55318,inf
687664,inf
575200,inf
105351,inf
213002,inf
142101,0.0
307497,0.0
13699,0.0
17527,inf
694452,inf
171761,inf
81839,inf
525874,inf
41534,inf
226893,inf
162372,inf
665604,inf
102531,inf
481794,inf
602595,inf
228427,inf
331930,inf
587201,inf
624542,0.0
374651,inf
374727,0.0
623599,inf
222308,inf
31834,inf
475866,inf
698364,inf
502853,0.0
347780,0.0
521253,inf
157806,inf
595360,inf
199583,inf
170420,inf
10574,0.0
590250,inf
698510,inf
707013,0.0
240033,inf
310162,inf
85843,inf
187890,0.0
633319,inf
68971,0.0
377725,inf
258156,0.0
396340,inf
627454,inf
98259,inf
237015,inf
81255,inf
421989,inf
565037,inf
343036,0.0
380333,inf
307620,inf
466365,inf
362076,inf
27676,inf
525191,inf
202377,inf
425571,inf
207657,0.0
453333,inf
628736,inf
219776,inf
579749,inf
674413,inf
490729,0.0
87726,inf
46151,inf
212586,inf
235486,inf
378358,inf
325507,0.0
324662,inf
652125,inf
174876,inf
271987,inf
30606,inf
292392,inf
328986,inf
33206,inf
136022,0.0
204248,0.0
406613,inf
455698,inf
318327,0.0
56398,inf
327574,inf
433349,inf
263983,inf
38920,inf
243659,inf
420129,inf
230054,0.0
601542,inf
114246,inf
694254,inf
654506,inf
398890,inf
534450,inf
580055,inf
600823,0.0
121122,inf
226748,inf
108161,inf
425401,inf
412979,0.0
551496,inf
186013,inf
372199,inf
130559,inf
574030,inf
10391,inf
556016,inf
466237,inf
71621,inf
402327,0.0
296809,inf
35009,inf
88612,inf
429211,inf
594939,inf
460771,0.0
73016,0.0
37061,inf
378501,inf
351147,inf
627158,0.0
167464,inf
686430,inf
483721,inf
20501,inf
492823,inf
297598,inf
7719,inf
314677,inf
422510,0.0
521722,inf
652085,inf
333305,inf
476511,inf
322317,inf
320195,inf
531981,inf
627100,inf
329955,inf
645277,inf
476686,inf
90539,0.0
393040,inf
516968,inf
284008,inf
560746,inf
205995,0.0
610301,inf
175940,inf
358033,inf
432401,inf
699033,inf
137369,inf
244298,inf
482352,inf
142582,inf
186226,inf
491579,inf
104030,inf
626199,inf
236292,inf
378363,0.0
296062,inf
706455,inf
146713,inf
25048,0.0
508669,inf
269475,inf
621595,0.0
335496,inf
83725,inf
271594,inf
377470,inf
245522,0.0
399696,inf
23077,inf
194626,inf
670908,inf
415376,inf
489536,inf
20627,inf
95802,inf
302200,inf
481469,inf
568469,0.0
480833,inf
100209,inf
500511,inf
430379,inf
390896,inf
67903,inf
626996,inf
535974,inf
299814,inf
695110,inf
14226,inf
573950,0.0
184827,inf
659723,inf
104912,inf
524529,inf
642882,inf
466286,inf
684691,0.0
544760,inf
417389,inf
585364,inf
496596,inf
261909,0.0
202200,inf
449133,inf
367909,inf
100840,inf
361749,inf
422098,inf
221679,inf
247727,inf
617700,inf
115911,inf
288844,inf
513666,inf
560918,inf
249854,inf
309219,inf
598236,inf
599852,inf
161138,inf
635695,inf
705218,inf
129660,0.0
628445,inf
354276,inf
76603,inf
379190,inf
440695,inf
451574,inf
702880,inf
556687,0.0
690042,inf
179395,inf
74119,inf
540445,inf
405514,inf
271522,inf
602551,inf
706053,0.0
178263,inf
145001,inf
629630,inf
501526,inf
103384,inf
257342,inf
404833,0.0
493645,inf
124427,inf
230958,0.0
543991,inf
471101,inf
691932,0.0
505939,0.0
539193,inf
491792,inf
467170,inf
359396,inf
176544,inf
662999,inf
457507,inf
696041,inf
136639,inf
311476,inf
245591,inf
541851,inf
686592,inf
279013,inf
233522,inf
398541,inf
262113,inf
86722,inf
148318,inf
667365,0.0
304269,inf
64847,inf
667217,inf
603195,inf
410678,inf
112123,inf
599282,inf
407611,inf
381982,inf
315502,inf
184820,inf
295948,inf
577905,inf
209438,inf
665418,inf
394704,inf
32872,inf
712023,0.0
653823,inf
340617,inf
203674,inf
668358,inf
114741,inf
204816,inf
246629,inf
511049,inf
611228,inf
130505,inf
186558,0.0
168939,inf
490787,inf
329598,inf
92941,inf
79891,inf
524935,inf
209923,inf
296270,inf
551356,inf
200817,0.0
396458,inf
309877,0.0
327194,inf
441637,inf
151866,inf
174972,inf
172313,inf
228093,inf
62121,inf
276776,inf
200630,inf
348946,0.0
578552,inf
432600,inf
491239,inf
525997,inf
504080,inf
382721,inf
185347,inf
395827,inf
359692,0.0
319822,inf
553035,0.0
36852,inf
78938,0.0
658354,0.0
624114,inf
472870,0.0
305122,inf
209501,inf
69593,inf
460425,inf
505108,inf
294882,inf
691067,inf
203140,0.0
262743,inf
29146,inf
525003,inf
513492,inf
555513,inf
198990,inf
612729,inf
33715,inf
418053,inf
27862,inf
542261,inf
383231,inf
58410,inf
440977,inf
438293,0.0
474725,inf
300313,inf
577119,inf
628405,0.0
659190,inf
613002,inf
212508,inf
394718,inf
380494,inf
232805,inf
254057,inf
610491,inf
461177,inf
347345,inf
125354,inf
186468,inf
15710,inf
14768,0.0
139194,inf
26818,inf
277618,inf
635378,inf
212201,inf
466268,0.0
121223,0.0
468960,inf
331775,inf
38458,inf
454333,inf
193706,0.0
617497,inf
400597,0.0
336445,inf
508101,inf
529923,inf
153759,inf
537553,inf
7190,inf
117650,inf
366548,inf
194912,inf
307601,inf
637894,inf
219814,inf
678013,inf
236055,inf
561499,0.0
250534,inf
471647,inf
257920,inf
78639,inf
186386,inf
167115,inf
337867,inf
92916,inf
675746,inf
524848,inf
59138,inf
470272,inf
423457,inf
578397,inf
370570,inf
91875,inf
528416,inf
637209,0.0
625398,inf
527043,inf
326709,0.0
556131,inf
661988,inf
661679,inf
438155,inf
465854,0.0
426344,inf
168484,inf
384246,inf
366733,inf
320346,inf
155338,inf
304267,inf
110616,inf
602880,inf
51598,0.0
120740,inf
551885,0.0
147024,inf
623510,inf
16770,inf
37257,inf
135210,0.0
515620,inf
457432,inf
609951,inf
491368,inf
646674,inf
405253,inf
103784,0.0
462521,0.0
206879,inf
675929,inf
67630,inf
16342,inf
630251,inf
701980,inf
88419,0.0
642360,0.0
650196,0.0
475397,inf
537878,0.0
319622,inf
499471,inf
79211,inf
366270,inf
297781,inf
704167,inf
665189,inf
685859,inf
636756,inf
72546,inf
246767,inf
491893,0.0
699286,inf
608247,0.0
481395,inf
202709,inf
661512,inf
367592,inf
302069,inf
672391,inf
616130,inf
288346,inf
450758,inf
90156,inf
663394,0.0
62508,0.0
197203,inf
290211,inf
295721,inf
232666,inf
154419,inf
634442,inf
357131,inf
245756,inf
486003,inf
454240,inf
203265,0.0
544052,inf
612335,inf
511062,inf
174490,inf
431901,inf
519512,inf
620729,inf
348413,inf
637794,inf
706435,inf
531678,inf
62509,inf
7434,inf
313868,inf
39656,inf
396684,inf
47359,inf
414861,inf
527002,inf
16365,0.0
363296,inf
69574,inf
581611,inf
438553,inf
415986,inf
294110,inf
454140,inf
614046,inf
338680,inf
628941,inf
35058,inf
373168,inf
662958,inf
579393,inf
101029,inf
190148,inf
162149,inf
116982,inf
462665,0.0
582200,0.0
145999,inf
701386,inf
641916,inf
159495,inf
459929,0.0
293503,inf
262300,inf
294715,inf
579069,inf
568269,inf
417373,inf
594365,inf
105724,inf
559800,inf
436726,inf
316315,inf
190341,inf
575986,0.0
704884,inf
598368,inf
71846,inf
568073,0.0
618333,inf
701749,inf
244460,0.0
278757,inf
625114,inf
445989,0.0
672247,inf
309427,0.0
663001,inf
32960,inf
450830,0.0
340940,inf
116938,inf
642854,inf
111401,inf
417253,inf
580576,0.0
388718,inf
314052,inf
124805,0.0
649331,0.0
215319,inf
318881,inf
708536,inf
426939,inf
583007,inf
109817,inf
263157,inf
183551,inf
24664,inf
279924,inf
124074,inf
267766,inf
452975,0.0
116461,inf
319492,inf
393661,inf
117061,inf
471008,inf
568380,0.0
145687,inf
449135,inf
697595,0.0
569697,inf
345800,inf
215057,inf
331353,0.0
328021,inf
705598,inf
205542,inf
120328,inf
286895,0.0
435831,inf
227914,inf
564687,inf
181085,0.0
673718,inf
92379,inf
479500,inf
257403,inf
345593,inf
323635,inf
526742,inf
597129,inf
381298,0.0
302638,inf
45111,0.0
576485,inf
552563,inf
97058,inf
16351,inf
88197,0.0
501752,inf
299522,0.0
263611,inf
156541,inf
618894,inf
9826,inf
663093,inf
707420,0.0
596004,inf
1357,inf
5944,inf
688207,0.0
36315,0.0
430836,inf
395703,inf
249897,0.0
617193,inf
172437,inf
17036,inf
239401,inf
662766,0.0
285828,inf
23658,inf
173881,inf
583720,inf
372102,inf
55320,inf
447615,inf
567384,inf
29502,0.0
432870,inf
635136,inf
573249,0.0
255974,0.0
181444,inf
176700,inf
551493,inf
518426,inf
645956,inf
193317,inf
548410,0.0
160210,inf
292473,inf
243260,inf
102122,0.0
650068,inf
52137,inf
402999,inf
418152,inf
667560,inf
68003,inf
630437,inf
457849,inf
220664,inf
333132,0.0
609204,inf
52924,inf
443496,inf
182575,0.0
290738,inf
448527,inf
44391,inf
618193,inf
115691,inf
299438,inf
409875,inf
365216,0.0
537780,inf
391072,inf
621619,inf
70246,inf
155512,0.0
159962,inf
687545,inf
308289,inf
674806,inf
631564,0.0
338560,inf
512984,inf
12122,inf
645846,inf
266412,inf
373068,inf
562478,inf
147419,0.0
25412,inf
138502,inf
126569,inf
10644,inf
426763,inf
18811,0.0
474498,0.0
624971,inf
135421,inf
641682,inf
560606,inf
660498,inf
184052,inf
287300,inf
474641,inf
633437,inf
396585,inf
262027,0.0
692392,inf
458064,0.0
62493,inf
402237,inf
388210,inf
25063,inf
469914,0.0
279887,0.0
374590,inf
268603,inf
128445,inf
152506,inf
299318,inf
439572,inf
605728,inf
266187,inf
610352,inf
338086,inf
158683,inf
72033,0.0
73808,inf
252123,0.0
267396,inf
360499,inf
538398,inf
203375,inf
176900,inf
131730,inf
380777,inf
549413,inf
23893,inf
495153,inf
339398,inf
456197,inf
364072,inf
102931,0.0
331215,inf
385403,inf
309593,inf
382167,inf
100401,inf
352632,inf
441370,inf
258490,0.0
168890,inf
486496,inf
298960,inf
45097,inf
562512,inf
592243,0.0
279539,inf
283699,inf
448768,inf
129932,inf
444984,0.0
93987,inf
347156,0.0
663516,inf
522000,inf
110028,inf
506513,inf
398464,inf
269744,inf
709920,inf
469543,inf
676563,inf
200401,inf
437023,inf
598443,inf
128945,inf
86593,inf
220474,inf
701799,inf
508882,inf
3556,inf
363367,0.0
116464,inf
580808,inf
272647,inf
428778,inf
487690,inf
636009,inf
94079,inf
629743,inf
204072,inf
421093,inf
583024,inf
586038,inf
107447,0.0
670534,inf
427848,inf
623865,inf
316684,0.0
286076,inf
501406,0.0
592040,inf
350508,inf
107416,0.0
551402,0.0
178811,inf
186395,inf
454304,inf
646963,inf
155184,inf
232533,inf
412077,inf
357331,0.0
30897,inf
676062,inf
75783,inf
441620,inf
383919,0.0
291684,inf
119587,inf
421652,inf
50898,inf
543402,inf
73108,inf
166310,inf
34536,inf
447780,inf
478802,inf
19101,0.0
562354,inf
170645,0.0
303686,inf
188992,inf
578276,inf
99100,inf
125701,inf
281944,inf
490266,inf
463117,inf
90110,inf
467306,inf
321586,inf
254562,inf
125122,inf
454514,inf
409186,inf
667354,inf
633167,inf
593097,inf
81316,inf
87147,inf
407061,inf
193953,inf
134774,inf
259014,inf
485801,inf
96361,inf
569944,0.0
481352,0.0
16585,inf
451567,inf
560815,inf
45939,inf
631465,inf
418692,inf
127460,inf
677371,inf
168634,0.0
239693,inf
390968,inf
498555,inf
550298,inf
349522,0.0
608906,0.0
648138,inf
392766,inf
400017,0.0
292705,inf
95162,inf
247852,inf
617838,inf
695726,inf
259418,inf
678655,inf
215141,inf
395779,inf
26624,inf
14534,inf
79833,inf
622082,inf
333722,inf
478293,inf
250145,inf
268320,0.0
115348,inf
286014,0.0
554704,0.0
60603,inf
622422,0.0
699705,inf
706847,inf
502742,inf
110229,inf
394541,inf
247608,inf
613811,inf
63742,inf
268111,inf
16790,inf
3996,inf
526621,inf
333491,inf
420108,inf
520325,inf
23993,inf
155737,inf
23932,inf
101241,inf
268380,inf
604518,inf
464702,inf
74345,inf
639118,inf
508645,inf
103082,inf
563120,inf
547711,inf
650693,0.0
246127,inf
447505,inf
414273,inf
128920,inf
441057,inf
442213,inf
498888,inf
168433,inf
372051,inf
374998,inf
503789,inf
507482,inf
174074,inf
456448,0.0
549225,inf
50347,inf
19325,inf
354748,inf
521621,inf
3168,0.0
639948,inf
215582,inf
475017,inf
243656,inf
654201,0.0
130356,0.0
703292,inf
389623,inf
400533,0.0
458170,inf
197625,inf
560350,inf
287986,0.0
427647,inf
649130,inf
535784,0.0
542258,inf
44150,inf
329166,inf
357824,inf
131917,inf
105618,inf
620763,inf
471521,0.0
172115,inf
317969,inf
44456,inf
428721,inf
249019,0.0
34834,inf
595878,inf
148339,inf
539309,inf
464650,0.0
37568,inf
347580,inf
414397,inf
293937,0.0
263151,inf
217339,inf
586183,inf
267336,inf
316239,inf
599380,inf
333163,inf
248339,inf
357669,inf
354542,inf
364935,inf
328863,inf
210410,inf
244519,inf
327134,0.0
450254,inf
659219,inf
311605,inf
158940,0.0
620748,inf
432170,inf
428379,inf
678443,0.0
512556,inf
341106,inf
405101,inf
654077,inf
349046,0.0
332339,inf
571204,inf
448997,inf
108782,inf
99217,inf
44919,inf
470501,inf
411279,inf
182989,inf
244641,inf
69326,inf
242672,inf
547053,inf
611951,inf
117291,inf
240490,inf
621953,inf
412368,inf
232019,inf
692020,inf
255389,0.0
163317,inf
418857,inf
433350,inf
90901,inf
204741,inf
572760,inf
694712,0.0
446361,inf
641021,inf
244144,inf
528293,inf
643153,inf
388007,inf
280358,inf
320379,inf
627308,inf
427069,inf
711060,inf
26897,inf
204870,inf
464823,inf
235363,inf
673679,inf
480963,inf
210286,inf
591576,inf
637417,inf
156924,inf
508919,inf
298780,inf
449882,0.0
451816,inf
506643,0.0
57618,inf
186533,inf
54291,inf
661136,inf
89721,inf
635543,0.0
349985,inf
703675,0.0
68294,inf
455181,inf
669784,inf
685880,inf
646637,inf
250623,inf
705757,inf
223013,inf
673900,inf
671322,inf
575368,inf
608690,inf
307864,inf
588781,inf
144335,inf
156850,0.0
278509,inf
389134,inf
439593,inf
184195,0.0
211111,0.0
227859,inf
607288,inf
217765,inf
658851,inf
671921,inf
165143,inf
330927,inf
531861,inf
337857,inf
640449,inf
611313,0.0
526586,0.0
593762,inf
583032,inf
178614,inf
222783,inf
257531,inf
247622,inf
183147,inf
480311,inf
393139,0.0
647980,inf
57995,inf
474575,inf
635939,inf
105523,inf
340934,inf
117113,inf
202215,inf
403111,inf
341365,inf
193750,inf
324537,inf
583446,inf
676606,inf
277382,inf
154810,inf
298717,inf
85522,inf
482751,0.0
532971,inf
597348,0.0
3126,inf
585881,inf
614819,0.0
627571,inf
131402,inf
29457,inf
594997,inf
40033,inf
601970,inf
165373,inf
367321,inf
562496,inf
248947,inf
202691,inf
367217,inf
592479,inf
449950,inf
358551,inf
467086,inf
108643,inf
200459,inf
252542,0.0
692731,inf
611129,inf
32092,0.0
180318,inf
690140,inf
172700,inf
320628,inf
567032,inf
66100,inf
285442,inf
183450,0.0
634147,inf
39727,0.0
309737,inf
666306,inf
73306,inf
299549,0.0
237687,inf
182089,inf
31532,inf
388698,inf
496149,inf
62983,0.0
97143,inf
528799,inf
605465,inf
336830,inf
145081,0.0
139793,inf
571195,0.0
154333,inf
343582,inf
638799,inf
244042,inf
398007,inf
471816,0.0
360846,inf
116134,inf
20980,inf
584882,0.0
427138,0.0
119457,inf
542194,inf
192709,inf
579815,inf
445636,inf
282492,inf
513214,inf
705604,inf
142370,inf
29662,inf
147179,inf
427999,inf
574826,inf
451601,inf
439029,0.0
565690,inf
172223,inf
671174,inf
189750,inf
594328,inf
339917,inf
223709,inf
52407,inf
547070,inf
489831,inf
684832,0.0
206427,inf
87923,0.0
658970,inf
653407,0.0
574963,inf
408618,0.0
666735,inf
179921,0.0
673396,0.0
520771,inf
629057,inf
165769,inf
526921,inf
664036,inf
41192,inf
581746,inf
490859,inf
253722,inf
413128,inf
147371,inf
137327,inf
453304,inf
295279,0.0
35359,inf
285477,inf
415009,inf
631286,inf
14443,inf
152306,inf
640222,0.0
640937,inf
469447,inf
553132,inf
113062,inf
697041,inf
214044,inf
586599,inf
229887,inf
218033,inf
64249,0.0
19925,inf
406671,inf
624255,inf
650281,inf
78957,inf
678768,0.0
560141,inf
362109,inf
274482,inf
342742,inf
511476,inf
700509,inf
51413,inf
467907,inf
192355,inf
671936,0.0
480196,inf
368014,inf
151491,inf
276841,inf
273500,inf
141885,inf
386405,inf
306944,inf
537808,inf
234032,inf
249161,inf
502673,inf
261487,inf
623569,inf
559184,inf
34928,inf
385019,inf
126287,inf
707271,inf
219523,inf
299112,inf
140539,inf
643463,inf
96751,inf
173714,inf
347582,inf
288666,inf
151408,inf
390210,inf
649515,inf
216290,inf
560635,inf
672634,inf
259939,0.0
673154,inf
221572,0.0
258175,0.0
127911,inf
271476,inf
423885,inf
595510,inf
453422,inf
650385,inf
472658,inf
584959,inf
521010,inf
306630,inf
674457,inf
31941,inf
612548,inf
172222,inf
525552,inf
177184,inf
177544,0.0
381864,0.0
656762,inf
14262,inf
203350,inf
528448,inf
26394,inf
278878,0.0
542533,inf
364237,inf
155845,inf
504404,inf
649862,inf
36732,inf
703472,inf
413910,0.0
276270,0.0
358164,inf
692521,inf
289864,inf
438479,inf
418187,0.0
423365,inf
35292,0.0
435312,inf
625315,inf
347407,inf
287940,0.0
339786,inf
531075,inf
297217,inf
392907,inf
143533,inf
651200,inf
349075,0.0
513636,inf
195795,inf
624931,inf
373343,0.0
476680,inf
325352,0.0
111165,inf
362507,0.0
89430,inf
179830,0.0
509317,inf
164696,inf
353024,inf
41834,inf
137627,inf
162921,0.0
73148,inf
239773,inf
643457,inf
78070,inf
710739,inf
301277,inf
690128,inf
69836,inf
100467,0.0
189224,inf
77192,inf
425938,inf
641282,inf
280268,inf
89659,inf
289911,inf
682134,inf
367449,inf
458266,0.0
627209,inf
512746,inf
170144,inf
452061,inf
28926,inf
170596,inf
498687,inf
286246,inf
162041,inf
437711,inf
47731,inf
270925,0.0
673438,inf
507183,inf
611164,inf
590005,inf
54493,inf
11085,inf
333230,inf
234848,0.0
15819,inf
634199,inf
167893,inf
445691,inf
639352,0.0
492215,inf
26161,0.0
307265,inf
118130,inf
701259,inf
497125,inf
303911,inf
251183,inf
163838,inf
541329,inf
683848,inf
700031,inf
680341,inf
300653,inf
590208,0.0
269054,inf
95998,inf
498047,inf
14207,0.0
276941,0.0
158500,inf
503570,inf
174239,inf
576403,inf
647919,inf
246106,0.0
278226,inf
496270,inf
532881,inf
586221,inf
400908,0.0
659828,0.0
495279,inf
370209,inf
533413,inf
39493,inf
186010,inf
331882,inf
257725,inf
691946,inf
681815,inf
645691,inf
638410,inf
369929,inf
505986,inf
368466,inf
487719,inf
246695,0.0
204339,inf
538004,inf
593236,inf
688161,0.0
458386,inf
600110,inf
271855,0.0
349316,inf
321977,inf
168695,inf
635969,inf
470209,inf
304902,inf
411681,inf
197198,0.0
201760,inf
678734,inf
676356,inf
184008,inf
425961,inf
641028,inf
16681,inf
409280,inf
597627,inf
353903,inf
460306,inf
559997,inf
619562,inf
591061,inf
606613,inf
688848,0.0
151324,inf
574285,inf
24962,inf
399807,0.0
653450,inf
274365,inf
129618,inf
674670,inf
330021,inf
149745,inf
575565,0.0
42148,inf
469878,inf
344442,0.0
615088,inf
519041,inf
212603,inf
347704,0.0
161410,inf
649792,inf
298237,inf
125202,inf
216844,0.0
531494,inf
525294,0.0
204246,inf
663891,inf
576419,inf
102802,inf
339370,inf
613986,inf
656845,inf
379997,inf
106100,inf
359472,inf
514514,0.0
698679,inf
605482,inf
474458,inf
106895,inf
531969,inf
25588,0.0
70774,0.0
108005,inf
187665,inf
137375,inf
516094,inf
254616,inf
436083,inf
259712,inf
554917,0.0
94190,inf
561139,0.0
298213,0.0
453142,inf
183146,inf
638533,inf
517829,inf
548165,inf
503187,inf
266641,inf
33754,inf
680566,inf
208252,inf
660280,inf
610407,inf
75165,0.0
249537,inf
258376,0.0
311013,inf
403178,inf
616674,0.0
376956,0.0
21295,0.0
551045,inf
567739,inf
467520,inf
156999,inf
393153,inf
510465,inf
94910,inf
485735,inf
148869,inf
148444,inf
468531,inf
364085,inf
578685,inf
123839,inf
137992,inf
58266,inf
276341,inf
143934,inf
231984,0.0
458936,inf
22872,inf
208182,inf
475730,inf
652851,inf
469862,0.0
153948,0.0
483421,inf
234114,inf
605118,inf
4436,inf
313689,inf
39731,0.0
354300,inf
354765,0.0
668100,inf
493569,inf
430941,inf
677119,inf
711828,0.0
115360,inf
336826,0.0
104966,0.0
696823,inf
204039,inf
411300,inf
71060,inf
391534,inf
61856,inf
664457,0.0
693693,inf
582385,inf
647284,0.0
464130,inf
541783,0.0
524921,0.0
198061,inf
270446,inf
628966,inf
652759,inf
264117,inf
80141,0.0
506751,inf
695856,inf
593507,inf
83045,inf
581010,inf
379568,inf
311840,inf
430070,0.0
594541,inf
87307,inf
621807,inf
553698,0.0
239476,inf
293233,0.0
221892,inf
223750,inf
70238,inf
87546,inf
489530,inf
695905,inf
592528,inf
291271,inf
605885,inf
140060,inf
249372,0.0
110402,inf
415723,0.0
269389,0.0
389736,0.0
621676,0.0
165137,inf
406106,inf
414408,0.0
228535,inf
171004,inf
478955,inf
387111,inf
640845,inf
102478,inf
487059,inf
357685,inf
507193,inf
371265,0.0
666086,inf
17105,inf
168904,inf
310561,inf
701296,inf
79634,inf
550518,inf
37047,inf
297829,inf
152920,inf
113245,inf
298209,inf
652862,inf
504251,inf
234882,inf
98837,inf
692591,inf
218086,inf
372413,inf
206206,inf
223827,0.0
689466,inf
143349,inf
164853,inf
263524,inf
329719,inf
93889,inf
552426,inf
93841,inf
460651,inf
691416,inf
136583,inf
362774,inf
21426,inf
145608,inf
257842,inf
587413,inf
622500,inf
511284,inf
539821,inf
219569,inf
414947,inf
328255,inf
63185,inf
30829,inf
294992,inf
436698,inf
702231,0.0
669357,0.0
315010,inf
493513,inf
277336,inf
410791,inf
50687,inf
632411,inf
347254,inf
438097,inf
690371,inf
503505,inf
388799,inf
656303,inf
238146,inf
645137,inf
126556,0.0
388443,inf
538247,inf
47111,inf
395101,inf
664588,inf
388169,inf
452494,inf
653812,inf
234841,inf
405828,inf
219538,inf
622328,inf
668068,inf
629059,inf
319914,inf
538758,inf
659024,inf
646848,inf
695327,inf
50970,inf
68002,inf
70998,inf
264702,inf
554976,inf
672797,inf
658798,inf
571836,inf
173929,0.0
667176,0.0
176416,inf
91870,inf
618592,inf
205741,inf
134828,inf
13624,0.0
452412,inf
422659,inf
21362,inf
252980,0.0
576780,inf
135070,inf
632990,inf
584425,inf
85777,inf
565338,inf
109927,inf
641127,inf
366271,inf
11124,inf
79380,inf
395853,inf
247720,inf
152544,inf
321185,0.0
676313,inf
582551,inf
621167,inf
656437,inf
122470,inf
586689,inf
172821,inf
183855,inf
105201,inf
257270,inf
525258,inf
378567,inf
259635,inf
571072,inf
264202,inf
481212,inf
467631,inf
394819,inf
132971,inf
522805,inf
58760,0.0
379186,0.0
250870,inf
520910,inf
374024,inf
15001,inf
277317,0.0
60949,inf
111157,inf
520356,0.0
238831,inf
688744,inf
674295,inf
151183,inf
385119,0.0
502942,inf
701844,inf
695121,inf
150029,inf
513446,inf
248366,inf
51391,inf
329468,inf
294684,inf
457216,inf
496941,inf
537340,inf
489347,inf
597218,inf
243159,0.0
19677,inf
60676,inf
440865,inf
663508,inf
395006,0.0
634264,inf
320939,inf
692573,inf
280073,inf
531195,inf
669448,0.0
616234,inf
538789,inf
140379,inf
78423,inf
33016,inf
391218,inf
279623,inf
541187,0.0
224232,inf
540143,inf
122613,inf
326023,inf
83318,inf
233860,inf
356168,inf
630430,inf
644843,inf
116886,inf
474160,inf
29403,0.0
191399,inf
153262,inf
199724,inf
478487,inf
18596,inf
314874,0.0
132253,inf
142327,inf
474760,inf
679349,0.0
697839,inf
100435,inf
45640,inf
402537,inf
528702,inf
361812,inf
63221,inf
648978,inf
38943,inf
70897,0.0
152127,inf
516568,inf
296287,inf
291621,inf
270885,inf
537445,inf
65687,inf
32293,0.0
92190,0.0
629002,inf
214757,inf
103652,inf
579078,inf
12219,inf
420850,inf
479495,inf
151652,inf
684562,0.0
197859,inf
193156,0.0
291762,inf
343405,inf
631007,inf
594143,inf
273385,0.0
387929,inf
295998,inf
477050,inf
332998,inf
565240,inf
163557,inf
32868,inf
473593,inf
178912,inf
28131,inf
288006,inf
287717,0.0
105526,inf
505086,inf
59275,inf
587741,inf
213619,inf
569207,inf
122159,inf
565791,inf
687199,inf
140353,inf
601876,inf
81885,inf
55983,0.0
131583,inf
535852,inf
650344,0.0
361311,inf
175887,inf
100764,inf
570849,inf
477155,0.0
288300,inf
471649,inf
284198,inf
573712,inf
340108,inf
295024,inf
710249,inf
303234,inf
70679,inf
255747,inf
646636,inf
707654,inf
4898,0.0
668091,inf
28134,inf
568692,inf
483623,inf
342290,inf
41506,inf
616589,inf
2527,inf
444058,inf
495459,inf
168944,0.0
64193,inf
679514,inf
297628,0.0
379117,inf
533891,0.0
675880,inf
598696,inf
283582,inf
120873,inf
167334,inf
220959,inf
32789,0.0
202605,0.0
254653,inf
181564,inf
633079,inf
254251,inf
243964,inf
532079,inf
113460,inf
413276,inf
375808,inf
307049,inf
707520,inf
702817,inf
80010,inf
423427,inf
625194,inf
608136,0.0
364700,inf
707556,inf
612514,inf
125545,0.0
446907,inf
694508,inf
76841,inf
473393,inf
646556,inf
362995,inf
24007,inf
473149,inf
500983,inf
286502,inf
660966,inf
431597,inf
671092,inf
42499,inf
315155,inf
406835,inf
84516,inf
359341,0.0
55719,0.0
563279,inf
573735,inf
428585,inf
200777,inf
592800,inf
177261,inf
278986,inf
422007,inf
617358,inf
605249,0.0
424275,0.0
399465,0.0
566628,inf
640756,inf
331844,inf
120622,inf
92758,inf
429737,inf
618823,inf
670417,inf
401049,inf
219849,inf
276947,inf
46585,inf
399785,inf
355217,inf
98865,0.0
626795,inf
626997,inf
604759,inf
613544,0.0
225597,0.0
402304,inf
33999,inf
155693,inf
630388,0.0
29979,0.0
328734,inf
632301,0.0
636699,inf
425699,inf
135920,inf
220803,inf
280902,inf
523382,inf
446412,inf
352656,inf
451888,inf
680808,inf
48325,0.0
584251,0.0
479670,0.0
505980,inf
157583,0.0
657959,inf
539191,inf
363431,inf
98669,inf
8119,0.0
557458,inf
584885,inf
128087,inf
693286,inf
120489,inf
429216,inf
492064,0.0
159719,0.0
539202,inf
33322,inf
10940,inf
376401,inf
322995,inf
602977,inf
140952,0.0
64882,0.0
170181,inf
225832,inf
196418,inf
305086,0.0
106492,0.0
310852,inf
575540,inf
448511,inf
209218,inf
55726,inf
318173,0.0
487399,inf
339778,inf
157859,inf
414877,inf
115220,0.0
1151,inf
207259,0.0
616162,inf
266072,inf
91604,inf
45241,inf
67814,inf
640765,inf
49366,inf
316489,0.0
232445,inf
526128,inf
598123,inf
188455,inf
662263,inf
189217,inf
688529,inf
444729,inf
385106,inf
542530,inf
142227,inf
610430,inf
194128,inf
643398,inf
32910,inf
597142,inf
69838,inf
17790,inf
422995,inf
383024,inf
118940,inf
147609,inf
305635,inf
81903,inf
265908,inf
498787,inf
617077,0.0
24520,inf
701972,0.0
311880,inf
488609,inf
74297,inf
546323,inf
48538,inf
591571,0.0
33356,inf
202689,0.0
88100,0.0
339553,inf
168418,inf
407751,inf
547666,inf
183262,0.0
252300,inf
452454,inf
710452,inf
650052,inf
202611,inf
211907,inf
441478,inf
554625,inf
208803,inf
84577,inf
352396,inf
400608,0.0
170195,inf
259211,inf
397341,inf
227593,inf
201604,inf
359970,0.0
60254,inf
145295,0.0
58289,inf
270836,inf
513674,inf
472692,inf
641952,inf
447676,inf
201171,inf
47439,inf
212955,inf
455174,inf
567882,inf
506726,inf
308201,inf
128921,inf
508695,inf
582528,inf
652866,inf
336932,0.0
30128,inf
567508,0.0
298852,inf
49229,inf
182544,inf
279365,inf
427068,inf
317556,inf
233643,inf
293523,inf
217802,inf
201127,inf
472503,inf
13253,0.0
132766,inf
148022,inf
213132,inf
255951,inf
3165,inf
86147,0.0
674939,inf
124958,inf
125124,inf
685935,0.0
393375,inf
279675,inf
278795,inf
632141,inf
639954,inf
114831,inf
148593,inf
610384,inf
489067,inf
701322,inf
415244,inf
32894,0.0
49280,0.0
497178,0.0
495632,inf
478521,inf
709500,inf
203297,inf
538562,inf
568358,inf
137545,inf
124979,inf
207166,0.0
507403,inf
305366,inf
429615,inf
610590,0.0
96853,0.0
256678,0.0
431856,inf
327059,inf
51743,inf
509224,inf
122146,inf
595939,inf
288326,inf
332598,inf
356366,inf
203693,inf
66563,0.0
615094,inf
140112,inf
364619,inf
77365,inf
658611,inf
243284,inf
224063,inf
204612,inf
481633,inf
486926,inf
320620,inf
563221,inf
699154,inf
18323,inf
164367,inf
668585,inf
30703,inf
199389,inf
642652,inf
707810,inf
76845,inf
209768,0.0
146616,0.0
682772,inf
226214,inf
601703,inf
386374,inf
683043,inf
422598,inf
477084,inf
393550,inf
606239,inf
436264,0.0
619455,inf
270129,0.0
619126,inf
249170,inf
399969,inf
396403,0.0
457707,inf
684788,inf
155167,inf
632299,inf
180575,inf
52673,0.0
314279,inf
132568,inf
658449,inf
475076,inf
398230,inf
16932,inf
453726,inf
448451,inf
268701,inf
2539,inf
251258,0.0
199620,inf
391397,inf
598767,inf
566352,inf
561701,inf
132055,inf
673571,inf
665445,inf
313347,inf
464760,inf
24033,inf
191183,0.0
374659,inf
472291,0.0
38867,0.0
383769,inf
183381,0.0
230759,inf
107420,inf
623534,inf
77737,inf
268820,inf
137166,inf
432173,inf
576700,inf
570561,0.0
558484,inf
324713,inf
392502,inf
556258,inf
707617,inf
573272,0.0
354510,0.0
309334,inf
237709,inf
649091,inf
605481,inf
245234,inf
686387,inf
141011,inf
313221,inf
171092,inf
433639,inf
517144,0.0
583343,inf
623689,inf
380612,0.0
396960,inf
576221,inf
485811,inf
332178,inf
370428,inf
606701,inf
188441,0.0
682260,inf
312333,inf
43679,inf
464387,inf
80876,inf
34795,inf
154759,inf
662994,inf
190668,0.0
636786,0.0
143079,0.0
29108,inf
638264,inf
363896,inf
464519,inf
211475,inf
554062,inf
264367,inf
322451,inf
438785,inf
569581,inf
654293,0.0
641691,inf
258046,0.0
590692,inf
328167,inf
98673,0.0
567059,inf
470850,inf
589484,0.0
246889,inf
33712,inf
137680,inf
134028,inf
345697,inf
428693,inf
64244,0.0
266383,inf
567658,inf
476139,0.0
299843,inf
12999,inf
512128,inf
488283,inf
170184,inf
95102,inf
539104,0.0
569669,inf
180653,inf
328716,inf
668008,inf
561533,inf
459068,inf
198040,inf
633792,inf
444307,inf
549277,inf
493524,inf
13917,inf
482800,0.0
347211,inf
635949,inf
461911,inf
613427,inf
456939,inf
266435,inf
540805,inf
68206,inf
86087,inf
411887,inf
541932,inf
134006,inf
458298,0.0
631648,0.0
687878,inf
656233,inf
495608,inf
500119,inf
246923,inf
619085,inf
438491,inf
354557,0.0
97710,inf
393629,inf
201447,inf
26310,inf
628080,inf
535918,inf
533731,0.0
223517,inf
600219,0.0
181086,0.0
211334,0.0
316279,inf
400819,inf
564095,0.0
564217,inf
614670,0.0
663561,inf
491597,inf
558041,0.0
625575,inf
469847,inf
361471,inf
311997,inf
602947,inf
5009,inf
123038,inf
360878,inf
417346,inf
63344,0.0
395561,inf
692801,inf
517136,inf
318677,inf
460931,inf
490983,inf
363515,inf
326828,inf
469406,inf
219334,inf
317062,inf
360825,inf
495722,inf
62867,inf
584094,inf
52391,inf
637889,inf
450501,inf
257801,inf
696313,inf
515742,inf
292466,inf
209795,inf
625649,inf
94850,inf
269792,inf
570618,inf
635630,inf
306402,inf
157933,inf
12555,0.0
96617,inf
115553,inf
275847,inf
25569,inf
689507,inf
61488,inf
376815,0.0
682652,inf
452077,inf
257039,inf
658047,inf
297163,inf
76909,inf
526966,inf
461448,inf
446243,inf
472829,inf
688820,inf
492762,inf
202774,inf
680199,0.0
466922,inf
309037,inf
223877,inf
206777,inf
612272,inf
327218,inf
365896,inf
519732,inf
4339,inf
279182,inf
513039,inf
481587,inf
579705,inf
374163,inf
77999,inf
92811,inf
90954,0.0
635498,inf
184425,inf
260098,inf
63679,0.0
628002,inf
521342,inf
313363,inf
239263,inf
379951,1.1200059e+10
645890,inf
134639,inf
177487,inf
172050,inf
259391,0.0
531587,inf
486828,inf
478365,inf
500852,inf
433562,inf
137472,inf
289178,inf
589064,inf
65462,inf
259387,inf
100104,inf
611846,inf
475895,inf
457296,inf
660034,inf
609969,inf
227199,inf
254701,inf
80658,inf
597196,0.0
87115,inf
202439,inf
148235,0.0
508253,0.0
191454,inf
133000,inf
135736,inf
169052,inf
360833,inf
378462,inf
6540,inf
111670,0.0
424719,inf
665160,inf
391560,0.0
652357,inf
403333,inf
569694,0.0
599566,inf
108553,inf
198035,inf
150133,inf
428515,inf
83618,inf
602819,inf
72840,inf
212420,inf
228470,inf
660338,inf
240114,inf
505947,inf
271441,inf
543076,inf
605019,0.0
606314,inf
249971,inf
396058,inf
329171,inf
232,inf
392010,inf
311455,inf
686295,inf
480409,inf
710068,inf
286547,inf
301143,inf
293586,inf
373236,inf
492695,0.0
646693,inf
248821,inf
417596,0.0
180008,0.0
616063,inf
208961,inf
551363,inf
402573,inf
264045,inf
705519,inf
625633,inf
696937,0.0
591726,inf
550834,inf
284956,inf
317679,inf
578809,inf
486129,inf
661410,inf
160265,0.0
405427,0.0
416624,inf
676782,inf
609821,inf
475666,inf
86434,inf
188789,0.0
532243,inf
631003,inf
538666,inf
211659,inf
541019,inf
283468,inf
696876,inf
316199,inf
360373,inf
134469,inf
38905,0.0
265593,inf
440895,inf
37878,inf
404005,inf
263632,inf
173351,inf
562543,inf
284757,0.0
378505,0.0
25536,inf
611821,inf
433564,inf
557296,0.0
187620,inf
484185,inf
36747,inf
260837,inf
627813,inf
15593,inf
708821,inf
325509,0.0
242540,inf
21606,inf
663351,inf
607323,inf
684318,inf
114077,inf
568158,inf
141269,inf
458329,inf
409326,inf
471524,inf
684928,inf
224736,inf
111230,0.0
468429,inf
566649,inf
696210,inf
62514,inf
569794,inf
248914,inf
473521,inf
670601,inf
275546,inf
576280,0.0
385195,inf
53105,inf
416015,inf
526932,inf
25194,0.0
262580,inf
412819,0.0
210424,inf
123718,0.0
107360,inf
320606,inf
487506,inf
524988,inf
55418,inf
573863,0.0
290534,inf
602727,inf
287115,inf
659765,inf
375576,inf
373351,inf
499647,inf
360663,inf
441548,inf
592474,inf
357557,inf
484433,inf
668706,inf
92971,inf
270612,inf
130873,inf
199962,0.0
498014,inf
631595,inf
140317,inf
520296,inf
204054,inf
522297,inf
654855,inf
13979,inf
109379,0.0
120007,0.0
427826,0.0
635710,inf
108149,inf
123305,0.0
40964,inf
38201,inf
681204,inf
622945,inf
410929,inf
523301,inf
571769,inf
97318,inf
456330,inf
217627,0.0
545444,inf
306318,inf
455331,inf
551986,inf
44340,inf
296819,inf
302886,0.0
585209,inf
181872,inf
135209,0.0
624303,0.0
377907,inf
635544,inf
86883,inf
217824,inf
79426,inf
444867,inf
73387,inf
288445,inf
107272,0.0
181972,inf
498156,inf
196780,inf
227392,0.0
156570,inf
196749,inf
596264,inf
486297,inf
140037,inf
137395,inf
523879,inf
453640,inf
296026,inf
253395,0.0
36938,inf
35169,0.0
372563,inf
621338,inf
265376,inf
51671,0.0
303254,inf
539842,inf
532542,inf
289207,inf
92491,inf
82595,inf
402768,inf
630415,inf
353564,0.0
344575,0.0
158513,inf
479195,0.0
131976,inf
352992,inf
159596,inf
608508,inf
459036,inf
431131,0.0
65454,inf
625592,0.0
106922,inf
429150,inf
491564,inf
316608,inf
164704,inf
207578,inf
209723,0.0
225296,inf
173192,inf
253370,inf
584550,inf
196911,inf
449889,inf
145315,inf
79961,inf
354770,0.0
494567,inf
8817,inf
89158,inf
299445,inf
688141,inf
18685,inf
174453,0.0
436793,inf
539663,inf
461740,inf
435062,inf
39992,0.0
556612,inf
528742,inf
180501,inf
647439,0.0
626281,inf
646504,inf
123861,inf
393272,0.0
311911,0.0
222903,inf
273496,inf
235074,inf
44731,inf
113585,inf
562364,inf
372756,inf
466150,inf
591634,inf
485743,inf
200140,inf
343192,inf
575190,inf
49153,inf
350339,0.0
345281,inf
430312,inf
476103,0.0
487599,inf
391441,inf
56776,inf
372877,inf
260033,0.0
364789,inf
688410,inf
414103,inf
235141,inf
472614,inf
663970,inf
191192,inf
316445,inf
108277,inf
458932,inf
317289,inf
80970,inf
412835,inf
614283,inf
153269,inf
704882,inf
428619,0.0
122172,inf
372613,inf
120536,inf
688168,inf
430448,inf
310200,inf
560300,inf
236812,inf
481821,inf
234794,inf
189456,inf
464205,inf
197705,0.0
300541,inf
371245,inf
19081,0.0
115417,inf
295487,inf
626086,inf
555236,inf
298153,inf
509864,0.0
702784,inf
99487,0.0
482974,inf
405820,inf
55519,inf
447913,inf
537265,inf
583592,0.0
686301,0.0
575257,0.0
660310,inf
177086,inf
389858,inf
514242,inf
679860,inf
55591,inf
84666,inf
44840,inf
143067,inf
369709,inf
199496,inf
300117,inf
415067,inf
625097,inf
189446,inf
468207,inf
559241,inf
589869,inf
374570,inf
676714,0.0
456220,inf
539719,inf
39379,inf
301852,0.0
590274,inf
399853,inf
281169,0.0
300524,inf
624593,0.0
472753,inf
617211,0.0
449054,inf
178460,inf
211408,inf
450805,0.0
121108,inf
418227,inf
674106,inf
545439,inf
46522,inf
514992,inf
152274,inf
51467,inf
39651,inf
556075,inf
146243,inf
548407,inf
21244,inf
648715,inf
296275,inf
652413,inf
683183,inf
579938,0.0
330149,inf
520661,inf
43005,inf
543406,0.0
182740,inf
656470,inf
578724,inf
355687,inf
519747,inf
623846,inf
286956,inf
423586,inf
53189,inf
39228,inf
16309,inf
295583,inf
300713,inf
106137,inf
279928,inf
562482,inf
515468,inf
514760,inf
565012,inf
486705,0.0
200942,0.0
460444,0.0
286150,0.0
37796,inf
488700,inf
486296,inf
140243,inf
283744,inf
386763,inf
54909,inf
477820,inf
181661,inf
208928,inf
691266,inf
403919,inf
399385,inf
364605,0.0
525636,inf
702738,0.0
31582,inf
517032,inf
613953,inf
296711,inf
183566,inf
509499,inf
315699,inf
429300,inf
339819,inf
567791,0.0
523942,inf
373676,inf
20083,inf
82242,inf
405644,inf
625894,inf
528559,inf
533867,inf
611606,inf
256060,inf
521058,inf
268737,inf
249892,inf
135778,inf
534397,inf
221395,0.0
586714,inf
44943,inf
144841,inf
276848,inf
146854,inf
272726,inf
613684,inf
486455,inf
462519,inf
589108,inf
256853,inf
497025,0.0
328720,inf
268300,inf
159624,inf
17339,inf
264560,inf
521704,inf
603372,inf
459060,inf
82450,inf
119137,0.0
700535,inf
227882,inf
698640,inf
145196,inf
22112,inf
102536,inf
347010,inf
118377,inf
633197,inf
325236,inf
331825,inf
556346,inf
292520,inf
263176,inf
337515,inf
394746,inf
586497,inf
507123,inf
516756,inf
427465,inf
251527,inf
80365,inf
281442,0.0
262022,inf
446560,inf
68272,0.0
499416,inf
270928,inf
400409,0.0
172956,inf
154383,inf
145034,0.0
227208,inf
651287,inf
335754,inf
71518,inf
118628,inf
13996,0.0
669896,inf
483886,inf
380450,inf
659464,inf
579851,inf
500977,0.0
26111,inf
702014,inf
293511,inf
64831,inf
415869,inf
586443,inf
401205,inf
77747,inf
651032,0.0
61745,inf
74591,inf
213823,inf
234080,inf
47396,inf
584810,inf
686344,inf
98109,inf
138324,inf
358809,inf
126466,inf
228512,inf
440613,inf
26070,inf
700852,inf
427986,inf
2204,inf
386393,inf
281669,inf
418006,inf
311648,inf
452308,inf
34808,inf
516709,inf
628340,inf
176526,inf
321165,inf
48326,inf
347101,inf
102562,inf
585405,inf
150444,inf
660035,0.0
81944,inf
474413,inf
555052,inf
565381,inf
216307,inf
692586,inf
420054,inf
95175,inf
44194,0.0
615812,0.0
75996,inf
441502,0.0
548818,inf
157805,0.0
636567,inf
645112,inf
165731,0.0
445819,inf
206928,inf
431762,0.0
564519,inf
46941,0.0
526161,inf
643703,inf
594622,inf
434826,inf
566993,inf
149730,inf
668493,0.0
449698,inf
583753,inf
695519,inf
670018,0.0
531135,inf
660835,inf
375281,inf
260789,inf
555134,inf
236022,inf
316164,inf
368051,inf
331561,inf
154177,inf
563488,0.0
486260,inf
606724,inf
30335,inf
89569,inf
500130,0.0
382069,inf
11037,inf
670421,inf
583078,inf
24154,inf
643317,inf
314850,inf
522315,inf
137734,0.0
467053,inf
74559,inf
230354,inf
134291,inf
25173,inf
397256,inf
509264,inf
182573,inf
623284,inf
676568,inf
121255,inf
420115,inf
348509,inf
435273,inf
571394,inf
391699,inf
388,inf
404952,inf
639814,inf
152779,inf
344562,inf
205747,inf
258804,inf
213970,inf
536241,inf
462562,inf
51193,inf
449277,inf
581436,inf
469332,inf
516877,inf
156362,inf
557864,inf
8312,inf
220584,inf
177778,0.0
645811,inf
474944,inf
43547,inf
69409,inf
167827,inf
437758,inf
136745,inf
488770,0.0
469311,inf
30949,0.0
377348,inf
648821,inf
418994,inf
211061,inf
571995,inf
284510,inf
154304,inf
276504,inf
618406,inf
62698,inf
707119,inf
258987,inf
438095,inf
456312,inf
605082,inf
171632,0.0
463403,inf
481513,inf
443943,inf
328632,inf
709710,inf
431220,inf
267960,0.0
604732,inf
492257,inf
661666,inf
348573,inf
99266,inf
272018,inf
334813,inf
483040,inf
297472,inf
464802,inf
16461,inf
661899,inf
208178,inf
323397,inf
196524,inf
72790,inf
20144,inf
651078,inf
664926,0.0
46609,inf
247061,inf
255619,inf
587198,inf
639253,inf
630915,inf
49867,inf
210553,inf
557471,inf
711179,0.0
576017,inf
684608,0.0
627106,inf
354861,0.0
219900,inf
362463,inf
281418,inf
333007,inf
342468,0.0
619541,inf
670227,inf
22628,inf
628177,inf
472113,0.0
357587,inf
547543,inf
131732,0.0
471946,inf
158103,inf
197515,inf
106433,inf
188825,inf
447866,inf
75447,inf
38225,inf
501137,inf
380665,inf
111486,inf
393889,inf
205097,inf
67656,inf
231225,inf
427108,inf
519396,0.0
526270,inf
586611,inf
622407,inf
126251,0.0
321742,inf
516813,inf
273525,inf
371395,inf
92873,inf
230403,inf
25784,inf
476733,inf
123574,inf
237883,inf
232206,inf
496471,inf
456381,inf
341043,inf
565204,0.0
463442,inf
345258,inf
137556,inf
200397,inf
552919,inf
289378,inf
15563,0.0
201984,inf
21728,0.0
203572,0.0
382235,inf
650154,inf
40924,inf
308683,0.0
25550,inf
166292,0.0
6863,inf
492643,inf
389364,inf
12756,inf
75250,inf
378575,inf
206381,inf
701654,inf
319970,inf
626311,inf
428887,0.0
264156,0.0
212261,inf
239931,inf
665632,inf
435575,inf
260338,0.0
567510,inf
344606,inf
555601,inf
71157,inf
251171,inf
248150,inf
92516,inf
432103,inf
355091,inf
596373,inf
434854,0.0
17407,inf
261130,inf
601785,inf
67086,inf
685861,inf
605977,inf
26195,inf
486250,inf
579067,inf
644822,inf
677956,inf
67014,0.0
391317,inf
633775,inf
373960,inf
605879,inf
34502,inf
460262,0.0
601278,inf
649930,inf
107775,inf
285604,inf
150043,inf
566318,inf
318825,inf
285154,inf
210303,0.0
380383,0.0
208942,inf
34758,inf
44656,inf
569261,inf
389139,inf
172148,inf
345814,inf
427949,inf
545759,inf
243486,0.0
46991,inf
222082,inf
381161,inf
33952,0.0
263851,inf
48372,inf
71976,0.0
575437,inf
363890,inf
265534,inf
25225,0.0
74056,inf
329244,inf
10892,inf
467778,inf
517092,inf
61374,inf
611667,0.0
66435,inf
89368,inf
243078,inf
409581,inf
514940,inf
614196,inf
495998,0.0
679728,inf
331737,inf
112790,inf
130273,inf
628919,inf
419237,inf
277720,inf
703575,inf
650494,inf
545845,inf
109720,inf
305514,inf
404761,inf
172443,inf
74750,inf
41491,inf
591862,inf
483014,inf
4589,inf
333858,inf
253103,inf
436459,inf
100057,inf
375380,0.0
309413,inf
508383,inf
480254,inf
618276,inf
558549,0.0
321011,inf
308848,0.0
513072,inf
216853,inf
611499,inf
118495,inf
374563,inf
636088,inf
195969,inf
171353,inf
287675,inf
667163,inf
466420,inf
112268,inf
174183,inf
496525,0.0
594202,inf
630355,inf
469465,0.0
599446,inf
532604,inf
319575,inf
363949,inf
2858,0.0
220378,inf
532700,inf
273473,inf
87505,inf
545469,inf
166776,inf
669563,inf
315625,inf
251165,inf
541269,inf
702944,inf
566284,inf
428579,inf
685460,inf
115384,inf
55962,inf
447446,inf
424073,inf
222368,inf
36976,inf
559324,inf
457503,inf
414455,inf
444474,inf
134204,0.0
194262,inf
24492,inf
694504,inf
593934,inf
623407,inf
551583,inf
219106,inf
614671,inf
174578,inf
663655,inf
142572,inf
266989,0.0
675041,0.0
131481,inf
344815,0.0
593158,inf
512027,0.0
575488,inf
284543,0.0
245795,inf
622288,inf
42609,inf
364987,inf
410959,inf
674689,inf
197671,inf
273602,inf
280229,inf
231664,inf
576551,inf
179381,inf
19334,0.0
201514,inf
684789,0.0
18206,inf
297763,inf
270861,inf
354911,inf
336291,inf
117960,inf
585531,0.0
591969,inf
558193,inf
552403,inf
592902,inf
304242,inf
521178,0.0
308934,inf
24512,0.0
666,inf
161233,inf
256178,inf
702822,inf
485111,inf
667881,inf
110100,inf
356894,inf
195099,inf
424356,inf
487607,inf
185421,inf
166320,inf
142464,inf
107521,inf
418250,inf
605740,inf
102436,inf
402437,inf
629943,0.0
230749,0.0
408811,0.0
193737,inf
433406,0.0
65735,inf
255911,0.0
252734,inf
178576,inf
645715,inf
469260,0.0
508178,inf
528534,inf
684096,inf
634193,0.0
470322,inf
656812,inf
550760,inf
496968,inf
212280,inf
491863,inf
569206,inf
408047,0.0
273746,inf
520295,inf
598321,inf
493529,inf
90582,inf
499670,0.0
158610,inf
300206,inf
269184,inf
178449,inf
273641,inf
256594,inf
180360,inf
458978,inf
408084,inf
22316,inf
95334,inf
338810,0.0
601986,0.0
428864,0.0
663398,0.0
396800,inf
670086,inf
217275,inf
653398,inf
698568,inf
613801,inf
89047,inf
340895,inf
114453,inf
487871,inf
293427,inf
453071,inf
658999,inf
48328,inf
341538,inf
206457,inf
64239,0.0
29565,inf
707423,inf
413820,inf
663595,inf
145628,inf
402478,inf
277864,0.0
83388,inf
529147,inf
15082,inf
92887,inf
381501,inf
145950,0.0
169810,inf
25844,inf
680750,inf
645128,inf
61710,inf
260853,inf
664381,inf
417339,inf
319927,inf
551714,inf
399077,inf
59494,inf
422362,inf
710790,inf
555507,0.0
349767,inf
187023,inf
59024,inf
182823,inf
174407,0.0
545237,inf
393548,inf
251497,inf
136971,inf
466778,inf
39688,0.0
114680,inf
201800,inf
35016,inf
18935,0.0
478350,inf
427575,inf
62016,inf
93876,inf
189628,0.0
507538,inf
331375,0.0
317837,inf
482709,inf
467527,inf
482730,inf
239380,inf
192210,inf
47358,0.0
338502,inf
267653,inf
626953,0.0
297570,0.0
68900,inf
108243,inf
556320,inf
30676,inf
218308,inf
689786,inf
19827,0.0
258478,inf
626776,0.0
62161,inf
14992,0.0
66682,inf
503650,inf
468089,inf
642666,inf
561713,inf
626409,0.0
290145,inf
359505,inf
2962,inf
121614,inf
300928,inf
503926,inf
272210,inf
416094,inf
609261,inf
119600,0.0
653761,inf
363603,0.0
23121,inf
481367,0.0
112568,inf
404401,0.0
437181,inf
606799,0.0
151656,inf
452805,inf
71786,inf
276182,inf
561698,inf
348220,inf
246596,inf
593486,inf
252108,inf
452567,inf
564970,0.0
232356,inf
112888,inf
586105,inf
227612,inf
615768,inf
363595,0.0
497676,inf
711563,inf
15562,0.0
142555,inf
681645,inf
392946,inf
605766,inf
118743,inf
54760,inf
644875,inf
31894,inf
171866,0.0
673651,inf
300214,inf
2694,inf
42404,inf
494103,inf
256238,inf
131565,inf
271031,0.0
392541,0.0
471707,inf
479485,inf
423475,inf
249506,inf
329174,inf
497963,inf
684168,inf
606202,0.0
547059,inf
272483,inf
326790,inf
293132,inf
149320,inf
318945,inf
166865,inf
19599,inf
44419,inf
65975,inf
25940,0.0
580282,inf
370121,inf
307790,inf
374168,0.0
609207,0.0
620976,inf
351434,inf
354249,0.0
88809,inf
540552,inf
54369,inf
84958,inf
616744,inf
693006,inf
177218,inf
163495,inf
492646,inf
288278,inf
619924,inf
259757,inf
46484,inf
208896,0.0
521585,0.0
583697,inf
599923,0.0
381857,inf
124577,inf
125792,inf
266005,inf
522582,inf
484856,inf
332515,inf
490604,inf
410965,inf
705741,inf
489649,inf
23816,inf
589729,inf
136742,inf
495272,inf
4923,0.0
267729,inf
292042,0.0
703788,inf
225735,inf
372768,inf
588012,inf
563608,inf
679596,0.0
652086,inf
482418,inf
198378,inf
155477,inf
680719,inf
152962,inf
418652,0.0
239466,inf
150681,inf
46845,inf
416922,0.0
622001,inf
468289,0.0
126477,inf
569753,inf
495197,0.0
44858,inf
116152,inf
366753,inf
165566,inf
498462,inf
552048,inf
685038,inf
331840,inf
473923,inf
122620,inf
600323,0.0
14237,inf
382225,inf
528387,inf
274660,inf
432016,inf
218239,inf
552039,0.0
687385,inf
534666,inf
577421,inf
457586,inf
123093,0.0
379080,inf
426036,inf
294237,inf
631141,inf
259306,inf
283301,inf
672249,inf
64300,inf
221807,inf
675708,0.0
342832,inf
279846,inf
640567,inf
62638,inf
45214,inf
383691,inf
588201,inf
216034,inf
208375,inf
120267,inf
68494,inf
239499,inf
32939,inf
437114,inf
305810,0.0
1159,inf
435228,inf
175182,0.0
213794,inf
151046,0.0
297887,inf
53718,inf
626852,0.0
182692,inf
592334,inf
337876,inf
313596,inf
97871,inf
490162,inf
276716,inf
664899,inf
160372,inf
333463,inf
23597,inf
423056,0.0
579590,inf
205938,inf
544508,inf
405753,inf
51667,inf
636458,inf
156088,inf
376055,inf
421844,0.0
570880,0.0
220887,inf
72068,inf
151353,inf
340638,inf
523136,inf
114520,inf
295844,inf
356953,inf
81704,0.0
403960,0.0
57908,inf
241154,0.0
512151,inf
657036,0.0
128237,inf
331896,inf
8776,inf
617488,inf
315151,inf
176355,inf
122790,inf
896,inf
115010,0.0
472053,0.0
253835,inf
504097,inf
113812,inf
43772,inf
90318,inf
711292,inf
373812,0.0
224602,inf
597904,0.0
21239,0.0
125347,0.0
41783,inf
21374,inf
325458,inf
506557,inf
595113,inf
239411,inf
185228,inf
318820,0.0
262694,0.0
347824,inf
638012,inf
371839,inf
344392,inf
379181,inf
615562,inf
596965,inf
205452,inf
432508,inf
228409,inf
48691,inf
436982,inf
630124,0.0
154061,inf
151808,inf
500217,inf
153832,inf
428194,inf
176169,inf
339656,inf
267512,inf
504729,inf
178761,inf
371417,inf
450536,inf
660268,inf
648414,inf
73071,inf
158998,0.0
14981,inf
525076,inf
444030,inf
354026,inf
326171,inf
710724,inf
437862,inf
220163,inf
128908,inf
395856,inf
578140,0.0
188870,inf
82434,0.0
605842,inf
444587,0.0
209032,0.0
273016,inf
574951,inf
112511,inf
260243,inf
16683,0.0
162076,inf
156603,inf
574547,inf
144084,inf
289481,0.0
57111,inf
441138,0.0
650749,0.0
561566,inf
30332,inf
566752,0.0
317330,inf
355555,inf
615674,0.0
665979,inf
250488,inf
421906,0.0
32613,0.0
88477,inf
394245,0.0
531598,inf
442269,inf
315643,inf
489075,inf
65050,0.0
305351,inf
141384,inf
475112,inf
102398,inf
78660,0.0
210848,inf
329656,inf
363159,inf
407467,0.0
402442,inf
379652,inf
447654,0.0
539990,0.0
523678,0.0
439478,inf
588697,inf
534940,inf
64394,inf
455257,inf
603267,inf
64415,inf
143813,inf
121910,inf
187068,0.0
189386,inf
290759,inf
531946,inf
339998,inf
425613,inf
43706,inf
230938,inf
213127,0.0
291515,0.0
143451,inf
97610,inf
475473,inf
513804,inf
124064,0.0
522327,0.0
551119,0.0
305523,inf
564973,inf
527032,inf
617036,inf
106903,inf
395370,inf
349696,inf
239029,inf
184294,inf
700835,inf
653906,inf
620994,inf
198726,inf
31841,inf
583070,inf
31356,inf
24131,inf
571545,0.0
463799,inf
286525,inf
121305,inf
60476,0.0
301311,inf
176304,0.0
260619,inf
398545,inf
154143,inf
320671,inf
366614,inf
560413,inf
457308,0.0
624511,inf
568486,inf
666404,inf
478046,inf
273193,inf
589141,0.0
573262,inf
143005,inf
177420,inf
323685,inf
271323,0.0
305202,inf
215148,inf
620718,inf
354199,inf
414107,inf
77968,inf
216809,inf
318084,inf
667160,inf
126828,inf
439274,inf
181674,0.0
610861,inf
263133,inf
30645,0.0
319946,inf
513156,inf
87142,inf
698335,inf
10064,0.0
643966,0.0
518092,inf
404673,inf
540449,0.0
144078,inf
469184,inf
443950,inf
306861,inf
214515,inf
536172,inf
152845,inf
314566,inf
199379,inf
1721,inf
565289,inf
574395,inf
294067,inf
293838,inf
587676,inf
646648,inf
527667,inf
265819,inf
493877,inf
70300,inf
211933,inf
640157,inf
98316,inf
201515,inf
24083,inf
622041,inf
294647,inf
622539,inf
95276,inf
371607,0.0
440582,inf
333573,inf
94482,0.0
182821,inf
625641,inf
172218,0.0
150091,inf
186960,0.0
401919,inf
419588,inf
505246,inf
62832,0.0
100304,0.0
467148,inf
264648,inf
290111,0.0
599334,inf
663373,inf
120757,0.0
172011,0.0
575926,inf
322477,inf
547920,inf
100220,inf
160909,inf
678905,inf
7,0.0
570736,inf
17210,inf
641782,inf
249108,inf
151206,inf
129545,0.0
146750,inf
123471,0.0
320804,inf
689082,inf
574603,inf
281729,inf
236641,inf
480917,inf
242320,inf
261158,inf
579599,inf
548094,inf
92439,inf
19224,inf
137078,inf
567136,inf
427774,inf
246238,inf
324776,inf
9940,inf
306931,inf
269651,inf
407185,inf
406507,inf
463193,inf
148124,inf
255849,inf
171636,inf
287260,inf
350320,inf
609674,0.0
319804,inf
630869,inf
525276,inf
388786,inf
7824,inf
135292,inf
220274,inf
519967,0.0
647783,inf
437065,inf
64139,inf
86,inf
248122,inf
450800,inf
6315,inf
409788,inf
580846,inf
331161,inf
614592,inf
62377,inf
465195,inf
407018,inf
169378,inf
657107,inf
421841,inf
107701,inf
207372,0.0
574636,inf
710710,inf
223035,inf
559188,inf
285289,inf
380736,inf
637018,inf
254864,inf
164628,inf
656103,inf
2424,inf
162811,0.0
290642,inf
638714,inf
98386,inf
63188,inf
240339,inf
483699,0.0
166785,0.0
168236,0.0
63933,inf
329248,0.0
257295,inf
451122,inf
621646,0.0
61138,0.0
55442,inf
259173,inf
580660,0.0
527485,inf
376337,inf
549499,inf
273245,0.0
86085,inf
440380,inf
667204,0.0
438716,0.0
487688,0.0
287071,inf
640122,inf
627296,inf
336559,inf
443155,inf
431741,inf
289814,0.0
111817,inf
391992,inf
76070,inf
702396,inf
153719,0.0
225810,inf
95006,inf
187779,inf
567864,inf
274907,inf
289197,inf
88363,inf
204331,inf
556248,inf
314176,inf
42422,inf
641050,inf
502446,inf
225634,inf
486029,inf
272121,inf
431093,inf
489809,inf
305403,inf
351858,inf
37096,0.0
290397,0.0
381992,inf
389193,inf
186672,0.0
39154,inf
113263,0.0
203972,inf
367420,inf
670896,inf
8748,inf
586740,inf
418245,inf
249915,inf
528057,inf
671309,inf
17363,inf
277502,inf
304213,inf
322363,0.0
167459,inf
283796,inf
326228,inf
525416,inf
658395,0.0
129755,inf
440348,inf
201382,inf
499758,inf
921,inf
150520,inf
648775,inf
631343,0.0
1567,inf
660468,inf
287852,inf
569281,inf
539100,0.0
595735,inf
85967,inf
384033,0.0
441864,inf
681346,0.0
161509,inf
503610,inf
659719,inf
170647,inf
582147,inf
119150,0.0
235133,inf
596293,inf
10810,inf
375428,inf
516115,0.0
145489,inf
535526,0.0
474798,inf
480353,inf
610100,inf
566841,inf
234917,inf
403124,inf
596551,inf
123767,inf
306266,0.0
16373,0.0
126034,inf
658346,inf
553150,inf
510687,inf
513,inf
60941,inf
567480,inf
155031,inf
61303,inf
333869,inf
643239,inf
524639,inf
643288,0.0
698456,0.0
711313,inf
707080,inf
549705,inf
380051,inf
617574,inf
616192,0.0
72105,0.0
554068,inf
681659,inf
187204,0.0
455033,inf
241314,inf
490594,inf
276112,inf
586427,inf
556700,inf
48205,inf
652817,inf
632040,0.0
369302,inf
443835,inf
142150,inf
402548,inf
685802,inf
513975,inf
343956,inf
643464,inf
110725,inf
555388,inf
579499,0.0
376237,inf
492807,inf
353234,inf
670880,inf
168017,inf
670683,inf
362719,inf
378598,inf
45759,inf
443619,inf
232091,inf
158623,inf
216886,inf
499834,inf
15090,inf
309112,inf
695008,0.0
679352,inf
355080,inf
532859,inf
572393,inf
161393,inf
345269,inf
225919,inf
566179,inf
342709,inf
709522,inf
436882,inf
272280,inf
266281,inf
484078,inf
416145,inf
214684,inf
59352,inf
54181,inf
171023,inf
700615,inf
569112,inf
337539,inf
287695,inf
92979,inf
362139,inf
540215,inf
198010,inf
561851,inf
699795,inf
571196,inf
294195,inf
562094,inf
403499,inf
305682,inf
228029,inf
376822,inf
344440,inf
595649,inf
558029,inf
144820,inf
120870,inf
592497,inf
310664,inf
257326,inf
345896,inf
65232,inf
80451,inf
304455,inf
141955,inf
552393,inf
385433,0.0
10618,inf
211870,inf
58265,inf
198505,inf
409103,inf
615719,inf
383088,inf
644344,inf
507617,inf
518667,0.0
407691,inf
147199,0.0
604688,inf
659017,inf
532686,inf
25232,0.0
547044,inf
661829,inf
483897,inf
459644,inf
464177,inf
635166,inf
215540,inf
445608,0.0
462872,inf
17570,inf
548696,inf
85142,inf
284473,inf
547488,inf
246717,inf
75378,inf
342616,inf
32638,inf
433249,inf
96141,inf
384550,inf
24909,inf
680611,inf
546647,inf
605947,0.0
244665,inf
602498,inf
48642,inf
709601,inf
257303,inf
626621,inf
130720,inf
365313,inf
219344,inf
407875,inf
597440,inf
98356,inf
72393,inf
163576,0.0
135264,inf
31404,inf
54362,inf
150362,inf
156925,inf
263988,inf
202808,inf
113652,inf
221189,inf
131163,inf
48609,inf
14055,inf
452588,inf
448107,0.0
598568,inf
533006,inf
655961,inf
124557,inf
30719,inf
264002,inf
591292,inf
92163,inf
148132,inf
210847,inf
83102,inf
453786,0.0
262944,inf
687776,inf
392,0.0
652107,0.0
484784,inf
615513,inf
680312,0.0
265057,0.0
198946,inf
589916,inf
311729,0.0
194429,0.0
63646,inf
36691,inf
68089,inf
365193,inf
57957,0.0
430347,inf
359932,inf
59878,inf
615682,inf
215503,inf
454536,inf
292448,inf
284267,inf
162242,inf
51103,inf
174245,inf
304255,0.0
123722,inf
607845,inf
501947,inf
647065,inf
647809,inf
52557,inf
370611,inf
158044,inf
32745,inf
662256,inf
599887,inf
209767,inf
647327,inf
21350,0.0
88344,inf
625348,inf
456113,inf
306044,0.0
334494,0.0
464707,0.0
437788,inf
406009,inf
363104,inf
70317,inf
182097,inf
189454,inf
609059,inf
582765,inf
171808,inf
650296,inf
680333,0.0
432460,inf
339592,0.0
484907,0.0
300412,inf
582945,inf
665652,inf
380648,inf
77624,0.0
61355,inf
299458,inf
314414,inf
308678,inf
55040,inf
366092,inf
402197,inf
69717,0.0
498702,0.0
501100,inf
283063,inf
555642,0.0
701694,0.0
91111,inf
701248,inf
561100,inf
502723,0.0
133597,inf
458940,inf
444473,inf
260099,inf
240931,inf
357559,0.0
705437,inf
562758,inf
511969,inf
345408,inf
63972,0.0
98896,inf
288478,inf
394966,inf
311031,inf
571139,0.0
472035,inf
119635,inf
558541,inf
259235,0.0
517978,0.0
488878,inf
201405,inf
476312,inf
94960,inf
330607,inf
192784,inf
499831,inf
336084,inf
30593,0.0
157205,inf
81279,inf
27667,inf
487330,inf
398144,inf
24438,inf
127200,inf
497792,inf
233219,inf
651538,inf
114643,inf
102450,inf
31505,inf
499294,inf
77648,0.0
703456,inf
252122,inf
580654,inf
526637,inf
529732,inf
633774,inf
305865,0.0
336125,inf
709607,inf
622400,inf
367827,inf
368283,inf
260124,inf
44407,inf
344571,inf
651126,inf
403441,inf
326253,0.0
629468,inf
348230,inf
631729,inf
359446,inf
338892,inf
216535,inf
140345,0.0
484506,inf
561229,0.0
545804,inf
560956,0.0
181820,inf
52393,inf
103479,inf
675431,0.0
24989,inf
465046,inf
31746,inf
357843,inf
358777,inf
324587,inf
199990,inf
14105,inf
67570,0.0
413927,inf
165111,0.0
409365,inf
445487,inf
531886,inf
551764,inf
509565,inf
372673,inf
442559,0.0
4129,inf
313571,inf
154017,inf
65056,inf
370038,inf
434369,inf
274359,inf
133274,0.0
259907,inf
601440,inf
436008,inf
241887,inf
431211,inf
341681,inf
423408,inf
146905,inf
551965,inf
179093,inf
121916,inf
33304,inf
600831,inf
341843,inf
641796,inf
524245,inf
261672,inf
628650,inf
700463,inf
258614,inf
472969,inf
485340,inf
657771,inf
494658,inf
236784,0.0
281166,inf
117089,inf
514378,inf
414243,inf
687843,inf
682483,inf
61602,0.0
20735,inf
123560,0.0
702955,inf
690030,inf
604172,0.0
315007,0.0
195069,0.0
613663,inf
163415,inf
233650,inf
444652,inf
580812,inf
20251,inf
225173,inf
693640,inf
447810,0.0
156628,inf
230580,inf
653956,0.0
364411,0.0
388338,inf
123462,inf
548873,inf
82028,0.0
467237,inf
42305,inf
169617,inf
369427,inf
688733,inf
358273,inf
471472,inf
633085,inf
702206,inf
224459,inf
350334,inf
36187,inf
212643,inf
596692,inf
472737,inf
113413,inf
2686,inf
161348,inf
178239,inf
247964,0.0
64357,inf
360584,inf
86761,inf
255807,inf
652065,inf
209416,inf
473043,inf
216152,0.0
519377,inf
72356,inf
583153,inf
291505,inf
639812,inf
457516,inf
184253,inf
522264,0.0
218674,inf
668060,inf
570942,inf
501565,inf
491635,inf
608244,inf
245808,0.0
180802,inf
206279,inf
143919,0.0
386302,inf
205449,0.0
498802,inf
369711,inf
387969,inf
477486,inf
413651,inf
434125,inf
285415,0.0
318786,inf
102703,inf
98215,inf
530893,inf
524006,inf
218656,inf
550766,inf
584510,inf
576246,inf
80908,inf
37674,inf
469877,inf
211883,inf
268414,inf
111108,inf
475954,inf
526515,inf
393029,0.0
140833,inf
410146,inf
637447,inf
87238,inf
480761,inf
86662,inf
307436,0.0
460135,0.0
368139,inf
260878,inf
483347,inf
414827,inf
47233,inf
491400,0.0
39163,0.0
261159,inf
133220,inf
327540,inf
154382,inf
636034,inf
480085,inf
344230,inf
125739,inf
344787,inf
145926,inf
563720,inf
592602,inf
106349,inf
405289,inf
147455,inf
299323,inf
17315,inf
392437,inf
243433,0.0
166709,inf
553788,inf
95792,inf
426142,inf
370780,inf
360581,inf
184142,inf
477480,inf
499951,inf
448401,inf
332262,inf
346190,inf
674518,inf
505692,inf
633410,0.0
586410,inf
451743,inf
193276,inf
222447,inf
342846,inf
271658,inf
523845,inf
627828,inf
132236,inf
617719,0.0
188797,inf
609343,inf
443251,inf
589185,0.0
132865,inf
550593,inf
553438,inf
392011,inf
229903,inf
409346,0.0
708583,inf
656851,0.0
51069,0.0
243322,inf
614428,inf
330356,inf
633768,0.0
592898,inf
524654,inf
230303,inf
250999,inf
431091,0.0
564603,0.0
483475,inf
259700,inf
559172,inf
385851,inf
548556,inf
77356,inf
512297,inf
325881,inf
373354,inf
601342,inf
317563,inf
514022,inf
480642,inf
117428,0.0
55786,inf
510150,inf
213628,inf
132181,inf
561048,inf
114167,inf
557380,0.0
347136,inf
595128,inf
498642,inf
564923,inf
301624,inf
546544,inf
389685,inf
278094,inf
242022,inf
491835,inf
586417,inf
683351,inf
660269,inf
132142,inf
648173,0.0
460005,inf
597342,inf
681140,inf
154263,0.0
427741,0.0
28082,inf
50270,inf
287928,inf
503346,inf
519596,inf
9055,inf
47832,inf
433706,0.0
489485,inf
4181,inf
93778,inf
464142,inf
325657,inf
564984,0.0
388525,0.0
196626,inf
345713,inf
28143,0.0
325725,inf
353320,inf
209249,inf
265196,0.0
173866,inf
48675,inf
604263,inf
489438,inf
313167,inf
630493,inf
624827,0.0
43853,inf
308103,inf
289851,inf
297259,0.0
574822,inf
333086,inf
217945,inf
36248,inf
180772,inf
285250,inf
477346,0.0
33613,inf
431168,inf
595349,inf
3496,inf
546584,0.0
503673,inf
10393,inf
60167,inf
425128,inf
242653,inf
280378,inf
697484,inf
11961,inf
228722,0.0
351227,inf
30640,inf
94228,inf
583986,inf
706918,inf
678582,inf
280,inf
679688,inf
229307,inf
389930,inf
352639,inf
40482,inf
585351,inf
106538,inf
345356,inf
7742,inf
444914,inf
482410,inf
268528,inf
592829,inf
21270,0.0
88797,inf
17128,0.0
586647,inf
658584,inf
513421,inf
172442,inf
43533,inf
197240,inf
479118,inf
595624,inf
274292,inf
137373,0.0
23157,inf
370764,inf
638823,0.0
200336,inf
310395,inf
569023,inf
407152,inf
441383,0.0
618985,inf
42210,inf
336387,inf
80997,inf
434738,0.0
378712,0.0
208314,inf
419598,inf
3676,0.0
450717,inf
427173,inf
133,inf
564699,inf
315324,inf
153194,0.0
23548,inf
317032,0.0
511911,inf
668831,inf
413672,inf
324092,0.0
504208,0.0
323216,inf
155816,inf
447613,inf
350698,inf
274979,inf
383039,inf
424843,inf
120463,inf
224561,inf
379971,inf
291830,0.0
446888,inf
572618,inf
473389,inf
100646,0.0
38841,inf
435452,inf
446808,inf
112901,inf
452321,inf
510163,inf
118906,inf
158400,inf
534202,inf
79026,inf
297004,inf
55042,0.0
264032,0.0
308251,inf
667603,inf
33638,0.0
551505,inf
157242,inf
186360,inf
554418,inf
185051,inf
255652,0.0
274851,inf
469134,inf
308985,inf
442708,inf
543235,inf
35921,inf
651831,inf
292315,inf
37854,inf
377502,inf
53274,0.0
684631,inf
221953,inf
392282,inf
280744,inf
408165,inf
258356,inf
494227,inf
700995,inf
456375,inf
500126,inf
376072,inf
643012,0.0
514028,inf
591199,inf
137390,inf
518159,inf
360083,inf
394623,0.0
358427,0.0
458923,inf
375980,inf
148074,inf
90704,inf
135714,0.0
537134,inf
163271,inf
277166,0.0
141261,0.0
324208,inf
303806,inf
613520,inf
485224,0.0
71939,0.0
354716,inf
588701,0.0
253273,0.0
676214,0.0
198182,inf
657229,inf
556940,inf
82753,inf
168193,inf
633835,inf
632610,inf
386231,inf
8758,inf
529678,inf
483858,inf
426276,inf
309375,inf
60998,inf
50115,inf
637127,inf
297631,inf
610061,inf
532696,inf
245460,inf
255852,inf
615154,0.0
353336,inf
147454,inf
502664,inf
644598,inf
163965,inf
519637,inf
250618,inf
344481,inf
370112,inf
197944,inf
228611,inf
388986,inf
461452,inf
348932,inf
521180,inf
215569,inf
492688,inf
115849,inf
439235,inf
496510,inf
74454,inf
108934,inf
150519,0.0
471495,inf
130235,inf
507289,inf
408119,inf
140504,inf
376387,inf
34294,inf
229288,inf
110708,inf
298241,0.0
84673,inf
121379,inf
447600,inf
633145,inf
509723,inf
260673,0.0
179727,0.0
661510,inf
352485,inf
413750,inf
10812,inf
502123,inf
192407,inf
545258,inf
200384,inf
506946,inf
342209,inf
225957,inf
665356,inf
443361,inf
140884,inf
186444,inf
74948,inf
227141,inf
319406,inf
482806,inf
580740,0.0
139175,inf
438795,inf
122593,inf
286946,inf
558123,inf
128292,inf
62754,inf
291491,0.0
295909,inf
315654,inf
68509,inf
699911,inf
384112,inf
130900,inf
280475,inf
337091,inf
24855,inf
211673,inf
458665,inf
252152,inf
88329,inf
524304,inf
106659,inf
463955,inf
293028,inf
189310,inf
416725,inf
18940,inf
597380,inf
468076,0.0
238464,inf
234060,inf
107486,inf
225210,inf
475319,0.0
406756,inf
47044,0.0
294328,inf
114613,inf
142520,inf
24719,inf
135757,inf
283629,inf
64514,0.0
485134,inf
111280,inf
587007,inf
667570,0.0
298765,inf
698349,inf
211327,inf
449845,inf
34797,inf
397934,inf
648593,inf
102198,inf
3794,inf
151169,0.0
28792,inf
709487,inf
464907,inf
513939,inf
536173,inf
226276,inf
587572,0.0
471719,0.0
61813,inf
260402,inf
679494,0.0
551327,inf
128609,inf
516301,inf
153502,inf
20367,0.0
211766,inf
184803,inf
140209,inf
268187,inf
326052,inf
101050,inf
702541,inf
148967,0.0
71963,inf
536492,inf
429616,inf
235927,inf
473845,inf
242140,inf
32816,inf
84930,inf
398557,inf
448738,inf
543504,inf
619038,inf
536919,inf
579295,inf
151454,inf
232644,0.0
538794,0.0
196517,inf
613905,inf
616387,0.0
652808,inf
20313,0.0
702786,inf
138165,inf
175588,0.0
384985,0.0
142424,0.0
598515,inf
177237,0.0
179399,inf
583122,0.0
330440,0.0
332223,inf
407891,inf
611548,inf
593722,inf
131236,inf
524955,inf
93020,inf
632627,inf
112251,inf
291530,inf
379679,inf
646526,inf
63738,0.0
404329,inf
689035,inf
336047,inf
412678,inf
444311,inf
132997,inf
133999,inf
300228,inf
237744,inf
104532,0.0
564861,inf
513513,inf
645658,inf
333969,inf
495089,inf
501410,inf
351435,inf
367029,inf
172874,inf
220194,inf
337707,inf
377540,inf
139527,inf
624409,inf
436778,0.0
658630,inf
466799,inf
71990,0.0
386914,0.0
466432,inf
149419,0.0
617433,0.0
647351,0.0
624647,0.0
356498,inf
671826,inf
127078,inf
257587,inf
692811,inf
609783,inf
523128,inf
449892,inf
525972,inf
417676,inf
492230,inf
400283,inf
167473,0.0
83586,inf
118663,inf
416901,inf
263444,inf
97192,0.0
70763,inf
144741,0.0
344384,inf
390369,0.0
334288,inf
419460,inf
307240,inf
430542,0.0
560531,inf
100128,inf
63779,inf
611533,inf
40571,inf
396475,inf
416753,inf
698027,inf
154064,0.0
7557,inf
427438,inf
233875,inf
28364,inf
642230,inf
592851,inf
481461,inf
283112,inf
666060,inf
261514,inf
221228,inf
239769,inf
467343,inf
615786,inf
544081,0.0
655256,inf
361976,0.0
58412,inf
694455,0.0
493287,inf
582692,inf
330666,0.0
265675,0.0
176333,inf
84308,inf
298326,inf
70974,inf
46276,0.0
489674,inf
428752,inf
319735,inf
285429,0.0
648626,0.0
507227,inf
425374,inf
688542,inf
179246,0.0
416229,inf
276257,inf
2340,inf
480789,0.0
113695,inf
237566,inf
526933,inf
364401,0.0
389322,inf
452990,inf
671842,0.0
20858,inf
433654,inf
492801,inf
180332,inf
594490,0.0
17453,inf
368609,inf
695501,inf
338462,inf
17732,inf
581884,inf
136630,inf
562395,inf
702258,inf
141900,inf
580802,0.0
568001,0.0
323720,inf
444461,inf
359557,inf
397927,inf
405591,inf
709624,0.0
205232,0.0
567969,inf
66825,0.0
375944,inf
146644,inf
519502,0.0
464816,0.0
378168,inf
176327,inf
562315,inf
126356,inf
346816,0.0
198165,0.0
275626,inf
322671,inf
263377,inf
273758,0.0
239752,inf
249785,inf
189289,inf
57967,inf
620731,inf
511387,inf
505013,0.0
456288,inf
480864,inf
199950,inf
40760,inf
576737,inf
527417,inf
297297,inf
511338,inf
317054,inf
482317,inf
688598,inf
547877,inf
412891,inf
10835,inf
133119,inf
14421,0.0
19008,0.0
7668,inf
485638,inf
334712,inf
293323,inf
257055,inf
373789,inf
297503,inf
685540,inf
205212,inf
443913,inf
641160,0.0
13785,inf
71327,inf
428519,inf
370818,inf
497815,inf
325461,inf
400758,inf
77913,inf
543775,inf
404791,0.0
229020,0.0
359258,inf
269353,inf
87415,inf
603843,inf
497932,inf
708837,inf
489599,inf
538685,inf
689377,inf
7682,inf
309360,inf
189886,inf
595993,inf
308184,inf
562548,inf
678086,inf
617258,inf
642056,inf
234078,inf
289963,inf
363663,inf
642162,inf
182086,inf
6412,0.0
87749,inf
650112,inf
504258,inf
691825,inf
283109,inf
688550,0.0
194318,inf
471997,inf
440903,inf
708346,inf
321573,inf
532192,inf
81752,inf
502992,inf
21292,inf
5994,inf
228305,inf
189155,inf
704319,inf
13874,inf
109354,inf
104153,0.0
161361,0.0
424972,inf
136518,inf
286808,inf
532121,0.0
557521,inf
709035,inf
668999,inf
372068,inf
500937,inf
558777,inf
55447,inf
236102,inf
705592,inf
330909,inf
200509,inf
21089,inf
296635,inf
357643,inf
588947,inf
602381,inf
262689,inf
576341,inf
571428,inf
394528,0.0
470108,inf
157733,inf
294249,inf
70339,inf
58881,inf
7122,0.0
490538,inf
368156,inf
392121,0.0
461439,inf
254048,0.0
319532,0.0
166957,inf
370735,inf
142912,inf
261980,inf
379678,0.0
371505,0.0
151658,inf
364179,inf
288599,inf
261143,inf
523450,0.0
231410,inf
372953,inf
564512,0.0
514232,inf
301563,0.0
489604,inf
685227,inf
652941,inf
349618,inf
99258,inf
276697,inf
435378,inf
180372,inf
426462,inf
138829,inf
650220,0.0
108018,inf
482582,inf
637289,inf
578497,inf
226114,0.0
239676,inf
259508,inf
41571,inf
12089,0.0
400753,inf
540502,inf
297194,inf
374333,inf
114161,inf
63057,inf
499473,0.0
599197,0.0
271105,0.0
359456,inf
420175,inf
243940,inf
523631,inf
159824,inf
318737,inf
73553,inf
305077,inf
599487,inf
559063,0.0
405689,inf
28918,inf
458447,inf
49680,inf
240874,inf
61197,inf
132654,inf
6768,inf
168675,inf
413911,0.0
664752,0.0
394095,inf
630545,0.0
190991,0.0
273260,0.0
183454,0.0
579689,0.0
101493,inf
12272,inf
382968,inf
684793,inf
314051,inf
113780,inf
136136,0.0
440291,inf
425166,inf
567783,inf
572897,inf
77522,inf
149318,inf
366116,0.0
177944,inf
126294,inf
64887,inf
129512,inf
469104,inf
139479,0.0
28026,inf
485212,0.0
177092,inf
368777,inf
106886,inf
597693,inf
377217,0.0
162991,0.0
32346,inf
474662,inf
402130,inf
282832,inf
550368,inf
667491,0.0
53582,inf
384785,inf
639522,inf
150799,inf
478184,inf
82730,inf
11550,inf
343007,inf
189793,inf
30513,0.0
337675,inf
228268,inf
461804,inf
659576,inf
10732,0.0
239162,inf
22109,inf
265532,inf
647909,inf
544180,inf
91064,0.0
280849,inf
274057,inf
218330,inf
425376,0.0
189362,0.0
509805,inf
353637,inf
375343,inf
104351,0.0
402355,inf
330323,inf
596474,inf
10309,inf
626266,inf
281279,0.0
594355,inf
599640,inf
436312,inf
126768,inf
369007,inf
563951,inf
661974,inf
452771,inf
42464,inf
116890,inf
464175,inf
415118,inf
300895,inf
696524,inf
253493,inf
213895,inf
98372,inf
443056,inf
433461,inf
542183,inf
526070,inf
397157,0.0
532427,inf
59064,inf
275476,inf
521598,0.0
515658,0.0
50948,inf
127267,0.0
638153,inf
464889,inf
646964,inf
292676,inf
188945,inf
131520,inf
250590,inf
491215,inf
2233,inf
10848,inf
5395,0.0
591712,inf
517700,inf
591965,inf
194001,inf
515624,0.0
328607,inf
41869,inf
556980,inf
20025,inf
200233,inf
416127,inf
657823,inf
510130,inf
386563,inf
27397,0.0
238346,inf
128196,inf
703133,inf
566103,inf
252702,inf
468511,inf
377648,inf
227831,inf
408687,inf
143387,inf
190071,inf
410775,inf
284877,inf
349766,inf
62216,0.0
434766,0.0
204922,inf
311828,0.0
219044,0.0
59460,inf
348683,inf
99041,inf
349285,inf
286217,inf
446465,inf
295668,inf
339072,inf
394431,inf
195479,inf
487886,inf
635267,inf
108117,inf
105715,0.0
331468,inf
705487,inf
28674,inf
188539,inf
646737,inf
184774,0.0
387110,0.0
684400,inf
560463,inf
134651,inf
594013,0.0
240821,inf
692800,inf
431551,inf
602525,inf
18708,inf
201602,inf
653388,inf
18635,inf
515704,0.0
285904,0.0
531703,inf
620019,0.0
355585,0.0
381792,inf
394331,0.0
643997,inf
532204,inf
74239,inf
396513,inf
690380,inf
662626,0.0
498889,inf
275733,inf
340208,inf
326057,inf
179300,inf
106309,inf
654821,inf
413097,inf
196504,inf
333328,0.0
265149,inf
434775,inf
590450,inf
156355,inf
412774,inf
380244,inf
686199,inf
583096,inf
628318,inf
542066,inf
682697,0.0
429976,0.0
696321,inf
319004,inf
136942,inf
621131,inf
111629,0.0
450575,inf
126653,0.0
507105,inf
345462,inf
4924,0.0
374580,inf
521363,inf
523368,inf
496101,inf
609679,0.0
649234,inf
400835,inf
298192,inf
494473,inf
54401,inf
70357,inf
11407,inf
125811,inf
433282,inf
568627,0.0
325183,inf
116896,inf
690662,inf
12622,inf
648552,inf
595503,inf
611179,inf
554876,0.0
602757,0.0
49698,inf
6376,0.0
96676,inf
141458,inf
575032,inf
517807,inf
228613,inf
395675,0.0
134638,inf
477403,inf
699124,0.0
420181,inf
16752,inf
422432,inf
521679,inf
285694,0.0
560968,inf
265952,0.0
236835,inf
291589,inf
620794,inf
659315,inf
379723,inf
611081,inf
209554,inf
579560,0.0
232504,0.0
111502,inf
182577,inf
13790,inf
465802,inf
493541,0.0
134611,inf
370671,inf
510959,inf
673431,inf
266910,inf
98973,inf
705419,inf
577307,0.0
226890,inf
9112,inf
545683,0.0
252400,0.0
65523,inf
53492,inf
477959,inf
90246,inf
553392,inf
616446,inf
589753,inf
296823,inf
8252,inf
176601,0.0
216666,inf
642556,inf
507393,0.0
499075,inf
467790,inf
367169,inf
59578,inf
27246,0.0
563198,inf
294241,inf
267065,inf
164522,0.0
440647,inf
662250,inf
216215,0.0
302780,inf
70015,inf
3828,inf
282448,0.0
679555,0.0
156833,inf
257154,0.0
117762,inf
334613,inf
368642,inf
127552,inf
580810,0.0
199214,0.0
132261,inf
11171,inf
708811,inf
279099,inf
332494,0.0
58757,inf
220137,inf
521850,inf
16228,inf
82319,0.0
383987,inf
2929,inf
214005,inf
90366,0.0
494640,0.0
641078,inf
703073,inf
196694,inf
80374,inf
425570,inf
328307,inf
444291,inf
101960,inf
397037,inf
502360,0.0
506117,inf
426400,0.0
23364,inf
601786,inf
160429,inf
393366,inf
678980,inf
534027,0.0
316865,inf
543298,inf
453561,inf
100946,0.0
493236,inf
30548,0.0
422427,inf
707562,0.0
560996,inf
576789,inf
293820,0.0
609735,inf
199123,inf
551462,inf
523694,inf
158186,0.0
648130,inf
461145,0.0
302055,inf
157463,0.0
136656,inf
58789,inf
595547,inf
497873,inf
585532,inf
463229,0.0
96237,inf
165095,0.0
384543,0.0
566950,inf
483063,inf
118919,0.0
175242,0.0
698339,inf
588879,0.0
243082,inf
10373,inf
564413,inf
437569,inf
588685,inf
5561,0.0
93257,inf
209175,inf
306802,inf
144813,inf
249509,inf
477300,inf
278170,inf
235422,inf
189859,inf
228061,inf
513323,inf
664429,inf
142207,inf
510898,inf
231565,inf
241311,inf
643007,0.0
615470,inf
405231,inf
671377,inf
687812,inf
229368,inf
118153,inf
50423,inf
302505,inf
36645,0.0
398112,inf
693419,inf
171221,inf
289398,inf
127002,inf
538393,0.0
419351,inf
346098,inf
647669,inf
88345,inf
570185,0.0
136532,inf
27258,inf
606207,0.0
120406,inf
218545,inf
662149,inf
456642,inf
322290,inf
405617,inf
701186,0.0
111215,inf
147170,inf
371254,inf
315121,inf
450153,inf
223464,inf
121541,inf
288670,inf
449658,inf
568543,inf
244229,inf
262797,0.0
388948,inf
61831,inf
257047,0.0
286480,inf
172951,inf
43506,inf
12438,0.0
708504,inf
629241,inf
574740,inf
629994,0.0
165523,inf
594641,inf
523504,0.0
186127,inf
341735,inf
476916,inf
507201,0.0
361817,inf
468057,inf
368242,inf
49182,inf
252952,inf
323096,inf
249393,inf
491855,inf
234267,inf
95223,inf
409101,0.0
683200,inf
309229,0.0
39701,inf
612528,inf
618856,inf
570014,inf
373346,inf
167093,inf
677942,inf
207317,0.0
516013,inf
379188,inf
149829,inf
642415,0.0
621242,inf
616109,inf
588214,inf
462086,inf
171285,inf
401773,inf
36245,inf
556944,inf
136871,inf
108640,inf
394146,inf
672238,inf
204647,inf
603794,0.0
556713,inf
359015,inf
143181,inf
360765,inf
574880,inf
581608,inf
99278,inf
626669,inf
436295,0.0
409681,inf
28870,inf
308126,inf
55182,inf
233170,inf
351458,inf
504507,inf
172860,inf
231502,inf
19571,inf
8869,inf
621650,inf
671213,0.0
184938,inf
102276,inf
91479,inf
259077,0.0
93378,inf
345480,inf
91976,inf
288038,inf
346872,inf
449559,inf
665848,inf
374548,inf
214204,0.0
565630,inf
308223,inf
294591,inf
318048,inf
475767,0.0
138736,inf
591288,inf
705790,inf
5384,inf
471617,inf
709790,inf
82654,0.0
29195,inf
145511,inf
478713,inf
108365,inf
298586,0.0
705709,0.0
602419,inf
447633,inf
654498,inf
582198,inf
305959,inf
181628,inf
612237,inf
365215,inf
391746,inf
262742,inf
79293,inf
456818,inf
579469,inf
397488,inf
494237,0.0
556357,inf
442436,inf
20584,inf
588131,inf
600804,0.0
612659,inf
660936,inf
112249,inf
485622,inf
442339,inf
151949,inf
217783,inf
331101,0.0
676301,inf
392406,0.0
138619,inf
524127,0.0
644377,inf
92933,inf
682991,inf
684647,0.0
467822,inf
691818,inf
618850,inf
398431,0.0
677164,0.0
14602,inf
302957,inf
230224,inf
334172,0.0
75890,0.0
326696,0.0
32942,inf
389706,inf
233086,inf
33525,inf
232756,inf
641749,inf
295335,0.0
440029,inf
219932,inf
126664,0.0
673884,inf
30019,inf
471609,inf
660633,inf
62181,inf
291291,inf
369169,inf
687234,inf
328555,inf
699111,inf
432477,0.0
648695,0.0
467682,inf
587307,inf
88290,inf
617626,inf
185427,inf
228284,inf
123071,inf
297175,0.0
556299,inf
530498,inf
681368,0.0
448741,inf
162442,inf
597314,inf
496555,inf
66985,inf
364466,0.0
366857,inf
470112,0.0
491489,inf
27935,0.0
545761,inf
345038,inf
671656,inf
374471,inf
140368,inf
508564,inf
578300,inf
437621,0.0
383052,inf
59505,inf
301630,0.0
232576,inf
370830,inf
21842,inf
316344,inf
593539,inf
448665,inf
285613,inf
333699,0.0
507912,inf
321257,inf
154891,0.0
681064,inf
648147,inf
51683,inf
113097,inf
547117,inf
292595,inf
344433,0.0
609074,inf
566891,inf
203158,0.0
78494,inf
212833,inf
381317,0.0
59844,inf
383038,inf
620577,inf
301080,inf
406887,inf
269564,inf
604928,inf
621962,inf
390972,0.0
197528,inf
147452,inf
47610,0.0
112413,inf
398548,inf
353729,inf
477929,inf
510615,inf
589768,inf
255102,0.0
256405,inf
237553,inf
626475,inf
156149,inf
167395,0.0
578157,inf
565293,inf
49587,inf
54398,0.0
695972,inf
696722,inf
281749,inf
225994,inf
391685,inf
554375,inf
70203,inf
205550,0.0
406747,inf
314057,inf
578935,inf
567986,inf
352885,0.0
20483,0.0
53596,inf
591204,inf
43284,0.0
298491,inf
318893,inf
175468,inf
549591,inf
465604,inf
586778,inf
454797,inf
397178,inf
465144,inf
125121,0.0
642345,inf
573794,inf
473866,inf
574416,inf
13885,inf
467906,inf
87766,0.0
84880,0.0
220268,0.0
230379,inf
75423,inf
199251,inf
603467,inf
342032,inf
592624,inf
615669,inf
548417,inf
477603,inf
200728,inf
176576,0.0
82890,inf
431113,inf
105232,inf
533881,0.0
704053,inf
563928,inf
631730,inf
375856,inf
195089,inf
383906,inf
427113,inf
506398,inf
105826,0.0
253293,inf
72461,inf
52604,inf
137442,inf
594109,inf
436465,inf
545723,0.0
289930,inf
448119,inf
570088,inf
73417,inf
350663,inf
382406,0.0
199818,0.0
75076,inf
163560,inf
400783,inf
265187,inf
74400,0.0
492232,inf
445066,inf
353458,0.0
506914,inf
518225,inf
317834,inf
498536,inf
74031,inf
451471,inf
482810,inf
562403,inf
703025,inf
91116,inf
210828,inf
560856,inf
433294,0.0
649441,inf
179183,inf
513415,inf
492733,0.0
651788,0.0
374446,inf
187322,0.0
375838,inf
319696,inf
567103,inf
299258,inf
597101,inf
542936,inf
656066,inf
430480,inf
524111,inf
278931,inf
545354,inf
116528,inf
19016,inf
665145,inf
650423,inf
58891,inf
480721,inf
433058,inf
2051,inf
274972,inf
404666,inf
316072,0.0
604150,inf
254344,inf
37696,inf
243807,inf
419035,inf
254196,inf
404279,inf
552373,inf
378347,0.0
572219,inf
353019,inf
150565,inf
339534,0.0
23146,inf
535437,inf
437563,inf
410359,inf
398849,inf
446143,inf
311377,inf
111102,0.0
265998,inf
375385,inf
421193,inf
269857,inf
279349,inf
449687,inf
509301,inf
264445,inf
512818,0.0
151851,inf
624341,inf
638182,0.0
433538,inf
666090,inf
709050,inf
163855,inf
557751,inf
385829,inf
480271,0.0
478468,inf
606506,0.0
519193,inf
386388,inf
351614,inf
351422,inf
650822,inf
566961,inf
493582,inf
518626,0.0
8621,inf
517001,inf
490681,0.0
344858,inf
211728,inf
378870,inf
31526,inf
15156,0.0
522413,0.0
588867,inf
698210,inf
113622,inf
15234,0.0
612542,inf
305095,inf
274544,inf
707620,inf
199759,inf
437039,0.0
321981,inf
598962,inf
385034,inf
221232,inf
236381,inf
222183,inf
329310,inf
263725,inf
288661,inf
419664,inf
564932,inf
645920,inf
497445,inf
146578,inf
62857,inf
551552,inf
357622,inf
15242,0.0
622516,inf
78313,inf
204378,0.0
692046,inf
59597,inf
146573,inf
428350,inf
509217,inf
667798,inf
209633,inf
624575,inf
259484,inf
339847,inf
301332,inf
277471,inf
405213,0.0
561382,inf
249293,inf
584934,inf
585700,inf
678867,inf
535808,0.0
272286,inf
169365,0.0
452847,inf
554696,inf
52187,inf
340378,inf
142580,inf
149394,inf
454796,inf
491551,inf
384566,inf
466536,inf
688545,inf
112420,0.0
569252,inf
140438,inf
407480,inf
195984,inf
151576,inf
426454,inf
16921,inf
344995,inf
197810,inf
392188,inf
478316,inf
427916,inf
381741,0.0
606798,inf
333345,inf
174869,inf
64328,inf
286075,inf
193534,inf
174891,inf
430506,inf
100288,inf
66968,inf
411227,inf
17626,inf
178646,inf
483232,inf
155992,0.0
73528,inf
603045,inf
650264,inf
498828,inf
640227,inf
223025,inf
545641,inf
300060,inf
458863,0.0
18125,0.0
290536,inf
577372,inf
546367,inf
457724,inf
507346,inf
601727,inf
478974,inf
308918,inf
277240,inf
350630,inf
554479,inf
513161,inf
586285,inf
134477,inf
164754,inf
395585,0.0
422004,inf
326351,inf
200889,inf
293153,inf
133934,inf
628643,0.0
589162,inf
250308,inf
215550,inf
710067,0.0
652539,inf
534882,inf
391330,inf
85778,inf
528582,inf
541891,inf
393428,inf
202332,0.0
246318,inf
54719,0.0
169433,0.0
495296,inf
46654,inf
317949,inf
208250,inf
319470,inf
50652,inf
11594,inf
541136,inf
480371,inf
100305,inf
394138,inf
442334,inf
453249,inf
141115,inf
161604,inf
706278,inf
283926,inf
461265,inf
348708,inf
475334,inf
531954,inf
43899,inf
611704,inf
509122,inf
17787,0.0
282586,inf
673527,0.0
240630,inf
379863,inf
2305,inf
331707,inf
245811,inf
445946,0.0
146097,inf
160396,0.0
616499,inf
485342,inf
429728,inf
168492,inf
690589,inf
71800,inf
356856,inf
395993,inf
708554,inf
673954,inf
699703,inf
50217,inf
194329,inf
587723,inf
293653,inf
292629,inf
664806,inf
114392,inf
368721,0.0
399093,inf
661144,inf
628686,inf
583023,inf
402619,inf
132008,inf
123309,0.0
408253,inf
427048,0.0
166764,inf
548841,inf
618385,inf
229313,inf
19,inf
201640,inf
626612,inf
392287,inf
398967,inf
127780,inf
365021,0.0
216962,inf
543858,inf
468667,inf
54564,inf
340624,inf
88863,0.0
354323,inf
265282,inf
482584,0.0
378065,inf
269276,inf
416202,0.0
292702,inf
663631,inf
152948,inf
523679,inf
60714,inf
596050,inf
568323,inf
627930,inf
303748,inf
361063,inf
673788,inf
220108,inf
19502,inf
287105,inf
283647,inf
161762,inf
454007,inf
461302,inf
130833,inf
455898,inf
594321,inf
620770,inf
399813,inf
211170,inf
46167,inf
35844,inf
360541,inf
432423,inf
615463,inf
520474,inf
628622,inf
534650,inf
620846,inf
435790,inf
546172,inf
596981,inf
549585,inf
462635,inf
461096,inf
67939,inf
494260,inf
284925,inf
423018,inf
304961,inf
596444,inf
352839,inf
606049,inf
2435,inf
123031,inf
632744,0.0
173007,inf
139119,inf
319206,0.0
418912,inf
311757,inf
498779,inf
353940,inf
149739,0.0
73308,0.0
685005,inf
91471,inf
611562,inf
348929,inf
345320,inf
341589,inf
357413,inf
265960,inf
35257,inf
32552,inf
399464,inf
46230,inf
280765,inf
321636,inf
601742,inf
132758,0.0
15404,0.0
217239,inf
253600,inf
294023,inf
654379,inf
210278,inf
123105,inf
535173,inf
413547,0.0
364911,inf
515228,inf
290911,inf
287270,inf
693854,inf
92410,inf
478250,inf
310441,0.0
86200,0.0
508987,inf
224914,0.0
632383,inf
53210,0.0
381918,inf
173212,inf
613540,inf
32022,inf
30225,inf
360498,inf
461053,0.0
611984,inf
364787,inf
77253,inf
50764,0.0
513270,inf
83279,inf
296747,0.0
161787,inf
282092,inf
685922,inf
420796,inf
504851,0.0
682353,inf
672374,inf
465692,inf
643741,inf
403703,inf
478180,0.0
428050,inf
120375,inf
239522,0.0
99006,inf
124892,inf
158834,0.0
66477,inf
472221,inf
321503,inf
647271,inf
96286,inf
45133,0.0
97601,0.0
629504,0.0
423253,inf
707608,inf
50117,inf
314000,inf
180000,inf
334502,inf
326150,inf
243263,inf
459928,inf
611941,inf
478001,inf
694859,0.0
531746,inf
326456,inf
303475,inf
679199,inf
322312,inf
616563,inf
442755,inf
187764,inf
536018,inf
554598,inf
83062,0.0
433027,inf
299064,inf
381357,0.0
587377,inf
692503,0.0
495704,inf
260155,0.0
207471,0.0
445561,inf
567444,inf
687820,inf
298672,inf
251215,inf
241267,inf
351496,inf
581684,0.0
74443,inf
473683,inf
630474,inf
520206,inf
169539,inf
428713,inf
572159,inf
609173,inf
502034,inf
272226,inf
471203,inf
220065,inf
126265,0.0
416059,inf
175073,inf
604923,inf
27830,inf
98978,0.0
367545,inf
624378,inf
584732,inf
40855,inf
516026,inf
43778,inf
112613,inf
461241,inf
614595,inf
169410,inf
615184,inf
19436,inf
4977,inf
96218,inf
427119,inf
241515,inf
700781,inf
3209,inf
140646,inf
219786,inf
271769,inf
290624,inf
422520,inf
26787,inf
293198,inf
565226,inf
372628,0.0
267979,inf
497830,inf
466608,inf
86459,inf
54524,inf
615232,inf
216910,inf
391007,inf
269292,inf
680453,inf
413642,inf
470911,inf
279806,inf
503017,inf
279075,inf
180156,0.0
281044,inf
263392,inf
27765,inf
669655,inf
426502,inf
629982,inf
400326,inf
74751,inf
204300,inf
200999,inf
97523,inf
185852,inf
451231,inf
475775,0.0
300245,inf
212964,inf
652535,inf
33763,inf
666432,inf
70255,0.0
316119,inf
453452,0.0
297565,inf
389270,inf
294778,inf
315703,inf
532732,inf
615650,inf
296675,inf
175722,inf
160801,0.0
596916,0.0
692082,inf
523756,inf
541830,0.0
661953,inf
437202,inf
396029,inf
23477,inf
489103,inf
511475,inf
374176,inf
559781,0.0
97262,inf
621567,inf
672575,inf
56960,inf
375321,0.0
334113,inf
600576,0.0
620665,inf
300565,inf
519133,inf
346774,inf
266947,0.0
430241,inf
686367,inf
293437,inf
173454,inf
412014,inf
615796,inf
85213,0.0
232772,inf
553689,0.0
93686,inf
263616,inf
359547,inf
507112,inf
315093,inf
196938,inf
628565,inf
15771,inf
376414,inf
325025,0.0
530924,inf
410670,0.0
495123,inf
397067,inf
590114,inf
459001,inf
627982,inf
684856,inf
693828,inf
3600,inf
535421,inf
505907,inf
26611,inf
143930,0.0
528157,0.0
442830,inf
702656,0.0
231089,inf
54360,inf
168766,inf
142730,inf
299797,inf
528770,inf
694657,inf
109905,0.0
177767,inf
193815,inf
686846,inf
527162,inf
659153,inf
511972,inf
301223,inf
505442,inf
498273,inf
329164,inf
23894,inf
107659,inf
406833,inf
153930,inf
544865,inf
172089,inf
373950,inf
517254,inf
520496,inf
680058,inf
319286,inf
356991,inf
617580,inf
69492,inf
26228,0.0
200646,inf
599317,inf
389467,inf
327896,0.0
407100,0.0
403568,inf
37729,inf
321101,inf
331609,inf
524237,inf
544562,inf
466272,inf
5765,inf
327534,inf
354954,inf
356303,inf
620892,inf
168384,inf
40673,0.0
710605,inf
37845,inf
596979,inf
303283,inf
96613,inf
617731,0.0
265737,inf
470190,inf
241693,inf
130815,inf
556531,inf
64316,inf
214227,inf
478624,0.0
571247,0.0
388969,inf
162055,0.0
280081,inf
182802,inf
320447,0.0
709373,0.0
272256,inf
226794,0.0
668204,inf
143832,inf
560044,inf
501503,inf
256774,inf
709123,inf
426352,inf
67786,inf
114041,inf
375954,0.0
639589,inf
52905,inf
51654,inf
619779,inf
710125,inf
267461,inf
55232,inf
454334,inf
181181,inf
416604,inf
616068,inf
297093,inf
418078,inf
148563,0.0
265950,inf
191040,inf
600062,inf
64944,inf
349531,inf
357619,inf
432926,inf
536054,inf
549846,inf
314298,inf
78770,0.0
64240,inf
405273,0.0
531006,inf
424984,inf
411972,inf
218865,inf
50084,inf
689359,inf
347884,0.0
701233,inf
581900,inf
179718,inf
427689,inf
202060,inf
143634,inf
74072,inf
47365,0.0
115118,inf
533667,inf
616379,inf
544223,inf
662241,0.0
322581,inf
588549,inf
324417,inf
46474,inf
320735,inf
434960,0.0
212673,inf
499783,inf
649367,inf
366834,inf
598739,inf
605480,inf
523410,inf
81262,inf
364573,inf
380432,inf
594842,inf
411136,inf
521944,inf
184055,inf
619889,inf
710526,inf
224120,0.0
641277,0.0
375745,inf
430287,inf
571357,inf
168866,inf
620555,0.0
465192,inf
132539,inf
462701,inf
592796,inf
59373,inf
703697,inf
696831,inf
571407,inf
547025,0.0
688191,0.0
433540,inf
429129,inf
518267,inf
562525,inf
348920,inf
274083,inf
636449,inf
234590,inf
447653,0.0
700758,inf
194002,0.0
266268,inf
662265,0.0
376618,inf
231135,inf
397122,inf
510294,inf
357447,inf
53226,inf
447307,inf
2890,inf
672326,inf
22025,inf
77687,inf
112302,inf
30666,inf
354974,0.0
629404,inf
370970,0.0
132629,inf
398395,inf
575063,inf
587909,inf
193794,inf
35838,0.0
368085,inf
94215,inf
525429,inf
424641,inf
470194,inf
25345,inf
606695,inf
306672,inf
278419,inf
596540,inf
131264,0.0
61353,0.0
223691,inf
272745,inf
121058,inf
148288,inf
23558,0.0
259246,inf
611841,0.0
446390,inf
187958,inf
80389,inf
128648,inf
451432,inf
369475,inf
607344,inf
568874,inf
313141,inf
435227,inf
190631,inf
425492,0.0
175586,inf
447158,inf
290844,inf
434030,inf
246050,0.0
31258,inf
483181,inf
404012,inf
106023,inf
288684,inf
233242,inf
80375,inf
411131,inf
360873,inf
219632,inf
616750,inf
291014,0.0
244690,inf
536834,inf
105212,0.0
255801,0.0
65858,inf
585292,inf
589044,0.0
704530,0.0
400086,inf
80816,inf
308220,0.0
329298,inf
571266,inf
625830,0.0
127246,inf
690161,inf
691897,inf
424758,inf
130453,inf
416465,inf
64134,inf
160470,inf
44412,inf
288927,inf
256925,inf
302423,inf
113318,inf
686509,inf
433496,inf
249241,inf
41531,inf
276761,inf
211851,inf
551431,inf
613272,0.0
642089,inf
446265,0.0
532839,inf
441517,inf
703066,inf
327332,inf
655983,inf
686661,inf
224750,0.0
212831,0.0
485821,inf
313239,inf
147798,inf
341822,0.0
267798,inf
143065,inf
382014,inf
25115,inf
195439,inf
120398,inf
352884,inf
161573,0.0
54578,inf
45428,inf
225917,0.0
572987,inf
582138,inf
153833,inf
70470,inf
562162,0.0
208688,inf
23446,inf
488203,inf
573542,inf
501391,inf
437379,inf
531823,0.0
591454,inf
88956,inf
122421,inf
646365,inf
290992,inf
121015,inf
565207,inf
559398,inf
36775,inf
33880,inf
561895,inf
315025,inf
501990,inf
439512,inf
33494,inf
642669,0.0
226801,inf
680062,inf
181381,inf
174884,inf
196971,inf
340300,inf
628388,0.0
100124,inf
516092,0.0
3175,inf
225309,inf
701663,inf
91000,inf
263570,inf
631769,inf
11899,inf
51403,inf
256919,inf
611698,inf
477111,inf
687940,inf
59827,inf
38264,inf
461204,inf
349007,0.0
654137,0.0
326278,inf
297132,0.0
217701,inf
458527,0.0
430722,inf
542753,inf
24852,inf
95579,inf
415987,0.0
669606,inf
702750,inf
542858,inf
497715,inf
148878,0.0
467490,inf
54598,inf
423450,0.0
12869,inf
471312,inf
673452,inf
4366,inf
540924,inf
188575,inf
565068,inf
49743,inf
147077,inf
257201,inf
23334,0.0
194132,inf
482166,inf
63747,inf
482675,0.0
212010,inf
421498,inf
432421,inf
458636,inf
517203,inf
391016,inf
405727,inf
504847,inf
68271,inf
310818,0.0
16042,inf
640673,0.0
83650,inf
395858,inf
48226,inf
392671,0.0
229037,0.0
632520,inf
277729,inf
361573,inf
273322,inf
118983,inf
547349,inf
387827,inf
691558,inf
58317,inf
537419,inf
4434,inf
134712,inf
236435,inf
541302,inf
366235,inf
178063,inf
493579,inf
326518,inf
5032,inf
189392,inf
189375,inf
317879,inf
23726,0.0
588383,inf
204726,inf
302340,inf
599222,inf
535716,inf
680372,0.0
241572,inf
561845,inf
628015,inf
394697,inf
163418,0.0
138560,inf
424384,inf
488983,0.0
204241,inf
625339,inf
14086,inf
702710,inf
710138,inf
186735,inf
254917,inf
609447,inf
81115,inf
414019,inf
32865,inf
676345,inf
682528,inf
687333,inf
634258,inf
169533,inf
454892,inf
575350,inf
686955,inf
303010,inf
707802,inf
139975,inf
704769,inf
579869,0.0
146751,inf
114124,inf
410036,inf
677553,inf
639042,inf
629766,0.0
177349,0.0
459947,inf
557282,inf
352503,inf
628788,inf
300124,inf
301614,inf
171424,inf
392653,inf
554801,inf
576473,inf
171289,inf
342884,inf
167996,0.0
260468,inf
688026,0.0
46640,0.0
154128,inf
41241,inf
312150,inf
288872,inf
514205,inf
301595,inf
461588,inf
622163,inf
418808,inf
89743,inf
324816,inf
3910,inf
327446,inf
268276,inf
320173,0.0
126152,0.0
605750,inf
376673,inf
157170,inf
400534,inf
375414,inf
51680,0.0
644657,inf
592468,inf
648305,inf
316333,inf
542166,inf
636180,inf
211465,inf
78567,inf
536453,inf
139595,inf
314773,inf
709306,inf
447529,inf
669833,inf
616028,inf
474144,inf
501309,inf
233052,0.0
273349,inf
344763,0.0
389602,0.0
131298,inf
591396,inf
570728,inf
518827,inf
427805,inf
201341,inf
637359,inf
281867,inf
23579,inf
369572,inf
146666,0.0
497973,inf
695243,inf
44203,0.0
379097,inf
680680,inf
24753,inf
340997,inf
459920,0.0
159678,inf
487882,inf
4870,0.0
307879,0.0
146856,inf
237005,inf
556563,inf
30556,inf
699562,inf
112460,inf
542651,inf
88963,inf
138658,inf
538067,inf
330430,0.0
300251,inf
600021,inf
28280,inf
240192,inf
19277,inf
603657,inf
131029,inf
343385,inf
622777,inf
208529,inf
118047,inf
157949,inf
605316,0.0
519937,inf
698323,inf
199566,inf
436968,inf
31140,inf
574595,inf
8215,inf
311759,inf
640874,inf
273608,0.0
332545,inf
580332,0.0
106897,inf
662654,inf
16203,inf
175479,inf
386823,inf
546158,inf
122412,inf
699081,inf
263224,inf
169319,inf
130840,inf
97305,0.0
532132,inf
93471,inf
592664,inf
701136,inf
160869,inf
449730,inf
212629,inf
587882,inf
498368,0.0
532450,inf
655774,inf
299948,inf
487072,inf
28347,inf
249452,inf
102902,inf
597335,inf
94865,inf
435688,inf
661640,0.0
602844,0.0
73695,inf
99885,inf
569363,inf
282257,inf
399236,inf
86229,inf
36529,inf
608943,inf
387723,inf
519613,0.0
444649,inf
233245,0.0
664313,inf
707548,inf
596701,inf
255933,inf
495491,inf
398446,inf
102537,inf
410190,inf
373349,inf
341096,inf
471754,0.0
59466,inf
205712,inf
214382,inf
659779,inf
272830,inf
210952,inf
407998,inf
8897,inf
487622,inf
95683,inf
9811,inf
368844,0.0
252301,inf
645091,inf
502681,inf
304792,inf
705178,inf
224268,inf
322814,0.0
50399,inf
119985,inf
497894,inf
42897,inf
66020,inf
311528,inf
677949,0.0
240102,0.0
140290,inf
672650,inf
696424,inf
672562,inf
425502,inf
556609,inf
706014,inf
469218,inf
232429,inf
330172,inf
303099,inf
598570,inf
46235,inf
511133,0.0
656537,inf
53014,inf
561846,inf
437174,inf
167895,inf
209818,inf
226147,inf
131257,0.0
300439,inf
94522,inf
14725,inf
98020,inf
58380,0.0
544832,inf
448372,inf
196606,inf
595379,inf
647888,inf
44181,0.0
358304,inf
529091,inf
132084,inf
471632,0.0
93450,0.0
273721,inf
642346,inf
501216,inf
163859,inf
65299,inf
504363,inf
16792,inf
404744,inf
102261,0.0
507544,inf
323400,inf
113688,inf
238941,inf
395848,inf
310296,inf
190272,inf
76542,inf
344899,inf
161318,inf
66987,inf
659241,inf
82164,0.0
128066,inf
683029,inf
560419,inf
34693,inf
608419,inf
622737,0.0
573468,inf
456009,0.0
235972,inf
502748,inf
451396,inf
426728,inf
500252,0.0
131440,inf
707847,inf
15588,inf
286441,inf
327123,inf
306090,inf
186204,inf
494648,inf
460018,0.0
658349,inf
189093,inf
487410,inf
474791,0.0
423511,inf
419176,inf
618745,inf
585354,inf
586787,inf
220626,inf
412520,inf
652079,inf
117817,inf
427101,inf
450677,inf
248961,inf
36799,inf
191732,inf
33141,inf
45795,inf
371962,inf
644689,0.0
582667,inf
501383,inf
52387,inf
512777,0.0
262004,0.0
145882,inf
420333,inf
275901,0.0
115878,inf
368720,0.0
108862,inf
309118,inf
196954,inf
22027,inf
581479,inf
456284,inf
9881,inf
330756,inf
375695,inf
203956,inf
362213,inf
71734,inf
272988,inf
416312,inf
592454,inf
83273,inf
250460,inf
681452,inf
162113,inf
233228,inf
64915,inf
134370,inf
156599,inf
94261,inf
29432,0.0
339523,inf
60668,inf
145937,inf
608937,inf
369759,inf
466566,inf
558220,inf
310006,inf
17169,inf
313352,inf
52881,inf
155461,inf
637867,inf
629641,0.0
570786,inf
98644,inf
640179,inf
369809,inf
31016,inf
665484,inf
573247,inf
573049,inf
370352,inf
563674,inf
698792,inf
298120,0.0
530,inf
311405,inf
711129,inf
296092,inf
400615,inf
546202,inf
429982,inf
666686,inf
565844,inf
116077,0.0
54415,inf
203900,inf
652457,inf
436423,inf
330247,inf
226937,inf
220575,0.0
390209,inf
65895,inf
111356,0.0
502805,0.0
449992,inf
303153,inf
518955,inf
670533,inf
591329,inf
450520,inf
105731,0.0
607796,inf
223296,inf
355663,inf
88604,inf
655694,0.0
367686,0.0
201099,0.0
424460,inf
604856,inf
268081,inf
82424,0.0
649684,0.0
407022,0.0
673036,inf
239854,inf
514904,inf
101351,inf
242225,inf
178563,inf
507662,inf
404754,inf
654681,inf
278124,inf
35170,inf
667264,inf
488962,inf
408101,0.0
31172,inf
159816,inf
157495,0.0
225282,inf
197780,0.0
139596,inf
572367,inf
605171,0.0
50531,inf
20189,inf
692751,inf
520179,inf
625436,inf
46362,0.0
388112,0.0
228473,inf
655835,inf
63898,inf
603426,inf
404621,0.0
308019,inf
244126,inf
245887,inf
250781,inf
587441,inf
34503,inf
179193,inf
257509,inf
639940,inf
634347,inf
127092,inf
166078,inf
33056,inf
446261,inf
330068,inf
59564,inf
399728,inf
247806,inf
522713,inf
478202,inf
32064,0.0
601351,inf
126989,inf
142865,inf
148812,inf
419026,inf
313399,inf
17761,0.0
449681,inf
476855,inf
636259,inf
328382,inf
475121,inf
568333,inf
111919,0.0
301349,inf
22933,0.0
654601,inf
465635,inf
429231,inf
502415,inf
337627,inf
414790,inf
484819,inf
315950,inf
172947,0.0
436990,inf
557089,0.0
572172,inf
613460,inf
495833,inf
90098,0.0
137560,inf
384608,0.0
354500,inf
416663,inf
373701,inf
31613,inf
577455,inf
471879,inf
74649,inf
463428,0.0
189634,inf
398407,inf
423190,0.0
229951,0.0
237788,inf
467972,0.0
181717,inf
228524,inf
293366,inf
297510,inf
53445,inf
344559,inf
539134,inf
518084,0.0
44034,0.0
54031,inf
348299,inf
233948,inf
614764,inf
186614,inf
405494,inf
558837,inf
500406,inf
395616,inf
4474,inf
362795,inf
654285,inf
685240,inf
21220,inf
52911,inf
581066,inf
312512,0.0
536297,0.0
143118,inf
45261,inf
463555,inf
324965,inf
424828,inf
542763,inf
599611,inf
605820,inf
280360,inf
68443,inf
397123,inf
194146,inf
690933,inf
411212,inf
357927,inf
263393,inf
331358,inf
235417,inf
139333,inf
295939,inf
456867,inf
592342,inf
588323,inf
558540,inf
635468,inf
452947,inf
375077,inf
173120,inf
681674,inf
276772,0.0
55132,inf
667130,inf
505155,inf
375025,inf
620121,inf
173580,inf
107738,inf
549030,inf
616542,inf
250971,inf
43009,inf
122127,inf
571588,inf
450634,inf
487777,0.0
528957,0.0
475503,inf
200689,inf
446860,0.0
141473,0.0
16523,inf
268557,0.0
82310,inf
455092,inf
707251,inf
285706,inf
59921,0.0
319971,inf
600,inf
60451,inf
424436,inf
135471,inf
443776,inf
449280,inf
112205,0.0
132494,inf
263605,inf
67429,inf
345039,inf
262792,0.0
300230,inf
160181,inf
254350,0.0
436819,0.0
570007,inf
291908,inf
353271,0.0
615514,0.0
14566,inf
452963,0.0
416056,inf
625539,inf
172746,0.0
601741,inf
163459,inf
479614,inf
623145,inf
1430,inf
388286,inf
179430,0.0
230998,inf
706011,0.0
627049,inf
434059,0.0
339999,0.0
463760,inf
699646,0.0
614450,inf
84697,inf
66348,inf
692390,inf
489216,inf
345154,inf
535740,inf
25324,inf
653519,0.0
704901,inf
256593,inf
407379,inf
538375,inf
294000,inf
588,inf
326746,inf
635927,inf
189770,inf
696964,inf
69562,inf
340401,inf
169637,inf
430536,inf
496038,inf
450475,inf
497278,inf
331466,inf
160621,0.0
209851,inf
667184,inf
475822,inf
184557,0.0
676086,inf
161346,inf
689734,inf
635690,0.0
645378,inf
666252,inf
319333,0.0
284001,inf
382764,inf
686975,0.0
573937,inf
507825,0.0
365680,0.0
224713,inf
132634,inf
386699,inf
40584,inf
478619,inf
48923,inf
21355,0.0
616784,0.0
186761,inf
359347,inf
124971,inf
391274,inf
276227,inf
457771,0.0
614031,0.0
169028,inf
683066,inf
612331,inf
473875,inf
413846,inf
353061,inf
641883,inf
246278,inf
372238,inf
624129,inf
110643,0.0
272198,inf
234462,inf
694799,inf
16824,inf
265654,inf
524317,0.0
88107,inf
236111,inf
279808,inf
670392,inf
413502,inf
368197,inf
626231,inf
150448,inf
98480,inf
207515,inf
480469,0.0
358542,inf
126981,inf
252238,inf
411824,inf
375415,inf
706883,inf
518115,inf
652992,inf
564475,inf
652499,inf
136726,inf
563251,inf
190938,0.0
357288,inf
32530,inf
536164,inf
525069,0.0
341995,inf
139196,0.0
391250,inf
128215,inf
167053,inf
42777,inf
708713,inf
50474,inf
21580,inf
155986,inf
492953,inf
682230,inf
445851,inf
294432,inf
587797,inf
339931,0.0
589713,inf
231696,inf
647158,inf
258026,0.0
330457,inf
647468,inf
430202,inf
484432,inf
409769,inf
15902,inf
226403,inf
619327,inf
627880,inf
29261,inf
711408,inf
602672,inf
539072,inf
678201,inf
472552,inf
96104,inf
292090,inf
509386,inf
85578,inf
597893,inf
23003,inf
653312,inf
441274,inf
135097,inf
76231,0.0
500488,inf
248435,inf
200207,0.0
711253,inf
434008,inf
388813,inf
271642,0.0
334583,inf
177506,inf
421269,inf
469741,inf
104640,0.0
12312,inf
576004,inf
676471,inf
97635,inf
95327,0.0
652249,inf
229672,inf
133184,inf
621474,0.0
212957,inf
552867,inf
507492,inf
75745,0.0
277778,inf
270344,inf
101486,inf
696029,0.0
701876,inf
142300,0.0
236359,inf
157978,inf
584384,inf
332496,inf
491575,inf
265596,inf
491817,inf
403726,inf
152869,0.0
605570,0.0
575306,inf
661468,inf
303982,inf
491729,inf
660008,inf
462227,inf
655692,inf
378508,inf
14669,0.0
426308,inf
128971,inf
674460,inf
457865,inf
152323,inf
380334,inf
289896,inf
64737,inf
458840,inf
250554,0.0
400476,0.0
314711,inf
442100,inf
317291,inf
46215,inf
306087,0.0
653303,inf
389575,0.0
607015,inf
211314,inf
362216,inf
107436,0.0
348534,inf
96413,0.0
268974,inf
572107,inf
176905,inf
573554,inf
323436,inf
265915,inf
432919,inf
601988,inf
565616,inf
687169,inf
140422,inf
402604,inf
296965,inf
219350,inf
291888,inf
60276,inf
334697,inf
77371,0.0
126395,inf
189590,inf
55811,inf
237363,inf
297454,inf
355187,inf
401532,0.0
460533,inf
143107,inf
695498,inf
599629,inf
488444,inf
534519,inf
303937,inf
622446,inf
669105,inf
168472,0.0
642942,inf
171210,inf
104127,0.0
360031,inf
362112,inf
131189,inf
76466,inf
66721,inf
353767,0.0
710321,inf
203484,inf
455739,inf
337577,inf
344670,inf
556942,inf
287935,inf
23713,inf
535652,inf
78903,inf
695007,inf
132470,inf
670801,0.0
575837,inf
703478,inf
295735,inf
592962,inf
255893,inf
86093,inf
376710,inf
52040,inf
640437,inf
104390,inf
112632,inf
411494,inf
621083,0.0
440113,inf
339418,inf
172147,inf
173728,inf
401614,inf
504476,0.0
424979,inf
492858,inf
448089,inf
536551,inf
443960,0.0
273184,0.0
235159,inf
56975,inf
172535,inf
278667,inf
317082,inf
405509,inf
507108,inf
96458,inf
392585,0.0
33584,inf
165471,0.0
427093,inf
159806,inf
356238,inf
11838,inf
523258,0.0
198091,inf
420171,inf
560851,inf
567624,inf
633739,0.0
579351,inf
243344,inf
337690,inf
138682,0.0
427439,inf
306873,inf
97991,inf
561728,inf
368376,0.0
357853,inf
109419,inf
214554,inf
668817,inf
271459,inf
163737,inf
165521,inf
54589,inf
474971,inf
40811,inf
179088,inf
53051,inf
593460,inf
181302,0.0
85430,inf
482635,inf
564449,0.0
570255,inf
317601,inf
316626,inf
474239,inf
352833,inf
132413,inf
347940,inf
191857,inf
84747,inf
238285,inf
595234,inf
400013,inf
256317,0.0
364659,0.0
609425,inf
34491,inf
103331,inf
605306,inf
698637,inf
211814,inf
527704,inf
424934,inf
48442,inf
515593,0.0
373077,inf
391254,inf
520766,0.0
258809,0.0
58458,inf
460069,0.0
569800,inf
620095,inf
497986,0.0
76721,inf
381773,inf
483104,inf
1748,inf
90662,inf
320258,inf
358902,inf
111623,0.0
152900,0.0
286497,inf
251415,inf
49767,inf
144320,inf
528070,inf
331810,0.0
101580,inf
537400,inf
236480,inf
209017,0.0
408798,inf
686900,inf
416190,inf
150262,inf
459403,inf
656875,inf
298661,inf
125445,inf
291270,inf
389809,inf
475745,inf
517444,0.0
93648,0.0
135424,inf
67391,inf
592367,inf
105582,inf
364387,inf
181786,inf
425021,inf
170933,inf
297496,inf
89929,inf
375397,inf
531642,inf
555643,inf
178013,inf
186430,inf
627126,inf
205209,inf
1117,inf
678787,inf
528985,inf
408894,inf
514558,inf
35041,inf
350954,inf
532688,0.0
338933,inf
247045,0.0
347735,inf
448256,inf
396477,0.0
455332,0.0
220462,inf
132783,inf
238616,inf
412803,inf
508442,inf
435396,inf
413156,inf
375023,inf
141505,inf
361505,inf
387896,inf
434542,0.0
647553,0.0
416818,0.0
164900,inf
509263,inf
646686,inf
618487,inf
449344,inf
256454,inf
101798,inf
165732,inf
105987,inf
387114,inf
138850,inf
364932,inf
479996,0.0
72388,0.0
30823,inf
598859,inf
637177,inf
198256,inf
403786,0.0
391697,inf
465719,inf
27030,inf
361286,inf
34690,inf
128467,inf
349825,inf
657372,inf
702809,inf
613469,inf
574659,inf
361723,inf
614219,inf
169401,inf
178814,inf
116463,inf
431262,inf
240566,inf
630309,inf
66370,0.0
448974,inf
382909,inf
505658,0.0
13892,inf
411358,inf
254287,inf
122150,inf
519924,inf
21687,inf
614724,inf
665525,inf
682941,inf
150414,0.0
672620,inf
616927,inf
7573,inf
150671,inf
161451,0.0
573243,inf
223655,inf
284321,inf
556175,inf
99651,inf
188113,0.0
17703,0.0
245161,inf
660416,inf
500699,inf
454695,inf
658263,inf
406526,inf
350862,inf
110435,0.0
330556,0.0
398689,inf
298787,inf
554571,inf
109983,inf
371717,0.0
70812,inf
47384,inf
117646,inf
659346,inf
611209,inf
692485,inf
685814,inf
413570,inf
331517,inf
22435,inf
51666,0.0
186857,inf
514012,inf
563407,inf
274967,inf
19165,inf
50078,inf
58519,inf
321560,0.0
441311,inf
182258,0.0
376834,inf
494650,inf
620640,0.0
681956,inf
122945,inf
387710,inf
275962,inf
275870,0.0
417606,inf
63903,inf
616127,inf
42598,inf
407033,inf
218777,0.0
600489,inf
471040,inf
196761,inf
356798,0.0
348033,inf
248799,0.0
30059,inf
79398,inf
9705,inf
179681,inf
283217,inf
373996,inf
368477,inf
395835,inf
559881,inf
347412,0.0
387656,0.0
62592,inf
90552,inf
687643,inf
686840,inf
282413,inf
288264,inf
221023,0.0
58361,inf
262784,inf
207956,inf
182596,inf
226311,inf
391591,inf
653273,inf
365505,inf
301728,inf
31139,inf
276165,inf
383944,inf
269491,inf
286491,0.0
299753,inf
614805,inf
573387,0.0
512644,inf
399131,inf
125597,inf
21928,inf
13691,inf
159492,inf
560364,inf
20760,inf
429683,inf
364824,0.0
274837,inf
284953,inf
620070,inf
261353,inf
206692,inf
279185,inf
571433,0.0
344322,0.0
527707,inf
9522,inf
208584,0.0
437871,0.0
409032,inf
96820,inf
613510,inf
240523,inf
225792,inf
127721,inf
631637,inf
218300,inf
487224,inf
316606,inf
81970,inf
487411,inf
437589,0.0
344359,0.0
236629,inf
482969,inf
389476,inf
625002,inf
372590,inf
441248,inf
637606,inf
342994,inf
651449,inf
135243,inf
614041,inf
253688,inf
156887,inf
117486,inf
205884,inf
193437,inf
431982,0.0
445609,inf
328349,inf
711403,inf
179429,inf
406949,inf
419793,inf
683097,inf
348097,inf
602192,inf
7720,inf
233688,inf
206274,inf
488778,inf
614047,inf
694180,0.0
604044,inf
504959,inf
611306,inf
312413,inf
203023,inf
183309,inf
351043,inf
458879,inf
37214,inf
101713,0.0
524258,0.0
422751,inf
3179,inf
183039,inf
240699,inf
207792,inf
237279,inf
522857,inf
127978,inf
608497,inf
214472,inf
512015,inf
430975,inf
303357,inf
532332,inf
298473,inf
77764,inf
367825,inf
59572,inf
98902,0.0
284976,0.0
229612,inf
321402,inf
24477,inf
26095,inf
4388,inf
1063,inf
453556,inf
349993,inf
672320,inf
273163,inf
120809,0.0
581862,inf
521900,inf
674888,0.0
560238,0.0
155158,inf
553184,inf
571237,inf
180014,inf
145199,inf
429768,inf
323091,inf
99445,0.0
381587,inf
527343,inf
269291,inf
99366,inf
468643,inf
366692,inf
472083,inf
393102,0.0
600259,inf
634358,inf
67434,inf
514610,inf
432937,inf
249183,inf
130797,inf
646139,inf
258690,inf
9064,inf
121014,inf
18049,inf
643465,inf
652665,inf
354356,inf
620961,0.0
224155,inf
25268,0.0
458424,inf
466523,inf
128990,0.0
598565,inf
460508,inf
648735,inf
437685,inf
137020,inf
448693,0.0
471625,inf
465219,0.0
533012,inf
452297,inf
28393,inf
94485,inf
453005,inf
450978,inf
107045,inf
665803,inf
568044,inf
775,inf
542824,inf
425861,inf
199638,inf
394913,inf
526297,0.0
79354,inf
190447,inf
456623,inf
296169,0.0
373853,inf
150507,inf
444126,inf
366467,0.0
632882,inf
226213,inf
47980,inf
601781,inf
303581,inf
513083,inf
92396,inf
462633,inf
600960,inf
483155,inf
425868,inf
251347,inf
415522,inf
540748,0.0
103499,inf
401360,inf
260738,inf
366424,inf
410560,inf
208026,inf
554405,inf
551399,inf
348739,inf
665828,inf
3922,inf
162713,inf
252336,0.0
408507,0.0
68470,inf
510197,inf
455807,0.0
510290,inf
297909,inf
112569,inf
653759,0.0
581649,0.0
634412,inf
207488,inf
183227,0.0
188775,0.0
422870,0.0
45475,inf
184324,inf
690945,inf
17998,inf
631481,inf
197770,inf
698841,inf
705892,inf
215744,inf
433612,inf
206979,0.0
198871,inf
50356,inf
98403,inf
528598,inf
692624,inf
544901,inf
701885,0.0
292941,inf
258568,0.0
213004,inf
548624,inf
148926,0.0
135024,inf
189187,inf
214967,inf
432941,inf
472777,inf
224245,0.0
249542,inf
45259,inf
618986,inf
312154,inf
564997,inf
175139,inf
211296,inf
95996,0.0
358928,0.0
390380,0.0
444443,inf
76718,0.0
45646,inf
601536,inf
569269,inf
566316,0.0
662983,inf
588599,inf
691251,inf
366483,inf
259986,inf
405353,inf
694171,0.0
114223,inf
239879,0.0
325584,inf
161445,0.0
703755,inf
660707,inf
436810,inf
370991,0.0
9566,inf
210348,inf
59850,0.0
35320,inf
107641,inf
643249,inf
475264,0.0
536757,inf
586717,0.0
543549,inf
602375,inf
590948,inf
578055,inf
311407,inf
427693,inf
681836,inf
242712,inf
221570,inf
519540,inf
692841,inf
413565,0.0
591171,inf
602455,inf
406136,inf
524287,inf
214122,inf
698347,inf
393103,inf
299599,inf
579040,inf
554721,inf
380427,inf
129673,inf
672717,inf
441854,inf
426360,inf
504996,inf
125754,inf
681219,inf
200740,inf
343178,inf
282418,0.0
56235,inf
632069,inf
682333,inf
395529,inf
192919,inf
98885,inf
333932,inf
229046,inf
703896,inf
475632,0.0
97384,inf
546522,inf
20021,inf
72072,inf
331650,inf
71030,inf
660243,0.0
503073,inf
583574,inf
518002,inf
567914,inf
27920,inf
572642,inf
260237,inf
430912,inf
700356,inf
411767,inf
292170,0.0
259583,inf
114317,0.0
391610,inf
16753,0.0
380386,inf
276093,inf
468510,inf
210196,inf
550737,inf
35104,inf
526084,inf
69298,inf
398465,inf
389542,0.0
600274,inf
415392,inf
56452,inf
88617,inf
675510,0.0
375554,inf
214541,0.0
448293,0.0
352650,inf
2032,inf
569795,0.0
438336,inf
274802,inf
560534,inf
83516,0.0
553574,inf
374500,inf
608875,0.0
368967,inf
274276,inf
574396,0.0
637721,0.0
36131,0.0
276319,inf
180703,inf
110986,0.0
382457,inf
254179,inf
53790,inf
209378,inf
144942,inf
415767,inf
516638,0.0
50605,inf
644490,inf
244187,inf
689748,inf
68702,inf
264874,0.0
241969,0.0
202075,0.0
470381,inf
636177,inf
513670,inf
711797,inf
484510,inf
138401,inf
409816,inf
10353,inf
500863,inf
554950,0.0
400799,inf
437872,0.0
633557,0.0
175044,inf
678290,0.0
188058,inf
116338,inf
8438,inf
296932,0.0
252079,inf
660781,inf
466384,inf
272695,0.0
204109,inf
433150,inf
363611,inf
202055,inf
584418,inf
459114,inf
453243,inf
45329,inf
559419,inf
146830,inf
679158,0.0
415397,inf
323516,inf
225557,inf
174150,inf
577371,inf
216772,0.0
298659,inf
262675,inf
88440,inf
705872,inf
349953,0.0
659106,inf
372379,inf
616596,0.0
102471,inf
511951,inf
461344,inf
271051,inf
548749,inf
523668,inf
536478,inf
436758,inf
93099,inf
311936,inf
315045,0.0
185164,inf
472790,inf
182543,0.0
370591,inf
246960,inf
637363,0.0
560246,inf
347311,0.0
388834,inf
507261,inf
342488,inf
57251,inf
236136,0.0
647080,inf
419338,0.0
591297,inf
361247,inf
165214,inf
606967,inf
376018,0.0
58589,inf
73448,inf
104681,inf
507075,0.0
266289,0.0
336183,inf
317718,0.0
397700,inf
526648,inf
432231,inf
18196,inf
396995,0.0
581265,inf
56226,inf
84132,inf
621226,inf
207872,inf
131968,0.0
533103,0.0
197189,inf
188862,inf
86670,inf
602815,0.0
68209,inf
357045,0.0
561822,0.0
519867,inf
373294,inf
134410,inf
90870,inf
618735,inf
203198,inf
195248,inf
338653,inf
698112,inf
673405,inf
42617,inf
470463,0.0
364090,0.0
169609,inf
200871,inf
380091,inf
147815,inf
623428,inf
227968,inf
312919,inf
419316,inf
646828,0.0
253236,inf
416287,inf
661662,inf
611370,inf
576534,inf
171571,inf
307159,inf
140241,inf
34718,inf
430266,0.0
632250,inf
533062,inf
525585,inf
154513,0.0
234163,inf
690729,inf
559121,inf
590118,inf
112154,inf
428663,inf
276566,0.0
233444,inf
12291,inf
111706,inf
553623,inf
474882,0.0
35254,inf
692882,inf
349670,0.0
314313,0.0
654096,inf
403533,inf
217871,inf
81049,inf
606845,inf
516999,inf
519563,inf
688283,inf
601951,inf
263381,inf
66128,inf
631800,inf
545689,0.0
504215,inf
651892,inf
558692,inf
591620,inf
636484,inf
61284,inf
541494,0.0
300918,inf
359524,inf
357987,inf
306135,inf
660543,inf
278184,inf
367358,inf
30862,inf
166259,inf
74586,inf
177500,inf
113014,inf
226398,0.0
481510,0.0
531792,inf
438536,inf
699477,inf
339080,inf
305578,inf
32066,0.0
56334,inf
569939,0.0
542477,inf
283761,inf
354167,inf
91160,inf
449060,inf
356353,inf
68543,inf
510874,0.0
626392,inf
112683,inf
289906,inf
240968,inf
285632,inf
124011,inf
86017,inf
697784,inf
148006,inf
601123,inf
524280,inf
599205,inf
679561,inf
542438,inf
265268,0.0
93874,inf
481242,inf
51774,inf
191991,0.0
565101,0.0
519457,inf
509227,inf
252126,inf
182777,inf
255803,inf
197419,0.0
615210,inf
7560,inf
472148,inf
211549,inf
711510,inf
439488,inf
435760,inf
71399,inf
78777,inf
141741,inf
358214,0.0
202735,inf
1640,inf
89708,inf
377629,inf
30649,inf
123072,inf
505871,inf
406157,inf
297825,inf
287440,inf
570107,0.0
673887,0.0
93261,inf
352189,inf
252829,0.0
572140,inf
403484,inf
212072,inf
5502,inf
420514,inf
615113,inf
634955,inf
194075,inf
516014,inf
118749,0.0
245171,inf
387825,inf
162315,inf
428414,0.0
325124,0.0
28012,inf
66300,0.0
392750,inf
450026,inf
671217,inf
370868,inf
73124,inf
2422,inf
148381,inf
273580,inf
32934,inf
511110,0.0
241346,inf
652003,0.0
10392,0.0
131152,inf
350558,inf
698923,inf
298148,inf
278977,inf
206413,inf
151143,inf
249544,0.0
655852,inf
473154,inf
466483,inf
175147,inf
338383,inf
656761,inf
532589,inf
26821,inf
480290,inf
189827,inf
102379,inf
374237,inf
599790,inf
388508,inf
542057,inf
676071,inf
305763,inf
494238,0.0
173399,inf
103773,inf
361047,inf
639193,inf
460153,inf
393482,inf
170334,inf
229681,inf
241207,inf
293809,inf
167998,inf
304522,0.0
2881,inf
299095,0.0
688602,inf
660981,inf
532466,inf
309183,0.0
205882,inf
29306,inf
416674,0.0
52697,inf
115240,inf
285470,inf
267718,inf
173516,0.0
615393,inf
591252,inf
471170,0.0
634823,inf
423039,inf
437776,inf
690921,inf
276449,0.0
521455,0.0
565561,inf
387364,0.0
258951,inf
232031,inf
690714,inf
223768,inf
545091,inf
284362,inf
97029,inf
516043,0.0
251606,inf
151905,inf
96707,inf
490817,0.0
284465,inf
697775,0.0
250661,inf
340858,inf
112082,inf
445227,inf
277026,inf
502517,inf
422236,inf
234642,inf
439929,inf
92100,inf
122839,0.0
508262,inf
4320,inf
272728,inf
214745,inf
451418,inf
389159,inf
640469,inf
6104,inf
254522,0.0
642442,inf
107300,inf
551925,inf
311924,inf
460254,inf
467555,inf
382776,inf
61946,inf
656796,inf
503890,inf
173189,inf
524072,inf
415396,inf
643213,inf
11628,inf
377498,inf
437062,0.0
643067,inf
290343,0.0
597524,inf
140923,inf
194926,0.0
345124,inf
103743,0.0
708780,inf
3473,inf
534120,inf
156590,inf
332017,inf
671124,inf
191175,inf
306444,inf
300766,inf
270630,0.0
186352,inf
609303,inf
99174,inf
257924,0.0
563883,inf
61464,inf
304867,inf
681535,inf
302259,inf
521649,inf
93339,inf
338240,inf
474729,inf
446075,inf
472078,0.0
188636,0.0
137413,inf
706345,inf
308269,inf
497086,inf
504384,inf
711861,inf
602903,0.0
503737,inf
641112,inf
591121,inf
67914,inf
450582,inf
273049,inf
356450,0.0
707543,0.0
118873,inf
205025,inf
359340,inf
306040,0.0
181288,inf
217703,inf
203160,inf
295531,inf
657838,inf
601715,0.0
590680,inf
120262,inf
74878,inf
280264,inf
236973,inf
641077,inf
548051,inf
301591,inf
79563,inf
465221,inf
117284,inf
178025,0.0
99872,0.0
182398,inf
392012,inf
708498,inf
659471,inf
658587,inf
335583,inf
190509,inf
345931,inf
481997,inf
532289,inf
228086,inf
39483,inf
235137,inf
638594,inf
220013,inf
606872,inf
45090,0.0
265858,inf
378974,inf
627796,inf
506412,inf
157703,inf
404066,inf
600983,inf
200898,0.0
473032,inf
463819,inf
505389,inf
638605,inf
32129,inf
424763,inf
116124,inf
42869,0.0
225798,inf
663496,inf
495116,inf
119291,inf
157414,inf
31976,0.0
461829,inf
202259,inf
124,inf
326074,inf
565130,inf
671345,inf
87841,inf
501223,inf
176711,inf
644024,inf
230470,inf
311887,0.0
361842,inf
636090,inf
506138,inf
436086,inf
9512,inf
284969,inf
149878,inf
535880,inf
19491,inf
686558,0.0
220052,inf
377457,0.0
214047,inf
676695,inf
138430,0.0
283113,inf
387336,inf
116507,inf
683504,inf
649219,0.0
611796,inf
363735,inf
549465,inf
206032,inf
543005,inf
336522,inf
590875,inf
438932,0.0
563418,inf
676762,inf
169934,0.0
477449,inf
148807,inf
493564,inf
307858,0.0
406272,inf
32193,0.0
308596,inf
518992,inf
510884,inf
37521,inf
394500,inf
569076,0.0
301827,inf
40963,inf
211482,inf
354831,inf
290166,inf
509107,inf
354396,0.0
115043,inf
501898,inf
709402,inf
106117,inf
376550,inf
250175,0.0
2352,0.0
124392,inf
446428,inf
193382,inf
275837,inf
216576,inf
352123,0.0
371581,inf
15419,inf
44684,inf
86225,inf
554089,inf
658943,inf
155659,inf
544300,0.0
513905,inf
253756,inf
49441,inf
27509,inf
231403,inf
338081,inf
511322,inf
672642,inf
107768,0.0
89207,inf
264448,0.0
609684,inf
286367,inf
390640,inf
681451,inf
300497,inf
221315,inf
410297,inf
137912,inf
535894,inf
683323,inf
589594,inf
686131,inf
244978,inf
267664,inf
2322,inf
92323,inf
624069,inf
204936,inf
508826,0.0
153141,0.0
300795,inf
528856,inf
508856,0.0
586826,inf
604699,inf
626059,inf
307452,inf
684185,inf
3407,0.0
382639,0.0
585544,inf
42258,inf
523998,inf
645151,inf
243846,inf
517354,inf
97283,inf
10440,inf
465945,inf
551483,0.0
441155,inf
307627,inf
88303,inf
22215,inf
77119,inf
205929,inf
237020,inf
51280,inf
167689,0.0
267157,inf
440350,inf
265243,inf
373448,inf
626555,inf
18312,inf
329460,inf
503127,inf
369569,inf
76664,inf
327718,inf
402907,inf
218345,inf
707516,inf
208812,inf
431912,inf
11925,0.0
124296,inf
441413,inf
243596,0.0
506600,inf
575119,inf
73251,inf
259760,inf
102569,inf
12455,inf
699851,0.0
251627,inf
492273,inf
661558,inf
234906,inf
348243,inf
4110,inf
73639,inf
65439,inf
65281,0.0
96857,inf
296997,inf
120514,inf
363058,inf
545006,inf
686679,inf
577829,inf
662030,inf
185162,inf
402510,inf
257167,inf
350105,inf
679972,inf
535110,inf
103139,inf
591267,inf
401927,inf
502370,inf
477870,inf
231568,inf
308747,inf
61499,inf
457188,inf
277712,inf
163885,inf
377806,inf
44443,0.0
546729,inf
69779,inf
273275,inf
253435,inf
362535,inf
688867,inf
367633,inf
657004,0.0
109829,inf
356196,inf
679381,inf
74458,inf
259470,inf
179385,inf
551830,0.0
115547,inf
292306,inf
633647,0.0
408759,inf
672197,inf
482068,inf
698559,inf
110078,inf
593924,inf
643144,inf
133353,inf
448148,inf
265771,inf
9947,0.0
531962,0.0
591036,inf
286416,inf
507806,inf
237012,0.0
443253,0.0
372089,inf
163142,inf
284317,inf
37860,inf
656900,inf
386793,inf
28255,0.0
414546,inf
135293,inf
3977,0.0
290925,0.0
166810,inf
363586,inf
210203,inf
570208,inf
611433,inf
305159,inf
345126,inf
489938,0.0
527240,0.0
128114,inf
603673,inf
275582,inf
322102,inf
624125,inf
222067,inf
128175,inf
616064,inf
277303,inf
51454,inf
15545,inf
677115,inf
193056,inf
299206,inf
569639,inf
655444,inf
668877,inf
639963,inf
35505,inf
79500,inf
191770,inf
501280,inf
430143,0.0
93590,inf
111077,0.0
559775,0.0
265644,inf
400888,inf
523703,inf
179134,inf
496213,inf
257611,0.0
135012,inf
131330,inf
395218,0.0
530053,inf
610112,inf
440716,0.0
507935,inf
147373,inf
134207,0.0
657923,inf
198024,inf
546709,inf
4323,inf
210530,inf
184185,inf
419668,inf
517658,inf
132148,0.0
82054,inf
491900,0.0
323177,inf
546165,inf
32650,0.0
333784,inf
104080,0.0
41553,0.0
619724,0.0
655934,inf
519536,inf
240064,inf
291456,inf
65503,inf
598203,inf
213352,inf
249222,inf
195268,inf
675919,inf
164697,inf
584001,0.0
514269,inf
530895,inf
576154,inf
52304,inf
168603,inf
124260,inf
107715,inf
216173,inf
486521,0.0
372002,inf
572247,inf
64113,inf
385143,0.0
173425,inf
123862,inf
61636,inf
691450,inf
570535,inf
658147,inf
660790,inf
480295,inf
207957,inf
258264,inf
128232,0.0
278075,inf
678944,inf
157050,inf
446924,inf
560771,inf
184629,0.0
231282,inf
620226,inf
362711,inf
610811,inf
32611,0.0
600315,inf
123129,inf
362071,inf
465865,inf
593553,inf
188532,inf
324167,inf
287544,inf
305597,0.0
482278,inf
152925,inf
464330,inf
362945,inf
527988,inf
615124,inf
77806,0.0
266646,inf
147556,inf
219743,inf
225496,0.0
284835,0.0
22392,inf
351729,inf
278216,0.0
147579,0.0
21060,0.0
451147,inf
419855,inf
360619,0.0
494722,inf
684912,inf
571971,0.0
161274,inf
658606,inf
138271,inf
13414,inf
17722,inf
101120,inf
601591,0.0
533544,inf
93140,inf
649274,0.0
478509,inf
222140,inf
341585,inf
397626,inf
319910,0.0
561567,inf
124488,inf
428454,inf
386683,inf
587821,0.0
194259,inf
622587,inf
89936,inf
146939,inf
51663,inf
121120,inf
44875,inf
680562,inf
161163,inf
153246,inf
450191,inf
322942,inf
187602,inf
349486,inf
30723,inf
380088,inf
399301,inf
160290,inf
7035,inf
46682,inf
641433,inf
224784,0.0
76357,inf
412096,inf
277851,inf
377521,inf
573214,0.0
246637,inf
230344,inf
358612,inf
561659,inf
364361,inf
567987,inf
614680,inf
58883,inf
504289,inf
517521,0.0
160487,0.0
534338,0.0
617299,inf
687511,0.0
257446,inf
66306,inf
155749,inf
93359,inf
331833,inf
59166,inf
311042,inf
613551,inf
381659,inf
24240,inf
167201,inf
707715,inf
431916,inf
261419,inf
660595,inf
658744,inf
169885,inf
674900,0.0
372454,inf
48351,inf
22419,inf
10831,inf
559019,inf
701580,inf
13240,inf
382135,0.0
218129,inf
358815,inf
121913,inf
597328,inf
632098,inf
355926,inf
36983,inf
592893,inf
478609,0.0
434399,inf
704572,inf
7139,inf
166251,inf
315137,inf
244202,inf
566061,inf
100169,inf
16262,inf
180352,inf
414533,inf
246896,inf
314948,inf
79008,inf
344532,inf
212354,inf
161419,inf
28259,0.0
370943,inf
426208,inf
74211,0.0
438633,inf
455364,inf
626176,inf
239788,0.0
431047,inf
345033,0.0
664021,inf
341769,inf
425703,inf
38872,inf
272602,inf
566212,0.0
139987,0.0
244048,0.0
515154,inf
480929,inf
565223,inf
628536,inf
706459,inf
413932,inf
631453,inf
106857,0.0
651179,inf
260596,inf
186100,0.0
529056,inf
194701,inf
326348,inf
164887,0.0
216220,0.0
45338,0.0
41497,inf
499229,0.0
21123,inf
31697,inf
392977,0.0
517343,inf
94602,inf
303356,inf
100416,inf
670860,inf
483614,inf
629745,inf
581657,inf
150546,inf
71989,0.0
502910,inf
619953,inf
413763,inf
570987,0.0
439948,inf
412507,0.0
441202,0.0
359560,inf
543744,0.0
130515,0.0
442002,inf
515285,inf
202094,inf
703866,inf
141633,inf
607533,inf
401508,0.0
177830,inf
21200,inf
398484,inf
328418,inf
599285,inf
581446,0.0
615929,inf
56391,inf
431424,0.0
215843,inf
428921,inf
440524,inf
198019,0.0
205961,inf
631920,inf
264696,inf
596364,inf
403719,inf
319187,inf
429886,inf
73652,inf
561591,inf
378613,inf
417654,inf
582002,inf
1821,inf
133361,inf
259307,inf
116039,inf
379069,inf
171842,0.0
230412,inf
20350,inf
243047,inf
285612,inf
129306,inf
412111,inf
656848,inf
644234,inf
596304,inf
487052,inf
518697,inf
487253,inf
414528,inf
148353,0.0
43256,0.0
650011,inf
708852,inf
603180,0.0
522787,inf
57,inf
304668,inf
275230,inf
100838,inf
315726,0.0
627793,inf
495431,inf
680842,inf
24058,0.0
335870,inf
122767,inf
556606,inf
551778,inf
671542,inf
251897,inf
137052,inf
16315,inf
59490,inf
687442,inf
685634,inf
126841,inf
704493,inf
367711,inf
610848,inf
96383,inf
571499,0.0
336667,0.0
147944,inf
675443,inf
5735,inf
101632,inf
640978,inf
626811,inf
674963,inf
466604,inf
509660,inf
237743,inf
336984,0.0
579502,inf
17615,inf
637857,inf
194950,inf
344732,0.0
260540,inf
577232,inf
502985,inf
608529,inf
36740,inf
690741,inf
403898,0.0
655015,0.0
189984,inf
158089,inf
356946,0.0
496515,inf
314652,inf
656981,inf
307351,inf
28404,inf
52074,inf
437744,inf
616308,inf
519922,0.0
140497,inf
336206,inf
276661,0.0
674010,inf
65450,inf
82548,inf
571681,inf
323143,inf
254589,inf
147632,inf
46981,inf
162374,inf
502908,inf
35348,0.0
671551,inf
100705,inf
115605,inf
586365,inf
281987,0.0
226040,inf
14639,inf
337742,inf
382199,inf
469173,inf
382777,inf
128638,inf
624413,inf
445868,inf
486458,inf
611416,inf
319876,inf
60110,inf
474974,inf
588922,inf
467286,0.0
519344,inf
226304,inf
650526,inf
632219,inf
651750,inf
116579,0.0
605735,inf
619698,inf
194258,0.0
364589,inf
638206,inf
550839,inf
221059,inf
145053,0.0
43219,inf
439082,inf
506416,inf
509428,inf
646038,inf
45731,inf
449469,inf
301102,inf
377102,inf
425467,inf
578303,0.0
240255,inf
150349,inf
136051,inf
474174,inf
376182,inf
347052,inf
487558,inf
126322,inf
698024,inf
524883,inf
284140,0.0
578452,inf
420928,inf
40821,inf
21497,inf
92874,inf
508229,inf
60727,inf
357931,inf
597625,inf
297196,inf
177878,inf
344397,inf
37987,inf
609180,inf
42153,inf
112582,inf
77168,0.0
268280,inf
368987,inf
4747,inf
500729,inf
336244,inf
54562,inf
578607,inf
534328,inf
266629,inf
64306,inf
658397,inf
488336,inf
616655,inf
147733,0.0
699932,0.0
271084,inf
85648,inf
639224,inf
68365,inf
104651,0.0
614663,inf
307388,inf
619310,inf
60374,inf
675256,inf
609693,0.0
145776,0.0
151847,inf
72251,inf
646206,inf
46402,inf
641180,inf
292680,inf
61514,inf
698130,0.0
643786,inf
646064,inf
393993,inf
179449,inf
161392,inf
378309,inf
510143,inf
456731,inf
347038,inf
657196,inf
105516,inf
5031,0.0
381232,0.0
35972,inf
497248,inf
585611,inf
384862,inf
299952,0.0
398566,inf
689779,inf
73662,inf
246263,inf
421986,inf
160683,inf
453098,0.0
85140,inf
272786,inf
345095,inf
239867,inf
387352,inf
262216,0.0
684617,inf
265259,inf
181831,inf
276412,inf
495088,inf
476930,inf
40009,0.0
601292,0.0
428241,0.0
612624,inf
550672,inf
97024,inf
695150,inf
241756,inf
469233,0.0
435644,inf
325896,0.0
421843,inf
566347,inf
656116,inf
346948,inf
583271,inf
543164,0.0
707015,inf
453740,inf
559741,0.0
123842,inf
656740,inf
440882,0.0
416295,inf
277857,0.0
154907,inf
449174,inf
93580,inf
502855,inf
140898,inf
440554,inf
626308,inf
490087,inf
135488,inf
248070,inf
530554,inf
594200,inf
392701,inf
705700,inf
556999,inf
425160,inf
259572,inf
122438,inf
579909,inf
624694,inf
220345,inf
2306,inf
57382,inf
439753,inf
577418,inf
456198,0.0
45843,inf
12332,inf
605184,0.0
9835,inf
658627,0.0
128942,inf
421744,inf
299849,inf
536917,inf
264066,inf
702662,inf
361959,inf
337305,inf
403491,inf
110631,0.0
256443,inf
155197,0.0
605245,inf
303054,inf
316372,0.0
68356,inf
124936,inf
561786,inf
669976,inf
478503,inf
272165,inf
61546,inf
695217,inf
456450,inf
336175,inf
37873,0.0
228295,inf
646126,inf
442619,inf
58845,inf
491134,inf
416518,inf
342440,0.0
143870,inf
236880,0.0
85163,inf
390444,inf
98852,inf
558633,inf
67035,0.0
520020,inf
184926,inf
589137,inf
325916,inf
210834,0.0
502310,0.0
194597,inf
624027,inf
186804,inf
572700,inf
340206,inf
519128,inf
442851,0.0
3351,inf
332702,inf
532525,inf
502813,inf
486109,0.0
396508,0.0
654426,inf
370883,inf
352478,inf
654086,inf
617347,0.0
575948,inf
24794,inf
229115,inf
523413,inf
225059,inf
514595,inf
217302,0.0
516866,inf
588115,0.0
329059,inf
453393,inf
264592,inf
476383,inf
25854,inf
386540,inf
71726,inf
151200,inf
542410,inf
144263,inf
138476,inf
671726,inf
623138,inf
374116,inf
642511,inf
365961,inf
338109,inf
371360,inf
710423,0.0
196757,inf
558082,inf
122747,inf
711566,inf
482315,inf
32446,inf
63220,inf
669676,inf
38907,inf
202046,inf
456078,0.0
489981,inf
335622,inf
168222,inf
98916,0.0
667794,0.0
348596,inf
348538,inf
396003,inf
50372,inf
534128,0.0
141780,inf
240461,0.0
134276,inf
570077,0.0
378581,0.0
547794,inf
701748,0.0
225864,0.0
364992,inf
699535,0.0
69515,inf
228189,0.0
459369,inf
356954,0.0
164156,inf
19133,0.0
497432,inf
495380,inf
104783,inf
151778,inf
693191,inf
357369,inf
679574,inf
146433,inf
660837,inf
546458,inf
78014,0.0
394660,inf
96419,inf
744,inf
426313,inf
565607,inf
2224,inf
448867,inf
358866,0.0
510746,inf
85743,inf
221019,inf
392198,inf
402023,inf
73670,inf
89179,inf
112834,inf
220422,0.0
214409,inf
596094,0.0
168943,inf
504665,0.0
120241,inf
27100,inf
32951,inf
378396,inf
647791,0.0
439563,inf
95665,inf
322913,inf
447627,inf
96737,inf
517208,inf
592666,inf
640313,0.0
24341,inf
359971,0.0
245819,inf
420807,inf
345195,inf
115999,inf
503171,inf
688482,inf
122516,inf
46412,inf
349977,0.0
589242,inf
339427,inf
337030,inf
478067,inf
557978,0.0
415412,inf
272752,inf
258910,0.0
176479,0.0
197286,inf
475512,inf
520603,inf
546145,inf
130062,0.0
268665,inf
617231,inf
465532,inf
283838,inf
10837,0.0
454858,0.0
592555,0.0
415853,inf
544819,inf
269788,0.0
90835,inf
106931,inf
385276,inf
238454,inf
225669,inf
557208,inf
305459,inf
92965,0.0
488041,inf
306801,inf
709897,inf
448051,inf
576355,inf
596056,inf
657225,0.0
82878,inf
533555,inf
447888,inf
239688,0.0
310371,inf
187661,0.0
434071,inf
447840,0.0
496118,inf
106451,inf
439014,inf
359035,inf
269172,0.0
86198,0.0
188931,inf
618886,0.0
382324,inf
9859,inf
75280,inf
463268,inf
172971,inf
648301,inf
510528,0.0
195766,0.0
255201,inf
428770,inf
1296,inf
542962,inf
646561,0.0
43672,inf
8637,inf
522618,inf
519764,inf
267315,inf
431106,inf
668192,inf
51068,inf
172626,inf
304079,0.0
301464,inf
428972,inf
593886,inf
251798,0.0
529064,inf
305059,inf
86646,0.0
388102,inf
31009,inf
573655,0.0
626601,0.0
335442,inf
511164,inf
331090,inf
91041,inf
678131,0.0
151798,inf
507153,inf
613488,inf
89897,inf
355799,inf
72902,inf
100546,inf
291631,0.0
364084,0.0
483801,inf
314431,inf
537058,inf
365270,inf
653491,0.0
208624,inf
23577,inf
436168,inf
305769,inf
469177,inf
619268,inf
413735,inf
571147,inf
322642,inf
702423,inf
62557,inf
266563,inf
681443,inf
208538,inf
363959,inf
559346,0.0
527445,0.0
457892,inf
395399,0.0
316149,0.0
396339,0.0
362958,0.0
210502,inf
223003,inf
364484,inf
434255,inf
95810,inf
43698,inf
127937,inf
252052,inf
336126,inf
420952,inf
73179,inf
67780,inf
613848,0.0
294829,inf
687593,0.0
576143,0.0
428027,inf
305448,inf
12528,inf
176290,inf
160691,inf
581204,inf
596227,inf
594491,inf
227289,0.0
520954,inf
350438,inf
564695,0.0
607813,inf
446175,inf
39966,inf
88920,0.0
2641,0.0
275820,inf
112903,inf
58464,inf
414681,0.0
207723,0.0
396535,inf
479420,inf
578698,inf
444628,inf
501136,0.0
626459,inf
454343,0.0
184996,inf
195603,inf
340396,inf
270295,inf
644116,inf
375378,inf
28458,0.0
346724,inf
552107,inf
84994,inf
123974,inf
404821,inf
294056,inf
482356,inf
446636,0.0
207383,inf
149234,inf
692974,inf
215013,inf
28972,inf
709465,inf
68581,inf
184903,0.0
56177,inf
147543,inf
201378,inf
52869,inf
644306,inf
182310,inf
143088,0.0
627657,inf
340876,inf
102139,inf
631214,inf
129677,0.0
541604,inf
377468,inf
209686,inf
684040,0.0
63127,0.0
350944,inf
171232,0.0
7930,0.0
623826,inf
134297,0.0
118984,inf
152685,inf
31907,inf
89388,0.0
220214,inf
707260,0.0
598259,0.0
338317,inf
502500,inf
709946,0.0
549106,inf
150131,inf
332366,0.0
163170,inf
649639,inf
204531,inf
103173,inf
692347,0.0
302688,inf
99931,0.0
405166,inf
512802,inf
15517,inf
577102,0.0
612429,inf
41923,inf
24765,inf
499485,inf
345985,inf
143667,inf
95659,inf
19363,inf
289023,inf
320025,0.0
360785,inf
475419,inf
512706,inf
136265,0.0
553693,inf
298193,0.0
514642,inf
224768,inf
96151,inf
569449,inf
383311,0.0
299903,0.0
318518,inf
335709,0.0
70081,inf
58573,inf
283569,inf
204749,inf
473745,inf
203009,inf
588986,inf
86343,inf
550564,inf
345535,0.0
17936,inf
312589,inf
512669,0.0
522584,inf
182254,0.0
245976,inf
600058,inf
256437,inf
580991,inf
517927,inf
595243,inf
193482,inf
697154,inf
680830,inf
653260,inf
226265,0.0
96106,inf
496005,inf
413939,inf
519408,inf
705635,inf
655170,inf
189045,inf
265434,inf
234088,0.0
124627,inf
127600,inf
558635,inf
622769,inf
696214,inf
72808,0.0
554343,inf
164449,0.0
641011,inf
98447,inf
293069,0.0
530030,inf
554188,inf
365027,inf
11485,inf
487887,inf
110164,inf
81137,inf
378009,inf
333368,inf
4577,inf
329748,inf
696829,inf
521485,inf
440471,inf
43273,inf
680925,inf
669651,inf
78249,inf
42643,inf
191261,inf
621407,inf
153896,inf
391128,inf
592227,inf
247530,inf
310683,inf
489370,0.0
71929,0.0
614926,inf
314102,inf
319500,inf
423019,inf
529915,inf
295587,inf
259976,inf
659585,inf
639907,inf
269512,0.0
377807,inf
621349,0.0
664583,inf
351211,inf
191651,inf
188853,inf
447029,inf
144005,0.0
131473,inf
211998,inf
198582,inf
203648,inf
236452,inf
128560,inf
228147,0.0
468110,inf
530294,inf
131338,0.0
98656,inf
539476,inf
357461,inf
623288,inf
304199,inf
341773,inf
687319,inf
520025,inf
495476,inf
178887,inf
133088,inf
276494,inf
275206,0.0
319440,inf
263885,inf
622904,inf
209896,0.0
573740,0.0
393924,inf
525842,inf
55681,inf
406480,inf
534304,inf
170426,inf
534424,inf
586262,inf
577837,0.0
207705,inf
186284,inf
342305,0.0
565634,inf
457945,inf
431256,inf
35915,inf
565110,0.0
327115,inf
537459,inf
446456,inf
363643,inf
381244,inf
490230,inf
235340,inf
328265,inf
267624,inf
48389,inf
492115,0.0
585598,inf
271145,inf
620587,inf
658799,inf
121067,inf
211575,inf
149297,inf
541165,inf
568008,0.0
641080,inf
332723,0.0
449470,inf
76781,inf
525223,inf
302535,inf
528727,inf
291041,inf
598845,0.0
704958,0.0
112928,inf
266849,inf
500674,inf
499556,0.0
10594,inf
334986,inf
193295,inf
457231,inf
383967,inf
619350,inf
95742,0.0
664608,inf
63534,inf
679226,inf
344507,inf
706800,inf
278051,inf
306068,inf
381247,inf
347605,inf
193384,inf
294852,inf
657324,inf
204486,inf
35809,inf
562201,inf
591997,inf
446847,inf
104125,inf
184776,inf
675434,0.0
529551,inf
489989,inf
274761,inf
646151,inf
169706,inf
468116,inf
585637,0.0
613997,inf
15398,inf
321894,inf
24450,inf
186276,inf
667661,inf
36928,inf
188913,inf
469502,inf
373692,inf
613102,inf
247333,inf
87979,inf
384148,inf
300243,inf
113833,inf
464628,inf
333856,inf
605321,inf
145731,inf
14190,inf
453349,inf
627035,inf
124109,0.0
114624,inf
294705,inf
1125,inf
120005,inf
445852,inf
518229,inf
266782,inf
108030,inf
91817,inf
155767,inf
333723,inf
175322,inf
353939,inf
102827,inf
346177,inf
23950,inf
299710,inf
477210,inf
556147,inf
557765,inf
270629,inf
486984,inf
448881,inf
536769,inf
581187,0.0
209143,inf
648604,inf
412878,inf
574289,inf
3648,inf
277809,inf
119830,0.0
143686,inf
272806,0.0
468792,inf
642812,0.0
680706,0.0
124172,inf
180907,inf
365422,inf
601978,0.0
435594,0.0
582668,inf
15303,inf
556385,inf
497881,inf
128319,inf
290094,inf
317736,inf
652834,inf
180434,inf
694231,0.0
672345,inf
589662,inf
163041,inf
331656,inf
501766,0.0
81747,0.0
620564,inf
204209,0.0
403357,inf
492942,inf
193885,inf
555072,inf
616496,inf
237704,inf
602798,inf
650118,inf
96455,inf
473499,inf
667685,0.0
30082,inf
567124,inf
200882,inf
128512,inf
133942,inf
315483,inf
248987,inf
71756,inf
698912,inf
145952,0.0
567228,inf
255566,inf
417862,inf
537145,inf
231139,inf
128481,inf
574599,inf
375247,inf
670175,0.0
120696,inf
545464,inf
418549,0.0
704472,inf
579903,inf
76620,inf
282720,inf
676704,inf
328803,0.0
512700,inf
658194,inf
676407,inf
363441,inf
106142,inf
162929,inf
159771,inf
491877,0.0
181648,inf
330216,inf
497997,inf
125365,inf
329760,inf
105435,inf
686866,inf
328213,inf
458524,inf
202946,inf
181249,0.0
622357,inf
615418,0.0
515899,inf
2522,inf
222704,inf
557288,inf
300341,inf
364784,inf
305670,inf
142138,inf
582886,inf
692466,inf
6470,inf
658736,inf
591795,0.0
121407,inf
345436,inf
294108,inf
387388,inf
448747,inf
405229,inf
139473,inf
166530,inf
494457,inf
522986,0.0
161720,inf
626040,0.0
337564,0.0
257083,inf
414210,0.0
273348,inf
450085,inf
671244,0.0
8319,inf
554164,0.0
551067,inf
267567,inf
667586,0.0
32248,inf
578474,inf
411243,inf
678887,0.0
230590,0.0
75943,inf
45009,inf
292997,inf
595488,inf
367228,inf
220643,inf
62703,0.0
566478,inf
175406,inf
444389,inf
318082,inf
649757,0.0
604279,inf
56973,inf
631527,inf
24263,inf
194984,inf
136306,inf
498328,inf
421885,0.0
237974,inf
208515,inf
398885,0.0
395456,inf
677238,inf
481084,inf
529079,inf
181675,inf
41224,inf
39285,0.0
296638,0.0
619899,inf
633886,inf
521205,0.0
317076,inf
285939,inf
147129,inf
518373,inf
423235,0.0
284993,inf
402540,inf
521810,inf
199094,inf
37777,inf
354283,inf
681818,0.0
540747,inf
131006,inf
194181,inf
532535,inf
322569,inf
21676,inf
398907,inf
426758,inf
657803,0.0
592219,inf
651648,inf
156867,0.0
567682,inf
127330,inf
557839,0.0
614910,0.0
44718,inf
9201,inf
568961,inf
510253,inf
324193,inf
666094,inf
610059,inf
332384,inf
667830,inf
595410,inf
477742,inf
163002,inf
148749,inf
93890,inf
99831,0.0
107981,inf
592327,0.0
430802,inf
113129,inf
140329,inf
553257,0.0
293290,inf
562486,inf
125216,inf
3442,inf
492361,inf
317519,inf
6691,inf
516520,inf
177662,0.0
280736,inf
644224,inf
263044,0.0
297548,inf
359253,0.0
604418,inf
102767,inf
95994,inf
438538,inf
416960,inf
100562,0.0
197476,0.0
228541,inf
469220,inf
529377,inf
454596,inf
102638,inf
165707,0.0
439422,inf
479429,inf
331069,inf
510475,inf
564510,inf
157165,inf
494104,inf
545103,inf
269401,inf
344894,0.0
510104,inf
40071,inf
110990,0.0
24342,inf
272490,inf
524502,inf
477092,inf
638181,inf
141491,0.0
608646,inf
607263,inf
420045,inf
138816,inf
137077,inf
191745,inf
180522,inf
113069,inf
158113,inf
157056,inf
465028,inf
546975,inf
148222,0.0
269726,inf
561283,inf
304495,inf
103121,inf
157557,inf
352510,inf
523035,inf
527339,inf
124587,inf
392694,0.0
484270,inf
294761,inf
253150,inf
201595,0.0
641994,inf
162475,inf
367216,inf
431371,inf
680204,inf
630562,0.0
441591,inf
38140,inf
146045,inf
185962,inf
629140,0.0
615288,inf
688114,inf
63506,inf
165664,inf
556540,0.0
254939,inf
506165,inf
571693,inf
288605,0.0
134364,inf
652018,0.0
156566,0.0
213440,inf
98558,inf
11351,0.0
412822,inf
246298,inf
383616,inf
235786,inf
108740,inf
228210,inf
272819,inf
551735,inf
269381,inf
239339,inf
689473,inf
181364,inf
286253,inf
580927,inf
236791,inf
669219,inf
40389,0.0
477856,inf
473328,inf
587246,inf
46623,inf
525611,inf
596029,inf
8158,0.0
456609,inf
170619,inf
267395,inf
247559,inf
90621,inf
390028,inf
396643,inf
302225,inf
408092,inf
591356,inf
506839,inf
102143,inf
605287,0.0
57769,inf
685432,inf
457981,inf
354435,inf
128482,inf
447716,inf
18647,0.0
93517,inf
423956,inf
221504,inf
175050,inf
95560,0.0
522472,0.0
485456,inf
219778,0.0
142647,inf
115096,0.0
441028,inf
698814,inf
243567,0.0
663433,inf
12775,inf
578139,0.0
698522,inf
313063,inf
510353,inf
394254,inf
161476,inf
593378,inf
15622,inf
297638,inf
459378,0.0
196035,inf
424575,inf
368214,inf
625091,inf
531296,inf
182416,inf
83098,inf
156256,inf
76067,inf
234235,inf
529141,inf
129995,0.0
416866,inf
270846,inf
599791,0.0
432237,inf
194713,inf
579135,inf
229220,inf
253182,inf
262606,inf
202247,inf
561417,inf
99216,inf
627883,inf
501007,inf
590642,inf
231875,inf
583160,inf
656572,inf
204592,inf
41927,inf
285272,inf
197195,inf
709346,inf
355455,inf
658852,inf
441534,inf
432927,inf
144184,inf
122978,inf
552234,inf
149106,0.0
648898,inf
615226,inf
563700,inf
313398,inf
231418,inf
368971,inf
222189,inf
507350,0.0
687019,inf
336615,0.0
356534,inf
511702,inf
509573,inf
412652,0.0
302050,inf
303580,inf
402993,inf
598540,inf
544557,inf
387778,inf
124914,inf
80028,0.0
612313,0.0
560219,0.0
20160,inf
484145,inf
612354,inf
17511,inf
161537,0.0
341338,0.0
306313,inf
185787,0.0
103179,inf
448472,inf
70703,inf
223394,inf
411072,0.0
334270,inf
102698,inf
81707,inf
577166,inf
143950,inf
629749,inf
550186,inf
207529,inf
357146,0.0
42918,0.0
637740,inf
51510,inf
79033,inf
500698,inf
534330,0.0
481964,inf
127273,inf
647263,0.0
552292,0.0
472865,inf
209621,inf
706245,inf
241308,inf
439489,inf
191711,inf
335552,inf
517078,inf
209244,inf
42089,inf
452778,inf
346688,inf
686915,inf
669174,0.0
528355,inf
570428,inf
157780,0.0
656000,inf
48745,inf
687915,0.0
441807,inf
608078,0.0
685951,inf
441304,inf
342930,inf
640057,inf
171101,inf
535773,inf
382078,inf
551039,inf
643581,inf
147738,inf
395601,inf
404510,inf
458968,0.0
526334,inf
290105,inf
373987,inf
188938,inf
454509,inf
484662,inf
589973,0.0
421034,inf
561260,0.0
519523,inf
366177,inf
375323,inf
98371,inf
252617,inf
465683,inf
201714,inf
492889,inf
179600,inf
240745,inf
134433,inf
208712,inf
12060,inf
58003,inf
468726,inf
316365,inf
212671,0.0
333066,0.0
218195,inf
441691,inf
150308,0.0
697239,0.0
666505,inf
74259,inf
163468,inf
470135,inf
337663,inf
631782,inf
671557,inf
98187,inf
445753,inf
24840,inf
122576,inf
370257,inf
298874,0.0
504527,inf
330779,inf
182896,inf
16085,inf
647885,inf
532531,inf
198617,inf
683324,inf
295451,inf
687944,inf
641222,inf
703933,inf
424998,inf
143988,inf
7979,inf
293540,inf
639120,0.0
672,inf
374994,inf
375016,inf
337878,inf
324835,inf
39384,inf
4745,inf
265561,0.0
349800,inf
123844,inf
114360,inf
221929,inf
372256,inf
698709,inf
84121,inf
269697,inf
693860,inf
286231,inf
351854,0.0
389022,inf
615308,inf
611363,inf
13827,inf
697639,inf
525730,0.0
329560,0.0
155466,inf
577963,0.0
540107,0.0
390176,0.0
73104,0.0
551424,inf
256560,inf
433144,inf
577908,inf
677515,0.0
699651,inf
1997,inf
533144,inf
327399,0.0
380540,inf
198851,inf
378133,inf
56447,inf
547010,inf
334312,inf
66685,0.0
96036,inf
416055,inf
475061,0.0
139735,inf
570368,0.0
146113,inf
349331,inf
83985,inf
530778,0.0
531484,inf
218073,inf
144976,0.0
664855,inf
655819,inf
698621,inf
422679,inf
61759,inf
265490,inf
163017,inf
548981,inf
268275,inf
373194,inf
353324,0.0
641674,inf
639272,inf
180839,inf
357239,inf
222312,inf
220374,0.0
50146,0.0
407499,0.0
608665,inf
435478,inf
19773,inf
119195,inf
383884,0.0
171991,inf
380355,inf
138147,inf
41298,inf
628780,0.0
229377,inf
225098,0.0
291556,0.0
574341,0.0
706793,inf
67919,inf
95206,inf
571274,0.0
87132,inf
504667,inf
39974,inf
619871,inf
206544,0.0
56608,inf
266311,inf
394100,inf
394332,inf
72615,inf
521634,inf
661839,inf
500338,inf
58867,inf
638435,inf
455737,inf
251852,inf
598628,inf
325102,inf
5588,0.0
154645,inf
524997,inf
50300,0.0
642517,0.0
690872,0.0
337571,inf
672674,inf
635487,inf
164066,inf
176792,inf
164595,inf
190574,inf
587122,inf
642533,inf
287426,inf
243977,inf
322402,inf
95667,inf
299401,inf
245302,inf
517780,inf
534230,inf
462108,inf
464076,0.0
335015,0.0
703023,0.0
76989,0.0
242713,inf
567087,inf
463756,0.0
492233,inf
15630,inf
503639,inf
325838,inf
300092,inf
618768,inf
302299,inf
139996,inf
226994,0.0
660032,inf
531442,inf
299439,0.0
621211,inf
348155,inf
254493,inf
560818,inf
577616,inf
498882,inf
652084,inf
217777,inf
549928,0.0
86821,inf
414774,inf
312726,inf
254047,inf
339453,inf
224856,inf
634960,inf
567062,inf
134831,inf
577138,inf
103712,inf
74818,inf
654707,inf
447681,inf
46139,inf
458804,inf
69591,inf
294276,inf
235712,inf
241573,0.0
620273,inf
31090,0.0
47011,inf
274010,inf
246597,inf
121724,inf
13294,inf
599577,inf
151,0.0
329041,0.0
72357,inf
416355,inf
686191,inf
226495,inf
636644,inf
666020,0.0
217294,0.0
366222,inf
500801,inf
647457,inf
161623,inf
467569,inf
323592,0.0
688226,inf
251070,inf
155836,inf
323570,inf
663100,inf
685811,inf
510034,inf
339750,0.0
211421,inf
70275,inf
346292,inf
367103,0.0
441829,inf
542586,inf
627998,inf
386643,inf
516089,inf
115763,inf
342800,0.0
381273,inf
96550,inf
532446,inf
502903,0.0
590981,inf
21723,inf
386271,inf
516069,0.0
375890,inf
374947,0.0
662971,inf
353350,inf
162134,inf
654102,inf
392245,inf
543846,inf
291560,inf
260464,inf
39119,inf
634108,0.0
148865,inf
321983,0.0
658152,inf
708453,inf
22717,inf
123532,inf
15577,inf
71586,inf
58424,inf
327593,inf
642834,inf
538345,inf
464165,inf
701034,0.0
601558,inf
685347,inf
409178,inf
508462,inf
601868,inf
321353,inf
686857,inf
3734,0.0
65178,inf
476264,inf
258974,inf
619775,inf
150163,inf
88409,inf
543014,inf
684125,inf
637010,inf
553424,inf
698947,inf
175346,inf
669307,inf
318008,inf
255485,0.0
613237,0.0
232052,inf
406635,inf
710577,inf
354255,inf
398828,inf
482924,0.0
150743,inf
678583,inf
517423,inf
338991,0.0
197645,inf
225394,0.0
24098,inf
473083,inf
109318,inf
518839,0.0
564584,inf
404007,inf
183489,inf
271331,inf
654718,inf
626520,0.0
182852,inf
214862,inf
559520,inf
283625,inf
106233,inf
608587,inf
84055,inf
671292,inf
661256,inf
223900,0.0
12081,inf
388533,inf
672101,inf
99655,inf
604922,inf
608007,0.0
107077,inf
335829,inf
49496,inf
388762,inf
626545,inf
576808,0.0
580506,inf
670141,inf
611096,inf
223232,inf
340254,inf
320434,inf
358592,inf
77553,inf
276238,inf
662872,inf
518916,inf
550608,inf
281139,inf
538818,inf
295705,inf
489682,inf
233056,inf
249702,inf
6094,inf
447591,0.0
632940,inf
145538,inf
70012,inf
102433,inf
17929,inf
134115,inf
414801,inf
30433,inf
478706,inf
122861,inf
125669,0.0
46555,inf
536887,inf
308902,inf
618476,0.0
44984,inf
635705,inf
534967,inf
32679,inf
475926,inf
174116,inf
74904,inf
2897,inf
270680,inf
427125,inf
700049,inf
489909,inf
90709,inf
408193,inf
478758,inf
310330,inf
531613,inf
19285,inf
182403,inf
183838,inf
147649,inf
226844,inf
569973,inf
356873,inf
564247,0.0
221808,inf
43090,inf
426762,0.0
134441,0.0
11418,0.0
424105,inf
317701,0.0
373720,inf
472236,inf
402877,inf
231277,inf
224557,inf
582290,inf
159459,inf
171595,0.0
15979,inf
213238,inf
692979,inf
76943,inf
153374,0.0
615386,inf
595458,inf
471470,inf
416484,inf
462702,inf
242673,inf
264817,0.0
498999,inf
705459,inf
304441,inf
560743,inf
308388,inf
7987,inf
21603,0.0
42874,inf
25374,inf
98812,inf
674685,inf
90922,inf
469349,inf
276789,inf
564169,inf
198746,0.0
421549,inf
361399,inf
88328,0.0
108037,inf
243123,inf
106930,inf
312848,inf
212624,inf
608107,inf
220636,inf
385954,inf
278376,inf
131146,inf
707879,inf
571006,inf
591676,0.0
683644,inf
603332,inf
511583,inf
386527,inf
67956,inf
456461,inf
486989,inf
81570,inf
10953,inf
239637,0.0
330371,inf
660694,inf
159026,inf
642153,0.0
256501,inf
139628,inf
700050,inf
505881,inf
444136,0.0
241325,inf
251525,0.0
352087,inf
308764,inf
6019,inf
410056,inf
278834,inf
12491,inf
642031,inf
350293,0.0
125036,0.0
244172,inf
241847,inf
347287,inf
524498,inf
225027,inf
253368,inf
168278,inf
655305,inf
47535,inf
491518,inf
190324,inf
382906,inf
471163,inf
11316,inf
564951,0.0
114028,inf
38477,inf
265639,inf
185365,inf
400649,inf
12549,inf
316073,inf
22219,inf
660013,inf
627535,inf
337124,inf
465238,inf
104485,inf
455823,inf
570506,0.0
472553,inf
263419,inf
366637,inf
136974,inf
247431,inf
212864,inf
144469,0.0
101364,0.0
625864,0.0
124264,inf
695961,inf
354637,inf
184792,inf
41885,inf
430721,inf
90162,inf
543119,inf
161249,inf
412436,inf
198612,inf
466541,inf
620815,inf
435802,inf
251053,inf
416975,inf
708975,inf
13541,inf
299193,inf
438702,inf
214434,inf
579574,inf
103467,inf
334904,0.0
106667,0.0
325672,inf
224927,inf
614153,0.0
490734,inf
679292,inf
509675,0.0
698578,inf
39347,0.0
611592,inf
329671,0.0
231707,inf
881,inf
25818,inf
269261,0.0
23030,0.0
162414,0.0
360759,inf
612578,inf
559942,inf
529557,inf
285271,inf
438942,inf
72721,inf
484769,inf
152383,inf
705910,inf
167160,inf
55343,inf
326088,inf
304060,inf
276042,inf
663182,0.0
677545,inf
527188,inf
653173,inf
282231,0.0
593875,0.0
146303,inf
676264,inf
634370,inf
424839,0.0
591418,inf
350527,inf
696752,inf
653459,inf
132954,0.0
618722,inf
302130,inf
302280,inf
77042,inf
204377,inf
412338,inf
260768,inf
623463,inf
29321,inf
432111,inf
597986,inf
359754,0.0
55550,inf
340869,inf
333940,inf
270316,inf
662490,0.0
585307,inf
573321,inf
130291,inf
279525,0.0
411352,inf
190189,inf
118261,inf
245340,inf
347274,0.0
72958,inf
623177,inf
67701,inf
589515,inf
415874,inf
587767,0.0
650608,inf
130015,inf
669705,inf
153293,inf
135306,inf
698802,0.0
529042,0.0
240691,0.0
679009,inf
467646,inf
687715,inf
33264,0.0
407238,inf
537255,inf
317989,inf
414991,inf
677591,inf
7884,inf
383545,0.0
248145,inf
390799,inf
169307,inf
240970,inf
68310,0.0
190191,inf
33373,0.0
104042,0.0
543695,inf
286684,inf
389631,inf
356872,0.0
243667,inf
392862,inf
175587,0.0
299188,0.0
2812,inf
1467,0.0
586196,inf
280710,inf
57104,inf
206121,inf
259436,inf
685590,inf
378196,inf
131675,0.0
422532,inf
68752,inf
561764,inf
175831,inf
673579,inf
195533,inf
235973,0.0
10016,inf
84627,inf
87734,inf
284750,inf
406551,0.0
72122,inf
191949,inf
197415,inf
5692,inf
659286,inf
385976,inf
206688,inf
558360,inf
257919,inf
133165,0.0
501346,inf
368944,inf
708196,inf
112010,inf
331274,inf
83039,inf
434161,inf
668345,inf
652467,inf
8017,inf
15423,0.0
214873,inf
487527,inf
172082,inf
310430,inf
316496,inf
559902,inf
695582,inf
282380,inf
209891,0.0
331039,inf
471360,inf
445774,inf
510537,inf
170626,inf
372509,inf
398198,inf
239379,inf
2794,0.0
430633,inf
468651,inf
259775,inf
600415,inf
290264,0.0
668164,inf
20696,inf
142982,inf
108584,inf
638459,0.0
180136,inf
417922,inf
553720,inf
706673,inf
700837,inf
620186,0.0
262483,inf
578741,inf
657632,inf
73867,inf
383920,inf
539893,inf
333416,inf
163058,inf
54966,inf
571406,0.0
693600,inf
106564,inf
412033,inf
515614,inf
643234,inf
460475,0.0
453213,inf
160301,inf
240987,inf
111381,inf
173921,inf
229634,inf
321429,inf
593685,inf
77810,inf
516131,inf
497965,inf
520634,0.0
500191,inf
197891,inf
623389,0.0
237586,inf
131066,inf
355356,inf
361116,inf
585949,inf
451676,inf
446012,inf
631616,inf
506544,0.0
198807,inf
461803,inf
163386,inf
50504,inf
412284,inf
134407,inf
323273,inf
34194,inf
495873,inf
284729,inf
195197,inf
712018,inf
507618,inf
289437,inf
668635,0.0
109696,inf
474442,0.0
360621,inf
298405,inf
149485,inf
99093,inf
241744,inf
88649,0.0
497137,inf
66108,inf
238603,inf
233816,inf
278625,inf
107422,inf
509973,inf
233070,inf
309134,inf
324496,inf
58806,0.0
236479,0.0
116102,inf
615182,inf
5533,inf
426660,inf
383526,inf
393454,inf
160639,inf
612410,inf
244056,inf
400565,inf
197841,0.0
448331,inf
576767,inf
390152,inf
624072,inf
281939,inf
450812,inf
425055,inf
695443,inf
539340,inf
647597,inf
229649,inf
623977,inf
527714,inf
192328,inf
435913,inf
150460,inf
21918,inf
507945,0.0
177821,inf
525107,inf
108796,inf
315411,inf
676833,inf
63927,inf
563391,inf
578656,inf
445919,inf
191683,0.0
136310,0.0
243863,inf
411057,inf
209450,inf
686310,inf
502797,inf
451603,inf
374290,inf
212412,inf
659505,0.0
25101,inf
87098,inf
633895,0.0
100814,inf
677689,inf
610667,inf
162179,0.0
513925,inf
348041,inf
85670,inf
71581,inf
369963,inf
153127,inf
248334,inf
649136,0.0
431545,inf
474390,inf
552186,inf
406714,inf
386454,inf
451224,inf
189098,inf
388280,inf
682365,inf
515531,inf
698090,inf
395188,inf
129217,inf
356003,0.0
345509,0.0
440054,inf
381163,inf
167033,inf
363892,inf
577412,inf
497088,inf
102774,inf
646484,inf
182493,inf
255168,inf
593759,inf
125674,inf
14259,0.0
356583,inf
566074,inf
362388,inf
196125,inf
674534,inf
168783,inf
500446,0.0
77568,0.0
283575,inf
688331,inf
612674,inf
393076,0.0
535672,inf
122219,inf
12285,inf
35073,inf
601821,inf
578502,inf
26630,inf
417971,inf
710418,inf
658413,inf
155453,inf
36831,inf
654418,inf
202220,inf
393089,inf
526619,inf
1250,inf
153457,inf
7958,inf
279395,inf
259964,inf
211067,inf
217966,inf
507571,inf
387133,inf
674260,inf
96447,inf
206283,inf
399834,inf
492379,inf
8114,inf
463382,inf
592416,inf
631320,inf
405000,inf
164775,inf
192012,inf
71873,inf
268077,inf
581783,inf
426549,inf
348922,0.0
15882,0.0
307357,inf
488011,inf
637959,inf
255435,inf
455800,0.0
662238,inf
694120,inf
599482,inf
444528,inf
581289,inf
268808,inf
128357,inf
651520,inf
311061,0.0
79184,inf
298078,inf
267661,inf
191946,inf
284920,inf
402914,inf
249098,0.0
339279,inf
462509,inf
579096,inf
593127,inf
193760,inf
554466,inf
468877,inf
582046,inf
616998,inf
299417,inf
697864,inf
191311,inf
180771,0.0
267782,inf
436128,inf
30990,0.0
616468,inf
104121,inf
315572,inf
119193,0.0
699181,inf
288483,0.0
574839,0.0
34346,0.0
705157,inf
252119,inf
126480,inf
484272,inf
78726,inf
300395,inf
126818,inf
59433,inf
579010,inf
682056,inf
126771,inf
513410,inf
444536,inf
72938,inf
153565,inf
604072,0.0
139954,inf
685367,inf
109322,0.0
88191,inf
494568,inf
282446,inf
230989,inf
620859,inf
57959,inf
349045,inf
468389,inf
290570,0.0
433515,inf
359920,inf
251949,inf
219753,inf
37690,inf
615996,0.0
72943,inf
393245,0.0
110872,inf
625683,inf
514863,0.0
193027,inf
248497,inf
447299,inf
545918,inf
269988,inf
212104,inf
645148,inf
17700,inf
362927,inf
580324,inf
93637,0.0
39429,inf
382775,inf
275585,0.0
313639,inf
95242,inf
206394,inf
250973,inf
460116,inf
477377,inf
181755,0.0
596114,inf
50542,0.0
185073,inf
602319,inf
581645,inf
337347,inf
401040,inf
271230,inf
90101,inf
262973,inf
368755,inf
329255,inf
480771,inf
666236,inf
296142,inf
379992,inf
614981,inf
690143,inf
672340,inf
195628,inf
403985,inf
600334,0.0
97912,inf
44621,0.0
291796,inf
488977,inf
316897,inf
516438,inf
663548,0.0
272091,inf
103788,inf
327158,0.0
502691,inf
48411,inf
598998,inf
566975,inf
135542,inf
133149,inf
334029,inf
366592,0.0
437840,0.0
673685,inf
585867,inf
138101,0.0
711227,inf
220140,inf
160454,0.0
148983,inf
287077,inf
8805,inf
429585,inf
32157,inf
7835,inf
286740,inf
150229,inf
115991,inf
177038,inf
281278,0.0
530205,inf
184491,inf
418279,inf
638184,inf
593219,inf
70569,inf
33926,inf
304547,inf
663375,0.0
273232,inf
589684,0.0
596562,inf
289678,0.0
147664,inf
634404,inf
47003,inf
686052,inf
408714,0.0
565861,inf
22331,inf
46372,inf
479921,0.0
663615,0.0
323647,inf
468750,0.0
674627,0.0
145955,inf
19754,inf
657928,inf
671296,inf
231612,inf
447189,inf
406778,0.0
542780,inf
141896,inf
423236,inf
78595,inf
337190,inf
566137,inf
650588,0.0
624478,inf
387467,inf
217256,inf
545541,inf
694525,inf
76484,inf
591794,inf
295847,inf
310653,inf
337035,inf
448185,inf
34850,inf
653034,0.0
591548,inf
370006,inf
125854,inf
393111,inf
139303,inf
346304,0.0
283001,inf
339520,inf
617212,inf
425873,inf
428906,inf
330465,inf
127287,inf
14081,inf
114277,inf
348428,inf
285348,inf
560269,inf
570541,inf
157592,inf
353212,inf
631762,inf
205854,inf
197879,inf
300757,inf
144937,0.0
317962,0.0
516596,inf
460486,inf
551794,inf
128399,inf
229269,inf
706205,inf
682330,inf
509202,inf
118941,inf
193920,inf
468965,inf
269915,inf
238183,inf
325773,inf
588304,inf
688109,0.0
237057,inf
218884,inf
123768,inf
414116,0.0
686821,inf
484232,inf
309220,inf
560604,inf
36078,0.0
486135,inf
57041,inf
196599,inf
464093,inf
141845,inf
408100,inf
180968,inf
382361,inf
55259,inf
91813,inf
374613,inf
48830,inf
287217,0.0
117830,inf
139199,inf
241191,inf
691716,inf
556251,inf
704146,inf
664762,inf
286043,inf
97070,inf
618003,inf
394073,inf
162279,inf
75012,inf
642829,inf
583218,inf
409643,inf
585547,inf
443630,inf
240885,inf
509162,inf
705938,inf
228574,inf
234146,inf
325608,inf
543004,inf
177903,inf
189125,0.0
177098,inf
626097,inf
29713,inf
529373,inf
707478,inf
176980,0.0
124954,inf
337882,0.0
152104,0.0
593941,inf
396883,inf
374667,0.0
160324,inf
323822,0.0
74228,inf
448981,inf
152737,inf
216445,inf
125844,inf
647662,inf
41110,inf
656701,0.0
615508,0.0
141349,inf
120282,inf
58860,inf
397243,inf
375638,inf
434141,inf
153630,inf
660345,inf
561244,inf
481290,0.0
154287,inf
215066,inf
284731,0.0
315551,inf
558060,inf
560411,0.0
133437,inf
19013,inf
77147,inf
698508,inf
92527,0.0
121670,inf
358673,0.0
418754,inf
233757,inf
659939,inf
16002,inf
14540,0.0
332039,inf
706260,inf
463750,inf
116546,inf
38965,inf
11845,inf
340594,inf
284680,0.0
594657,0.0
547654,inf
463668,0.0
202879,0.0
573479,inf
410846,inf
497173,inf
401417,inf
242132,inf
476966,inf
83688,inf
548422,inf
436959,inf
619801,0.0
438211,0.0
351054,inf
253913,inf
34102,inf
358136,inf
649142,inf
565366,inf
622518,inf
447454,inf
533388,inf
227095,inf
614612,inf
10177,inf
108675,inf
235005,inf
696959,inf
415961,inf
243796,inf
609171,inf
233146,0.0
427160,inf
374185,inf
183817,inf
690840,0.0
5720,inf
305029,inf
14039,inf
417238,inf
624918,inf
517087,inf
488722,inf
597583,inf
474513,inf
506695,inf
312809,0.0
638773,inf
244951,0.0
104355,inf
241914,inf
603150,inf
22446,0.0
467355,inf
160559,inf
290658,0.0
660513,inf
60332,inf
308671,0.0
96918,inf
421217,inf
21792,0.0
40109,inf
650314,inf
689599,inf
578323,inf
673029,0.0
32989,inf
439037,inf
696050,inf
702922,0.0
617432,inf
199392,inf
506805,inf
619073,inf
305898,inf
374435,inf
344701,inf
260874,inf
304245,inf
520053,inf
220433,0.0
422434,inf
372537,inf
351449,inf
274460,0.0
371321,inf
511960,inf
573263,inf
419955,0.0
421403,0.0
647596,inf
158372,inf
496645,inf
107310,0.0
268093,inf
441697,inf
196617,inf
550772,inf
557444,inf
370247,inf
611252,inf
154961,inf
335064,inf
305584,inf
662685,inf
441256,inf
161996,inf
691826,inf
20049,inf
297480,0.0
667946,inf
475737,inf
449468,inf
663889,inf
602283,inf
617813,inf
383268,inf
597459,inf
612469,inf
671141,inf
308663,0.0
405561,inf
221,inf
220138,0.0
481918,inf
198114,inf
443075,inf
384718,inf
137634,0.0
496762,inf
479075,inf
90562,0.0
38790,0.0
431041,0.0
169407,0.0
471578,inf
130564,0.0
686400,inf
710076,inf
154455,0.0
417599,inf
320574,inf
457682,inf
481577,0.0
412068,inf
231711,inf
497791,inf
109968,inf
452132,0.0
183194,inf
139687,inf
362859,inf
260916,inf
52334,inf
181898,inf
122540,inf
77504,inf
174514,inf
534221,0.0
539575,inf
663253,inf
173301,inf
282316,inf
613636,inf
549129,inf
75959,inf
181531,inf
609942,0.0
19082,inf
307684,inf
594307,inf
213519,0.0
362803,inf
308185,0.0
2188,inf
227620,0.0
367478,inf
556633,inf
90473,inf
700593,0.0
67052,inf
63509,inf
630713,inf
127057,0.0
435487,inf
635407,inf
110533,inf
532273,inf
13912,inf
663895,0.0
277671,inf
627480,inf
40343,inf
243628,inf
700165,inf
590653,inf
176131,inf
679483,0.0
574294,inf
7696,0.0
45766,0.0
118248,inf
92531,0.0
417762,inf
183927,inf
588841,inf
641766,inf
552083,inf
388547,inf
569650,inf
239571,inf
495039,0.0
285005,inf
406264,inf
163016,inf
236864,inf
485590,inf
644695,inf
537080,inf
638154,inf
652480,inf
36137,inf
400956,0.0
373359,0.0
352180,inf
593959,0.0
281256,0.0
410323,inf
90613,inf
488064,inf
37820,inf
370369,inf
521804,0.0
410153,inf
414153,inf
204011,inf
710507,inf
484535,inf
662010,inf
222064,0.0
344475,inf
5824,inf
697814,inf
635653,inf
26861,0.0
91328,inf
364128,inf
504177,inf
305580,inf
329451,0.0
261897,inf
664526,inf
385642,inf
78965,inf
555517,inf
382537,inf
507851,inf
455570,inf
81606,inf
100688,0.0
648618,inf
429117,inf
223450,0.0
321997,0.0
240244,inf
29166,0.0
32852,0.0
660426,inf
522866,inf
386451,inf
516763,inf
10151,inf
225403,inf
14683,0.0
312580,inf
580704,inf
586558,0.0
489098,inf
25149,inf
2852,inf
492159,inf
223204,inf
70510,0.0
367004,inf
418067,inf
234121,inf
422804,inf
250966,0.0
292788,0.0
652469,inf
481177,inf
634467,inf
425127,inf
707672,0.0
428695,inf
93932,inf
414279,inf
600931,inf
462254,0.0
493079,inf
2061,0.0
655901,0.0
529686,inf
382292,inf
495413,inf
278028,inf
444590,inf
459064,inf
233596,inf
103799,inf
562763,inf
206543,inf
59805,inf
483599,inf
383327,0.0
174735,inf
192458,inf
556513,inf
323871,inf
671085,inf
631838,0.0
629227,inf
19139,inf
54661,inf
526985,inf
607170,inf
555521,inf
551140,inf
543544,inf
687774,inf
30292,0.0
458559,inf
417289,inf
632969,0.0
629756,inf
146432,inf
671399,inf
446279,inf
202237,inf
584419,inf
189800,0.0
50907,inf
420109,inf
42526,inf
173053,inf
249442,inf
168704,inf
246442,inf
293358,inf
21804,inf
269938,inf
661729,inf
58431,inf
557890,inf
530608,inf
176311,inf
392930,0.0
242382,inf
582142,0.0
132353,inf
21189,inf
23256,inf
620675,inf
154806,inf
289071,inf
505285,inf
572505,inf
620261,inf
466984,inf
315633,inf
12901,inf
208757,inf
493937,inf
70901,inf
489088,inf
427704,0.0
62608,inf
44383,inf
348006,inf
487801,inf
331313,inf
67308,inf
90468,inf
140452,0.0
679974,inf
628168,inf
354593,inf
513832,inf
433869,inf
323748,inf
476129,inf
558744,0.0
56133,inf
370135,0.0
252749,inf
604638,inf
564398,inf
235738,inf
283496,inf
604317,inf
358716,inf
252098,inf
516700,inf
622610,inf
591289,0.0
164140,inf
75861,inf
440876,inf
636764,inf
345045,inf
33099,inf
32744,inf
202236,inf
534888,inf
455141,0.0
588302,inf
429140,inf
662022,inf
392014,inf
504360,inf
171862,inf
573690,inf
699023,inf
646945,inf
657993,inf
550213,inf
30801,inf
433409,inf
655109,inf
381223,inf
67972,inf
134325,inf
396749,0.0
336225,inf
604981,0.0
438206,0.0
85556,inf
337448,inf
575348,inf
361246,0.0
225163,inf
556967,inf
632042,inf
505236,inf
318431,inf
704826,0.0
163943,inf
600901,inf
146469,0.0
454873,inf
288235,inf
591807,inf
308562,0.0
338753,inf
227850,0.0
9857,inf
211896,inf
187168,inf
149363,inf
367146,0.0
352142,inf
106391,inf
100205,inf
455150,inf
470251,inf
156755,inf
222817,inf
149174,inf
649789,0.0
659251,inf
589167,inf
550783,inf
70572,inf
603404,inf
369576,inf
480482,inf
286347,inf
100417,inf
711474,0.0
203053,inf
533933,inf
29425,inf
578267,inf
73679,inf
619081,inf
318620,inf
539991,inf
362445,inf
661289,0.0
477475,inf
318217,inf
589998,0.0
23418,inf
447444,0.0
15322,inf
408747,inf
385482,0.0
686071,inf
550117,inf
507334,0.0
542721,inf
86075,inf
71291,inf
635777,inf
599916,0.0
680536,inf
298387,inf
583351,inf
492782,inf
673462,inf
486923,inf
557779,inf
464584,inf
360817,inf
242175,inf
503272,0.0
521200,inf
520444,inf
526094,inf
329469,inf
200094,inf
464439,inf
389606,inf
313195,inf
439284,inf
381844,inf
391132,inf
601719,inf
108225,inf
368945,inf
465766,inf
121502,inf
552907,0.0
252817,inf
125753,inf
406564,inf
116224,inf
698068,inf
558151,inf
693919,inf
664026,inf
88675,0.0
536918,inf
440216,inf
543721,inf
694540,inf
280143,inf
293164,inf
102654,inf
561573,inf
529731,inf
614043,inf
485741,inf
581089,inf
119878,inf
15683,inf
271841,inf
622734,inf
397046,inf
404332,inf
238044,inf
294637,inf
574166,inf
542015,0.0
648383,inf
63638,inf
31104,inf
95503,inf
275389,inf
666503,inf
603038,inf
636641,inf
501185,inf
418858,inf
257181,inf
603259,inf
139538,inf
533507,inf
582060,inf
378330,inf
452304,inf
238496,inf
491921,inf
475203,inf
6553,inf
554008,0.0
644199,inf
116696,inf
499269,inf
294352,0.0
306161,inf
1448,inf
270694,0.0
385510,0.0
3328,inf
604370,inf
659510,inf
337049,inf
337629,inf
504354,inf
692761,inf
281233,inf
440313,inf
208822,inf
238243,inf
565857,0.0
168367,inf
549688,0.0
148028,inf
425237,inf
422912,inf
452347,inf
167439,inf
268319,inf
525009,inf
411265,inf
150805,inf
305305,inf
564560,inf
532501,0.0
68880,0.0
546076,inf
223429,0.0
152568,inf
317352,inf
161162,0.0
565389,inf
295830,inf
252675,inf
136986,0.0
470193,inf
689247,inf
685071,0.0
332200,inf
352190,inf
42698,0.0
425144,0.0
254182,inf
658906,inf
584785,inf
108885,inf
596522,inf
244584,inf
78328,inf
39548,inf
328793,inf
154883,inf
222795,inf
653311,inf
205356,inf
475146,0.0
131725,inf
437997,inf
310569,inf
467691,inf
537702,inf
35144,inf
527324,0.0
12496,inf
222318,inf
106809,inf
186051,inf
282108,inf
671528,inf
12071,inf
408858,inf
606870,inf
676636,0.0
528174,inf
252141,inf
461146,inf
218397,inf
679297,0.0
684892,inf
575187,inf
209281,inf
46629,inf
411160,inf
582497,inf
262482,inf
548435,inf
452868,inf
665582,inf
196677,inf
215127,inf
484677,inf
337100,inf
276200,inf
320104,0.0
524591,inf
8517,inf
360185,inf
670645,inf
276883,inf
350724,0.0
658476,inf
68074,inf
288209,inf
111521,0.0
60856,0.0
387594,inf
536813,0.0
266926,0.0
458571,inf
296010,0.0
206644,inf
291642,inf
232239,inf
642023,inf
178182,inf
634845,inf
45950,inf
188924,inf
430243,inf
648239,inf
566630,inf
308406,inf
542735,inf
129411,inf
57079,inf
98516,inf
59990,inf
437212,inf
151757,inf
413817,0.0
567392,inf
65226,inf
6232,0.0
688382,inf
228310,inf
162449,inf
348258,inf
471712,inf
358459,inf
87008,inf
622242,inf
678986,inf
627687,inf
635910,inf
292039,inf
327268,inf
647639,inf
701915,inf
98838,inf
138125,inf
80796,inf
561798,inf
599877,0.0
259059,inf
49396,inf
698982,inf
370193,inf
548013,inf
438575,inf
516657,inf
440006,inf
287775,inf
403129,inf
29733,0.0
472416,inf
208937,inf
429311,0.0
363673,inf
20826,inf
22038,inf
176340,inf
581802,inf
331457,inf
267127,inf
351548,inf
544676,inf
606753,0.0
378130,inf
177884,inf
504138,0.0
404541,inf
345823,0.0
602238,inf
166998,inf
218064,inf
179032,0.0
260299,inf
12885,inf
701342,inf
443022,inf
416814,inf
354374,inf
394390,inf
592345,inf
96085,inf
653429,inf
158521,inf
535845,inf
535981,0.0
193115,inf
159091,0.0
475472,inf
495335,inf
103998,inf
288458,0.0
177627,inf
429776,inf
666329,inf
702879,inf
645899,inf
656174,inf
308369,inf
76917,inf
477576,inf
220530,inf
189047,0.0
240113,inf
468148,inf
96621,inf
677683,inf
64136,inf
223175,0.0
302930,inf
698164,inf
524058,inf
355314,inf
687075,inf
132196,inf
385216,0.0
600319,0.0
398666,inf
561438,0.0
79826,inf
662616,inf
64792,inf
482997,inf
574369,inf
301021,inf
636066,inf
243604,inf
522195,inf
632258,inf
152254,inf
105620,inf
288358,inf
472016,inf
540298,0.0
682569,inf
331862,inf
492465,inf
450768,inf
229842,inf
711965,inf
282687,inf
581670,inf
406556,0.0
506188,0.0
358211,inf
57740,0.0
335766,inf
574228,0.0
453614,inf
7904,inf
561926,inf
432099,inf
390533,inf
158481,0.0
113399,inf
326212,inf
633207,inf
20558,inf
208574,inf
174088,0.0
124603,inf
613722,0.0
248857,inf
413104,0.0
637229,0.0
507510,inf
100332,inf
225133,inf
575960,inf
348925,inf
636085,inf
28881,0.0
7056,inf
207536,inf
593882,inf
541416,inf
625401,0.0
176699,inf
534296,inf
430085,0.0
420845,inf
454730,0.0
243847,inf
522655,inf
12954,inf
222438,inf
390844,inf
389030,inf
522990,0.0
390770,inf
555285,0.0
460253,inf
100190,0.0
446201,inf
476690,inf
31920,inf
526823,0.0
350092,inf
361130,inf
518398,inf
141660,0.0
34661,inf
52097,inf
608642,inf
638034,inf
351126,inf
558286,inf
659678,inf
264466,0.0
659739,inf
288263,inf
451753,inf
290985,inf
191585,inf
208114,inf
415225,inf
524526,inf
292511,0.0
18613,inf
493177,inf
533436,inf
211291,inf
156115,inf
568383,0.0
121106,0.0
157196,inf
1016,0.0
47822,0.0
220585,inf
297154,inf
664270,inf
633857,inf
117531,inf
289304,inf
100276,inf
124368,inf
409018,inf
73360,inf
333674,inf
348249,inf
334776,0.0
114622,inf
426657,inf
457867,0.0
394075,inf
629546,inf
261475,inf
94679,inf
244236,inf
279165,inf
665508,inf
88786,inf
138432,inf
295081,0.0
253482,0.0
195815,inf
323114,inf
159931,inf
633397,inf
301735,inf
395911,inf
144859,inf
670283,inf
621022,inf
513507,inf
659223,inf
458237,inf
421231,inf
689461,inf
88261,inf
155156,inf
520082,inf
534680,inf
230421,inf
639448,inf
13521,inf
185078,inf
643178,inf
299166,inf
213804,0.0
415891,inf
621591,inf
27725,inf
305065,inf
680215,inf
116549,inf
216960,inf
639420,inf
571739,inf
338599,inf
569225,inf
380614,inf
639435,inf
259234,inf
81385,inf
354136,inf
551172,inf
598460,inf
20658,0.0
31766,inf
344986,0.0
312802,inf
583237,inf
456319,inf
686616,inf
232894,inf
309083,inf
410068,inf
599321,inf
107482,inf
695643,inf
705225,inf
107515,0.0
305107,inf
286854,inf
576947,0.0
270687,inf
94651,inf
706141,inf
443460,inf
62138,inf
111782,0.0
511329,inf
202842,inf
491914,0.0
554810,inf
621851,inf
111498,inf
223545,inf
504585,0.0
185611,inf
621535,inf
69292,inf
73955,0.0
191171,inf
343416,inf
421415,inf
396465,inf
650695,inf
467593,0.0
218565,inf
648293,inf
312404,inf
92642,inf
600532,inf
43765,inf
83680,inf
620898,inf
443468,inf
183506,inf
110645,inf
281488,0.0
162435,inf
360840,inf
73094,inf
251067,0.0
528724,inf
105565,inf
86189,inf
412262,inf
447957,inf
520995,inf
370251,inf
122743,inf
327830,inf
85552,0.0
531400,0.0
64387,inf
18050,inf
526682,inf
218386,inf
425060,inf
594093,inf
688337,inf
34395,inf
101818,inf
657174,inf
32087,0.0
36204,inf
234039,inf
688491,inf
390849,inf
74218,inf
390377,inf
537589,0.0
620773,inf
360324,inf
587805,inf
264938,0.0
542938,inf
336373,inf
705140,inf
100758,inf
485740,inf
306180,inf
377792,inf
416023,inf
74672,inf
421996,inf
613365,inf
597816,inf
528953,inf
6652,inf
339285,inf
706976,inf
638093,inf
508523,inf
62997,inf
128719,inf
54750,0.0
78002,inf
405716,inf
516381,inf
104907,0.0
279688,inf
90337,inf
582978,inf
81910,inf
398138,inf
565626,inf
606489,0.0
606569,inf
454314,inf
331414,inf
339205,inf
683855,0.0
471665,inf
583686,inf
516957,inf
432288,inf
409669,inf
518727,0.0
82912,0.0
558069,inf
80868,inf
286287,inf
629146,inf
539024,0.0
695470,inf
215731,inf
37858,inf
360750,inf
534324,inf
685443,inf
555879,inf
311535,inf
505346,inf
129662,inf
353255,inf
414952,0.0
327687,inf
367213,inf
646278,inf
691189,inf
6273,inf
652928,0.0
557898,inf
527498,inf
182869,inf
575280,inf
497222,inf
465049,inf
656297,inf
339594,inf
550124,inf
597038,0.0
115466,inf
368221,inf
196253,inf
167478,inf
633335,inf
685630,inf
365711,inf
237534,inf
618412,inf
453734,inf
85726,inf
606410,inf
93756,inf
332083,0.0
595053,inf
615218,inf
596999,0.0
281396,inf
142479,inf
531209,inf
398665,inf
297282,inf
160613,inf
417283,inf
196332,inf
126864,inf
664822,inf
294057,inf
45027,inf
603635,inf
460677,inf
215046,0.0
2870,inf
226385,0.0
642245,inf
146069,inf
394261,inf
195585,inf
3932,inf
113498,inf
595692,inf
535199,inf
205932,inf
514758,inf
41896,inf
143523,inf
114390,0.0
696580,inf
112545,inf
467708,inf
545327,0.0
239030,inf
367911,inf
235525,inf
428258,inf
197737,inf
82213,0.0
57345,inf
339204,inf
552726,inf
434062,0.0
290610,inf
61022,inf
339002,inf
233632,0.0
261110,inf
90555,inf
127190,inf
378710,inf
420812,0.0
544463,0.0
414525,inf
676511,inf
324023,0.0
452738,inf
223613,inf
382580,inf
325478,inf
569232,inf
318790,inf
32988,inf
298091,inf
243002,0.0
279460,inf
449421,inf
333085,inf
257606,inf
474825,inf
183378,inf
438623,inf
440481,inf
385446,inf
323979,inf
198823,inf
186358,0.0
379013,inf
141195,inf
218599,inf
563628,inf
546357,inf
207768,inf
532366,inf
129588,inf
361623,inf
298203,inf
97375,inf
66590,inf
504210,0.0
599691,inf
112280,0.0
496788,inf
659540,inf
306589,inf
152563,inf
341258,inf
633951,inf
700726,inf
612054,inf
442539,0.0
691348,inf
200036,inf
239396,inf
636883,inf
21654,inf
184845,inf
597888,0.0
137074,inf
155876,inf
316448,inf
299046,inf
303450,inf
606368,inf
137605,inf
218157,inf
413116,inf
200595,0.0
633709,inf
303888,inf
79931,inf
656382,inf
35199,inf
699346,inf
17018,inf
182695,inf
120015,0.0
228976,inf
189463,0.0
14621,inf
661431,inf
354112,inf
515705,0.0
694696,inf
648905,inf
704460,inf
180887,0.0
651321,inf
379371,inf
433984,inf
181808,inf
414815,inf
147530,inf
178581,0.0
330311,inf
417309,inf
19554,inf
198685,inf
657974,inf
446604,inf
588744,inf
119275,inf
474595,inf
32538,inf
38397,inf
536183,0.0
390391,inf
450715,inf
156647,inf
192362,inf
664225,inf
390256,inf
277489,inf
341389,inf
423731,0.0
47383,inf
259580,inf
178962,0.0
591993,inf
338550,inf
218818,0.0
542465,inf
694351,inf
236036,inf
283833,inf
75942,inf
150784,inf
27492,inf
641210,inf
268223,0.0
435761,inf
86559,inf
7232,inf
678375,inf
172156,inf
256582,inf
631226,inf
285924,inf
398161,inf
709506,inf
134258,inf
665420,inf
221197,inf
170017,inf
26056,0.0
624423,inf
640776,inf
428512,0.0
2186,inf
595937,inf
398402,0.0
537699,inf
386277,inf
481519,0.0
181633,inf
399409,inf
141673,0.0
225578,inf
14049,inf
383854,inf
113610,inf
606479,inf
48845,inf
683046,inf
116640,0.0
618211,inf
79923,0.0
594854,0.0
455679,inf
275938,inf
470764,inf
482891,inf
426370,inf
387322,inf
545589,inf
383121,0.0
696854,inf
342956,inf
484930,inf
617796,inf
243209,inf
436799,inf
3131,inf
224996,inf
509726,inf
701809,inf
411731,inf
303536,inf
672524,0.0
223752,inf
116392,inf
492052,inf
42872,inf
198835,inf
645515,inf
112589,inf
170114,inf
136923,inf
312071,inf
495984,inf
387293,inf
231371,inf
513861,inf
98977,inf
64101,inf
388405,inf
524083,0.0
104975,inf
602461,inf
608599,inf
625242,inf
152263,inf
104083,inf
518108,inf
140571,inf
325059,inf
687850,inf
368245,0.0
403716,inf
294451,inf
584306,0.0
254584,inf
174507,inf
679550,inf
1030,inf
433941,inf
266478,inf
562925,inf
339697,inf
592428,inf
94891,inf
140156,inf
692042,inf
686302,inf
626793,inf
209991,inf
42948,inf
218410,0.0
408870,inf
378195,0.0
470302,inf
572715,inf
251906,inf
17693,inf
537881,0.0
123947,inf
213671,0.0
616707,inf
155838,inf
272254,inf
321106,inf
453283,inf
574559,inf
295007,0.0
527017,inf
182271,inf
85537,inf
18820,inf
423100,inf
651204,inf
399339,0.0
266767,inf
246413,inf
283318,inf
325644,inf
178749,inf
134735,inf
567108,inf
389821,inf
303699,0.0
286489,inf
40383,0.0
533156,inf
47084,inf
383491,inf
395729,inf
625517,0.0
333918,inf
570339,inf
58146,inf
423922,inf
379491,inf
105496,inf
275153,inf
178551,inf
419941,inf
253259,inf
89128,inf
220385,inf
255722,inf
310418,inf
144268,inf
532778,inf
590227,inf
323760,inf
446477,inf
138480,inf
184216,inf
116985,inf
597554,inf
397960,inf
383651,inf
158366,inf
601,inf
213754,inf
33911,inf
318831,inf
164756,0.0
87241,inf
643353,inf
17215,inf
615228,inf
378571,inf
114968,inf
706140,inf
310928,0.0
28379,inf
531991,inf
318274,inf
225680,inf
274067,inf
377569,inf
51200,inf
636171,inf
629678,inf
437156,inf
81816,0.0
346723,inf
139235,inf
583474,inf
419605,inf
489512,inf
290440,inf
382704,inf
630944,0.0
508018,inf
534860,0.0
584837,inf
49806,inf
710412,inf
352957,inf
403315,inf
145841,inf
445767,inf
253642,0.0
79453,inf
301477,inf
150553,inf
60555,inf
387715,inf
455208,inf
685498,inf
39734,inf
172065,inf
480527,inf
16645,inf
266055,inf
16305,inf
81023,inf
360282,inf
287519,inf
389970,inf
69177,inf
72162,inf
437285,inf
32806,inf
530746,inf
189561,inf
364758,inf
637354,inf
650908,inf
159272,inf
55732,inf
510549,inf
6503,0.0
689086,inf
266585,inf
457292,0.0
37507,inf
20155,inf
405040,inf
250992,inf
539270,inf
397023,inf
32081,inf
327376,inf
650136,inf
583983,inf
423697,inf
387542,inf
273617,inf
558010,inf
229336,inf
177277,inf
227636,inf
13642,inf
430093,inf
453800,0.0
1398,inf
634709,inf
640743,0.0
492817,inf
485455,inf
700580,0.0
337245,0.0
213992,inf
55177,inf
318856,inf
560579,inf
343977,inf
576659,inf
586411,inf
44590,inf
645419,inf
478807,0.0
68462,inf
402745,0.0
276391,inf
444176,inf
515877,0.0
625226,inf
512005,inf
184930,inf
72149,inf
458838,inf
155770,inf
19597,inf
100889,inf
662674,inf
607811,inf
213744,inf
483072,inf
387819,inf
43673,inf
651963,0.0
117180,inf
221949,inf
542560,0.0
410413,inf
156455,inf
219988,inf
350687,inf
528358,inf
580312,0.0
408062,inf
560951,inf
178659,inf
515137,inf
180718,inf
22019,0.0
609626,inf
93371,0.0
128206,inf
29378,0.0
305097,inf
667340,inf
341026,inf
184047,inf
3048,inf
346928,inf
338919,inf
97497,inf
224144,inf
203064,0.0
369903,0.0
83948,inf
338417,inf
673896,inf
414371,inf
451135,inf
117135,inf
107296,0.0
668694,inf
299317,0.0
530539,inf
430826,inf
266600,inf
197838,inf
235510,inf
145976,inf
42171,inf
648895,inf
300102,inf
547890,inf
579585,0.0
585332,inf
493111,0.0
30751,0.0
340726,inf
22958,inf
193658,0.0
147193,inf
33582,inf
170500,inf
552313,inf
678225,inf
78971,inf
287306,inf
331800,inf
351255,inf
633725,inf
424419,0.0
305055,inf
546220,inf
361956,inf
698026,inf
177441,inf
137221,inf
508126,inf
504653,inf
319637,inf
573831,inf
164147,0.0
689087,inf
247831,inf
185454,0.0
477788,inf
304057,inf
223885,inf
633666,inf
28177,inf
709728,inf
322136,inf
61528,inf
560203,inf
337215,inf
299671,0.0
224497,inf
405237,0.0
491356,inf
188250,inf
334652,inf
231093,inf
133802,inf
338748,0.0
254681,0.0
334926,inf
449690,0.0
244175,inf
190709,0.0
71654,0.0
519766,0.0
442354,0.0
637038,inf
60247,inf
537022,inf
69805,inf
228344,inf
21470,inf
678975,0.0
524630,inf
229434,inf
109525,inf
491623,inf
234304,inf
304063,inf
81283,inf
459196,inf
691785,0.0
646518,0.0
458869,inf
499009,0.0
186964,inf
260985,inf
693297,0.0
547175,inf
665338,inf
183311,inf
581192,inf
294184,inf
655549,inf
198338,inf
479515,inf
22142,inf
453684,inf
517937,inf
190342,inf
620239,inf
241981,inf
655161,inf
261117,inf
457026,inf
375180,inf
226958,inf
585860,0.0
190188,inf
444376,0.0
308744,inf
123680,inf
709703,0.0
231377,inf
235125,inf
397092,inf
137015,inf
132264,inf
118149,inf
44094,inf
589069,inf
43588,0.0
336654,0.0
400152,inf
700023,0.0
451318,inf
669608,inf
33842,inf
157186,inf
109185,inf
287103,inf
638964,0.0
434035,inf
348271,inf
164709,inf
243229,0.0
258463,0.0
190038,inf
438393,0.0
544382,inf
662802,0.0
384667,inf
312639,inf
454015,0.0
588097,inf
368831,inf
590391,inf
13046,inf
517257,inf
698694,inf
350609,inf
128817,inf
419330,inf
99749,0.0
336305,inf
634318,inf
397539,inf
435591,inf
599151,0.0
467056,0.0
661036,inf
670606,inf
455919,inf
508973,inf
402580,inf
409322,inf
100098,inf
16854,inf
529442,inf
383225,inf
341582,inf
492065,inf
314456,inf
694722,inf
181083,inf
386104,inf
155927,inf
376271,inf
675646,0.0
502709,inf
605148,0.0
63519,0.0
586034,inf
18394,0.0
614694,inf
535642,inf
444225,0.0
460469,inf
94488,0.0
476718,inf
230200,inf
495503,0.0
542287,inf
679336,inf
219429,0.0
661894,inf
680186,inf
635796,inf
69100,inf
400119,inf
203550,inf
308928,inf
581148,inf
87255,0.0
311891,inf
202229,inf
3286,inf
638689,inf
83506,inf
166301,inf
32768,0.0
532239,0.0
464265,inf
417839,inf
457976,inf
664903,inf
617927,inf
385171,inf
489755,inf
91287,inf
119190,inf
570599,inf
670201,inf
498259,inf
248255,inf
16123,inf
262992,0.0
501195,0.0
281185,inf
1597,inf
478199,inf
613764,inf
309117,inf
473860,inf
123776,inf
425757,inf
314663,inf
280881,0.0
24669,inf
265951,inf
701308,inf
564607,0.0
515415,inf
600947,inf
3509,inf
450745,inf
164225,0.0
543172,inf
85497,inf
73074,inf
20331,0.0
621111,0.0
598400,inf
107079,inf
617815,inf
286706,inf
271655,inf
705164,inf
630254,0.0
699886,inf
524484,inf
45856,inf
100254,inf
472995,0.0
34577,0.0
281849,inf
329077,inf
358773,inf
147996,inf
387249,inf
440900,inf
93875,0.0
527689,inf
493104,inf
625018,inf
201473,inf
498489,inf
239218,inf
409159,inf
178141,0.0
275519,0.0
134890,inf
40107,0.0
557452,inf
68224,inf
328120,inf
609991,inf
7055,inf
75761,inf
442575,inf
46209,inf
344195,0.0
501949,inf
103961,inf
300575,inf
272353,0.0
645342,inf
528274,0.0
433055,inf
482927,inf
17294,inf
54118,inf
31915,inf
395571,inf
423689,inf
74755,inf
231978,0.0
192243,inf
371152,inf
255370,0.0
152547,inf
53533,inf
657013,inf
622124,inf
123619,inf
303257,inf
226856,inf
594157,inf
710885,inf
25323,inf
420031,inf
641548,inf
253632,inf
374869,inf
664819,inf
646077,inf
2526,inf
696315,inf
442512,inf
188364,0.0
612441,0.0
604925,inf
372417,inf
573948,inf
534862,inf
532978,inf
614397,inf
574334,inf
478629,inf
313217,inf
35429,inf
286994,inf
229558,inf
159667,inf
428388,inf
224103,inf
510513,inf
171633,inf
56342,inf
1603,inf
68671,0.0
366138,inf
639624,inf
510109,inf
704754,0.0
512876,inf
455539,inf
338323,0.0
599143,inf
408838,0.0
377076,inf
452892,0.0
243997,inf
399588,inf
88453,inf
61289,inf
60248,inf
540230,inf
504392,inf
267062,inf
2024,inf
289628,inf
227650,inf
230827,inf
313072,inf
115099,inf
256621,inf
456601,inf
698896,inf
644863,inf
620998,inf
109102,inf
593458,inf
168754,inf
135285,inf
554038,inf
48718,inf
134846,inf
495774,inf
149668,inf
349315,inf
415833,inf
93162,0.0
224328,inf
811,inf
92183,inf
700013,inf
412438,0.0
498785,0.0
492661,inf
226927,0.0
169685,inf
479840,inf
283032,inf
181525,inf
433160,inf
326916,0.0
555170,inf
274822,inf
507063,inf
71083,inf
561922,0.0
423561,inf
618190,inf
632255,inf
399736,0.0
551938,0.0
434941,inf
118905,inf
350475,inf
235091,inf
117215,inf
84418,inf
27115,inf
226203,inf
473981,inf
341720,0.0
23426,0.0
227841,inf
332974,inf
285479,inf
222687,0.0
643490,inf
523720,0.0
688654,inf
421116,0.0
346951,0.0
109573,inf
260793,0.0
278756,inf
358485,inf
53335,inf
20150,inf
453659,inf
171826,inf
495624,inf
266557,inf
338636,inf
93169,inf
532656,0.0
589376,0.0
387530,inf
151420,inf
165967,inf
405943,inf
171969,inf
232105,inf
464911,0.0
551376,inf
88998,0.0
138713,inf
629550,inf
33668,inf
171887,inf
483976,inf
218723,inf
331662,inf
89694,inf
45954,inf
444135,0.0
288603,inf
383827,inf
579577,inf
438606,0.0
378845,inf
597873,0.0
245802,inf
664595,inf
385391,inf
293749,inf
333124,inf
158897,inf
709980,inf
52290,inf
524745,inf
375626,0.0
411931,inf
304485,inf
621359,inf
489074,inf
434805,0.0
623256,inf
607281,inf
692253,inf
289570,inf
617919,inf
75995,inf
543107,inf
553536,0.0
298456,0.0
304342,inf
487539,inf
513855,inf
33627,inf
180303,inf
495303,inf
153736,0.0
53995,inf
140625,inf
393634,inf
178621,inf
218363,inf
611957,inf
639989,inf
575874,inf
229883,inf
277208,inf
136691,0.0
313044,inf
130816,inf
461724,inf
163029,inf
700153,0.0
311807,0.0
295637,inf
675000,inf
555664,inf
373401,inf
120029,inf
247684,inf
265202,inf
310334,inf
86486,inf
78826,inf
684353,inf
184977,inf
709759,inf
162930,inf
404842,inf
72673,0.0
432807,inf
570203,inf
28447,inf
664395,inf
307893,inf
389672,inf
285374,inf
128935,inf
215106,0.0
149891,inf
61330,inf
608100,inf
44302,inf
182536,inf
216542,inf
553986,inf
181770,0.0
386262,inf
336002,inf
76792,inf
496507,0.0
492294,inf
123000,inf
112761,inf
97215,inf
4851,inf
348191,inf
164845,inf
519677,inf
132457,inf
532649,inf
15861,inf
560183,0.0
562746,inf
166093,inf
495142,inf
117159,0.0
705344,inf
261445,inf
178882,inf
527001,inf
180184,inf
472773,0.0
155335,inf
168516,inf
493611,inf
292400,inf
651261,inf
654813,0.0
385340,inf
526594,inf
372918,inf
451998,inf
163993,inf
363698,inf
61377,inf
543296,inf
64765,inf
545184,inf
147639,0.0
115221,0.0
596161,0.0
710304,0.0
11649,0.0
227544,inf
374459,0.0
494331,inf
679756,inf
534486,0.0
167764,inf
293410,0.0
310711,inf
498970,inf
533245,inf
604364,inf
659966,inf
435543,inf
535634,inf
572160,inf
37665,inf
461652,inf
407957,inf
483039,inf
582024,inf
431601,0.0
139652,inf
343058,inf
324024,inf
539473,inf
107594,inf
72517,inf
306410,inf
471394,inf
284496,inf
709151,0.0
440550,inf
335991,inf
265264,inf
98757,inf
445141,inf
136009,inf
523733,inf
413528,inf
420664,inf
81180,0.0
24657,inf
138670,inf
526063,inf
603314,inf
489377,inf
444717,inf
660386,inf
33649,0.0
623032,inf
117856,inf
663830,inf
11729,inf
210598,inf
82885,inf
146646,0.0
253511,inf
659217,inf
660924,inf
350767,inf
247078,inf
379465,0.0
514994,inf
174438,inf
176176,inf
620337,inf
348344,inf
274841,inf
330817,inf
590431,inf
171187,inf
100740,inf
171162,inf
165512,inf
537495,inf
322067,inf
540255,0.0
579257,0.0
119567,inf
622733,0.0
306001,inf
6419,inf
126875,inf
389682,inf
135623,inf
445990,inf
620027,inf
467505,inf
344252,inf
99987,inf
463411,0.0
118759,inf
189959,inf
317675,inf
250248,inf
459730,inf
69844,inf
616546,inf
355027,0.0
690580,inf
668600,0.0
614351,inf
86151,inf
331417,inf
511327,0.0
600563,inf
543009,inf
129788,inf
46038,inf
689316,inf
183462,inf
209423,inf
566306,0.0
687346,inf
644048,inf
621158,inf
82815,inf
46796,inf
308797,inf
116076,inf
625078,0.0
476901,inf
33824,inf
119028,inf
25641,inf
512461,inf
269311,inf
196997,inf
620245,inf
61749,inf
45575,inf
82585,inf
352513,0.0
434763,inf
216427,inf
652419,inf
553431,inf
381594,inf
678678,inf
648377,inf
29627,inf
142669,inf
201290,inf
160645,inf
497543,inf
619138,inf
711184,inf
242609,0.0
125704,inf
483691,0.0
562521,inf
360147,inf
268556,inf
656017,inf
578742,inf
160,inf
547541,0.0
68634,inf
327630,inf
660877,inf
202208,inf
272330,inf
244763,inf
399917,inf
378519,inf
375962,inf
108147,0.0
6858,inf
473202,0.0
668806,inf
55121,inf
591619,inf
104452,inf
597437,inf
86582,inf
466294,inf
141244,inf
365108,inf
366430,0.0
560761,inf
69010,inf
517337,inf
544895,inf
285618,inf
170530,inf
633782,inf
601019,0.0
267534,inf
260881,inf
469013,inf
443005,inf
274391,inf
480551,inf
198231,inf
356822,inf
562513,inf
108092,inf
697759,inf
295474,inf
639477,inf
605539,inf
12501,inf
7309,inf
402008,inf
636876,inf
177337,inf
676716,inf
145055,inf
82894,inf
215138,inf
617861,inf
121237,inf
148861,inf
65026,inf
480292,inf
190747,inf
24099,inf
204690,inf
68237,0.0
177788,inf
165778,inf
75443,inf
528015,inf
213763,inf
659690,0.0
180307,inf
183600,0.0
202953,inf
204751,inf
49757,inf
437856,0.0
232177,inf
83369,inf
680474,inf
679618,inf
400547,inf
213589,inf
442021,inf
356451,0.0
167225,inf
515377,0.0
109242,inf
522524,inf
515373,0.0
118195,inf
341909,inf
323855,inf
229719,inf
624788,0.0
331498,inf
266665,inf
40553,inf
572028,0.0
294293,inf
381083,inf
582789,inf
386745,inf
269281,inf
365714,inf
57417,inf
430540,inf
1399,inf
73794,inf
109141,0.0
707412,inf
326161,0.0
151502,inf
615287,inf
553752,inf
576762,0.0
315224,0.0
687127,inf
94360,inf
346025,inf
496462,inf
124667,inf
550307,inf
634517,0.0
702767,inf
372071,inf
567152,inf
699531,inf
335725,inf
478409,0.0
466102,inf
493609,inf
533043,inf
369070,inf
572424,inf
21431,inf
522348,0.0
518767,inf
202375,inf
140829,inf
132885,inf
519299,inf
497211,0.0
385815,inf
582727,inf
409632,inf
266686,0.0
631670,inf
90043,inf
633906,inf
685527,inf
586882,inf
250841,inf
554459,inf
237282,0.0
347817,inf
2495,inf
682702,inf
283271,inf
111939,inf
575375,inf
624458,inf
321941,inf
325438,inf
230667,inf
167157,inf
261398,inf
452509,inf
23215,0.0
618092,0.0
226922,0.0
554419,inf
55939,inf
287435,inf
536234,inf
378385,inf
502273,inf
611903,inf
4240,inf
385299,0.0
98861,0.0
263685,inf
432562,inf
589313,inf
270421,inf
25423,inf
232859,inf
591506,0.0
354888,inf
116522,inf
599665,inf
607652,inf
703852,inf
547689,inf
588668,inf
490309,inf
493940,inf
486127,inf
678506,0.0
514044,inf
664334,inf
122800,0.0
601377,inf
387741,0.0
616208,inf
708540,inf
579360,inf
122312,inf
678636,inf
642921,inf
505375,inf
333619,inf
112041,inf
177922,inf
428484,inf
230932,inf
86298,inf
601101,inf
466,0.0
185570,inf
36060,inf
415077,inf
223176,0.0
209236,inf
295336,inf
443285,inf
620826,inf
406591,inf
532380,inf
86590,inf
256679,inf
657434,inf
193049,0.0
75665,inf
28923,inf
499629,inf
661098,inf
443953,inf
392141,0.0
123152,inf
151003,inf
109495,inf
481139,inf
529072,inf
539763,inf
184089,inf
174720,inf
395647,inf
501833,inf
145988,inf
469286,inf
28488,inf
299685,inf
333650,inf
611936,inf
286725,inf
388375,inf
377031,inf
6661,0.0
469577,inf
562227,0.0
244297,inf
709096,0.0
13614,0.0
710954,inf
397995,inf
284813,inf
439109,inf
568934,inf
176604,inf
523563,inf
198354,inf
451064,inf
411230,inf
283564,inf
400384,0.0
441980,inf
458766,0.0
403256,inf
182763,inf
501502,inf
30875,0.0
673975,inf
270414,inf
317650,inf
11283,inf
473999,0.0
106172,inf
89309,inf
234156,inf
294127,inf
416169,inf
9325,inf
175216,inf
215328,0.0
392592,0.0
213282,inf
377456,inf
426571,0.0
266252,inf
291694,inf
261418,inf
383257,inf
679214,0.0
249134,0.0
162666,inf
39583,inf
393052,inf
420969,inf
511168,0.0
480140,0.0
470102,0.0
215370,inf
152646,inf
660563,0.0
433990,inf
351708,0.0
46309,inf
281333,inf
386379,inf
186337,inf
682842,inf
573858,inf
479965,inf
309370,inf
664951,inf
240736,inf
497485,inf
415997,inf
706351,0.0
133482,inf
630862,inf
263980,0.0
285253,0.0
447690,0.0
432759,inf
20190,inf
83753,inf
369843,inf
582640,inf
7963,0.0
445822,inf
580786,inf
479223,0.0
286850,inf
658125,inf
537103,inf
579239,inf
36002,inf
601096,inf
498451,inf
574236,0.0
342364,0.0
594341,0.0
635520,inf
464012,0.0
233913,inf
134782,inf
445742,inf
615722,inf
343442,inf
161363,inf
190300,inf
116172,inf
317204,inf
120725,inf
330029,inf
692877,inf
582422,inf
419697,0.0
126791,inf
5397,inf
400672,inf
522683,inf
90242,inf
217573,0.0
458434,inf
273290,inf
205343,inf
516289,inf
393073,0.0
447142,inf
615412,0.0
159844,inf
365046,0.0
68188,inf
637126,inf
281179,0.0
533765,inf
348873,inf
342493,inf
585904,0.0
535165,inf
522011,inf
351114,inf
508668,inf
218274,0.0
674560,inf
447788,inf
562757,inf
687031,inf
676475,inf
168640,inf
519354,inf
570902,inf
2909,inf
294483,inf
286752,inf
506814,inf
11133,inf
230201,inf
157104,inf
323752,0.0
603484,inf
622828,0.0
593358,inf
116940,inf
67787,inf
553378,inf
83965,0.0
653402,inf
576895,0.0
177274,0.0
630383,inf
316579,inf
12897,inf
163765,0.0
430183,inf
422562,inf
440742,0.0
183443,inf
464373,0.0
558780,0.0
170117,inf
295251,inf
51911,inf
134953,inf
352542,0.0
73054,0.0
534517,inf
307610,inf
87942,inf
423466,inf
148341,inf
317058,inf
180987,0.0
283421,inf
24116,inf
510519,inf
327004,inf
460260,inf
86013,inf
8797,0.0
462411,inf
459800,inf
26420,inf
515638,inf
128806,inf
625152,inf
495007,inf
149766,inf
361097,inf
613770,inf
544283,inf
340147,inf
89955,inf
277315,inf
380268,inf
431618,0.0
258544,inf
623542,inf
58230,0.0
634388,inf
373391,inf
521233,inf
191872,0.0
369018,0.0
226945,0.0
17681,inf
376024,0.0
99339,inf
334263,0.0
108182,inf
532825,inf
334480,inf
169769,inf
3035,inf
330397,inf
147164,inf
672693,inf
35980,inf
409763,0.0
424798,inf
10761,inf
530357,inf
503330,inf
694056,0.0
44653,0.0
440136,inf
103943,inf
8309,inf
360459,inf
54513,inf
192656,inf
630006,0.0
192729,inf
234656,inf
710252,inf
268486,0.0
335767,inf
665866,0.0
456821,inf
239399,inf
689197,inf
341340,inf
425559,inf
594766,inf
108328,inf
325463,inf
641541,inf
135514,0.0
570946,inf
538290,inf
516938,0.0
498869,inf
551223,inf
294580,inf
695411,inf
548529,0.0
355023,inf
239387,inf
179021,inf
682715,inf
73521,inf
171594,inf
32778,inf
581243,0.0
42694,inf
294746,inf
563090,inf
85174,inf
395124,inf
69669,inf
553468,inf
362983,inf
191918,0.0
540611,0.0
199045,inf
14141,inf
672357,inf
276010,inf
576996,inf
523300,0.0
707682,inf
487164,inf
427746,0.0
595057,inf
413908,0.0
243616,0.0
276889,0.0
655195,0.0
187797,inf
517190,inf
429641,inf
257938,inf
24442,0.0
302950,0.0
61878,inf
99902,inf
532232,inf
292083,0.0
707706,inf
399690,inf
119763,inf
486247,0.0
143351,inf
695935,inf
153055,inf
587439,inf
671019,inf
176876,inf
30982,inf
117783,inf
582941,inf
160604,inf
370847,inf
458992,inf
501482,inf
449885,inf
369834,inf
382524,0.0
55025,0.0
570337,inf
30864,inf
381536,inf
605753,inf
678625,inf
292740,inf
466208,inf
99016,inf
136133,inf
325992,inf
646666,inf
336889,inf
648955,inf
92850,inf
665151,inf
11092,inf
476666,inf
356340,inf
502476,inf
30180,inf
466036,0.0
685228,inf
561263,inf
116262,inf
221618,inf
360513,0.0
343353,inf
91571,inf
242455,inf
709997,inf
56473,inf
401973,inf
133434,inf
599227,inf
577877,inf
148842,inf
652692,inf
82065,inf
332349,inf
189525,inf
510333,inf
72013,inf
591002,inf
280529,inf
269786,inf
432531,inf
473275,inf
108194,inf
160413,inf
268147,inf
365417,inf
131199,0.0
404512,0.0
179127,inf
650556,inf
125392,0.0
620504,inf
590663,inf
345953,inf
383271,inf
560632,inf
458568,0.0
497418,0.0
378163,inf
474484,inf
270409,inf
181975,inf
687258,inf
682270,inf
162037,inf
585985,inf
464676,inf
556983,inf
634075,inf
19525,0.0
537112,inf
399360,inf
118758,inf
356298,inf
606819,inf
284453,inf
86640,inf
333297,inf
69203,inf
352319,0.0
147730,inf
84438,inf
633525,inf
281766,inf
322087,inf
41543,0.0
611885,inf
580090,inf
462893,inf
591390,inf
481517,0.0
286731,inf
211625,inf
475982,inf
663280,0.0
268869,inf
512722,inf
580990,inf
636027,inf
636368,0.0
310358,inf
230295,inf
450352,inf
119042,0.0
73573,inf
225958,inf
578418,inf
645,inf
89846,inf
582541,inf
315647,inf
286124,inf
365900,inf
157832,inf
492472,inf
602794,inf
359775,inf
269730,inf
162460,0.0
86554,inf
194331,inf
389569,inf
409961,inf
262649,0.0
303121,inf
74260,inf
465157,inf
503990,inf
96610,inf
170667,inf
572579,inf
258512,inf
373530,0.0
704114,inf
17188,0.0
694370,0.0
155961,inf
410575,inf
579864,inf
51802,inf
554321,inf
154113,inf
65698,inf
292095,inf
658470,inf
85711,0.0
296502,inf
619397,inf
63808,inf
85123,inf
222172,inf
52880,inf
279032,0.0
16992,inf
264,inf
497479,inf
708099,inf
99206,inf
706923,0.0
325421,0.0
295101,inf
212897,inf
523602,0.0
224015,inf
240831,inf
312356,inf
587070,inf
563283,inf
313404,inf
658350,inf
109854,inf
311072,inf
690302,0.0
478353,inf
617104,inf
289887,0.0
291397,inf
316169,inf
24435,inf
457259,inf
416543,inf
149439,inf
111247,0.0
60881,inf
544661,inf
659419,inf
44122,inf
668189,inf
199590,inf
295494,inf
446963,inf
542691,0.0
122691,inf
509258,inf
14904,0.0
325371,0.0
204586,0.0
419381,inf
10296,inf
30397,inf
381281,inf
674015,inf
697655,inf
11089,inf
252014,inf
656815,inf
65033,inf
492067,inf
239596,inf
377320,inf
373807,inf
18392,inf
688608,inf
609047,inf
86212,inf
287550,0.0
80518,inf
478263,inf
376248,inf
615881,inf
389248,inf
61168,inf
159417,0.0
325809,inf
116717,inf
18844,inf
447713,inf
85370,0.0
543029,inf
56409,inf
387150,0.0
334209,inf
401969,inf
552856,inf
133341,inf
703597,inf
269535,0.0
383422,inf
699585,inf
170793,inf
557361,inf
564988,inf
276210,inf
684251,inf
264974,inf
545522,inf
319591,inf
73353,inf
683276,inf
44878,inf
416115,0.0
138767,inf
53389,inf
196244,0.0
163356,inf
168117,0.0
425785,inf
370148,inf
348774,inf
344245,inf
196290,inf
452221,inf
354919,inf
483084,inf
358119,inf
706135,inf
638946,inf
407452,inf
698824,0.0
443320,0.0
295992,0.0
95229,inf
661405,inf
112775,inf
690432,inf
651556,inf
351128,inf
202138,0.0
356794,inf
449753,inf
99079,inf
531653,inf
709411,inf
102337,inf
190137,inf
634935,inf
129472,inf
158680,inf
63088,inf
263621,inf
315252,inf
107554,inf
489603,inf
604017,inf
299243,0.0
585373,0.0
173976,inf
38301,inf
689391,inf
17878,inf
337386,inf
504457,inf
625847,inf
561911,0.0
614320,inf
408503,inf
342516,inf
618021,inf
189788,inf
571974,inf
455711,inf
622564,inf
707198,inf
631221,inf
21112,inf
312878,inf
288306,inf
398678,inf
145708,inf
382147,inf
371414,0.0
703954,inf
86899,inf
396877,inf
1282,0.0
631589,inf
455671,inf
469908,inf
431985,inf
278139,inf
431632,inf
377562,inf
213735,inf
663185,inf
646623,inf
539051,inf
84020,inf
660422,0.0
558981,inf
116183,inf
599798,inf
682117,inf
700616,inf
304848,0.0
421259,inf
188571,inf
568917,inf
644780,0.0
232597,0.0
225943,inf
512432,inf
510778,0.0
516800,inf
117796,inf
132131,0.0
338988,inf
710054,inf
385941,0.0
598902,inf
27059,inf
230416,inf
393159,inf
447991,inf
372129,inf
185843,inf
402870,inf
279096,inf
183787,0.0
214154,inf
426255,inf
110925,inf
66316,inf
566546,inf
511047,inf
631547,inf
187617,inf
638341,inf
352597,inf
430290,inf
512629,0.0
406884,inf
247840,inf
531231,inf
440330,inf
584372,inf
516319,inf
40264,inf
160152,inf
695800,0.0
317161,inf
233510,inf
133663,inf
352424,inf
489542,inf
182718,inf
528406,0.0
157382,inf
520209,inf
68949,inf
333930,inf
366961,inf
610261,0.0
103835,inf
213266,inf
414054,inf
637551,inf
157357,inf
328144,0.0
33495,inf
271210,0.0
359817,inf
201664,inf
454950,inf
414231,inf
397614,inf
191520,inf
665936,inf
358450,inf
23929,inf
702655,inf
459506,inf
156927,inf
592540,inf
573714,inf
664986,inf
179576,inf
190910,inf
28898,inf
19750,inf
501839,inf
120024,0.0
611384,inf
589525,inf
470469,inf
515647,inf
335726,inf
122545,inf
443886,inf
582025,inf
696967,inf
241644,inf
187749,0.0
528886,inf
514852,inf
59181,0.0
293868,inf
215851,inf
335045,0.0
470156,inf
103416,inf
382868,inf
158310,0.0
75067,inf
92926,0.0
697638,inf
244157,inf
659647,inf
362374,inf
113336,0.0
562297,inf
514356,inf
203133,inf
40463,inf
349012,inf
122147,inf
10677,inf
351760,inf
151636,0.0
87203,inf
18659,inf
270964,inf
158220,inf
435608,0.0
505888,inf
446814,0.0
25620,inf
157480,inf
217623,0.0
92029,0.0
304956,inf
640944,inf
246436,inf
679873,inf
409704,inf
29729,0.0
450117,inf
431555,inf
195025,inf
529517,inf
638278,inf
329130,inf
90687,inf
548043,inf
594162,inf
650016,inf
697712,inf
231270,inf
438791,inf
466200,0.0
57927,0.0
241016,0.0
138402,0.0
512918,inf
422682,inf
331921,inf
387760,inf
572214,inf
56048,0.0
198733,inf
294307,inf
123043,inf
231584,inf
381098,0.0
369410,inf
49274,inf
615717,inf
283661,inf
40227,inf
574345,inf
77198,inf
490527,inf
94825,inf
86874,inf
195976,inf
117765,inf
267033,inf
631975,0.0
617388,inf
202166,inf
405721,0.0
329115,inf
169463,inf
236734,inf
97969,inf
544306,inf
523106,inf
321221,inf
499271,inf
213497,inf
517608,inf
337431,inf
180530,inf
506716,inf
368937,inf
193551,inf
32937,inf
293242,inf
218326,inf
556325,inf
313243,inf
130413,inf
288527,inf
19507,inf
121022,inf
4190,inf
128107,inf
318822,inf
293182,inf
598277,inf
384022,inf
316712,inf
664678,0.0
619353,inf
499897,inf
518189,inf
137697,0.0
166374,inf
639583,inf
392518,inf
111530,inf
48271,inf
137588,inf
438663,inf
690796,inf
205317,inf
177008,inf
295225,0.0
216691,inf
209459,inf
688332,inf
9395,inf
547161,0.0
445523,0.0
549550,inf
416677,inf
287223,inf
629049,inf
681950,inf
678324,0.0
130788,inf
28568,inf
325433,inf
476582,inf
2937,inf
652529,inf
4495,0.0
145173,inf
36813,0.0
465409,inf
175764,inf
204905,inf
428647,inf
424792,inf
36056,inf
702657,0.0
418434,0.0
331182,inf
124964,inf
323148,inf
527914,inf
604206,inf
650999,inf
140899,inf
316906,inf
400472,0.0
69367,inf
648062,inf
69757,inf
43666,inf
254792,inf
433473,inf
449167,inf
317219,inf
583479,inf
175142,inf
671972,0.0
203913,0.0
244934,inf
23143,inf
29151,inf
219210,inf
377576,inf
289740,inf
252039,inf
12490,0.0
503467,inf
271052,inf
591811,inf
28477,inf
140578,0.0
433093,inf
622614,inf
193094,inf
209951,inf
319479,inf
612742,inf
667285,inf
647505,inf
701632,inf
539431,inf
54019,inf
653185,inf
486650,inf
170850,inf
546523,inf
479905,inf
216352,inf
436512,inf
425226,inf
629253,inf
84557,inf
563313,0.0
397746,inf
659124,0.0
43529,inf
478809,inf
164606,inf
642069,inf
311449,inf
403293,0.0
127799,inf
302263,inf
648567,inf
413122,inf
661480,inf
115145,inf
462516,inf
494532,inf
76860,inf
565943,inf
373866,0.0
470032,inf
563231,inf
159196,inf
526968,inf
657400,inf
209865,inf
102995,inf
696515,0.0
139603,inf
414089,inf
114113,inf
565520,inf
368167,inf
193081,inf
174502,inf
156798,0.0
111236,inf
687017,inf
540363,0.0
591186,inf
390807,inf
652663,0.0
485165,0.0
284811,inf
217054,inf
654909,0.0
386910,inf
269387,inf
242810,0.0
574202,inf
48367,inf
644520,inf
586337,inf
5178,inf
479418,inf
320498,inf
161105,inf
34314,inf
513809,inf
633333,inf
687003,0.0
361585,inf
75039,inf
286494,inf
113098,inf
616835,inf
364191,0.0
433068,0.0
154261,0.0
544147,0.0
176048,inf
234108,0.0
340850,inf
141359,0.0
429839,0.0
407642,inf
265060,inf
171208,inf
589879,inf
129944,inf
110773,inf
378825,inf
654332,inf
537590,0.0
652227,0.0
319212,inf
271760,inf
278974,inf
206496,0.0
28314,inf
462291,inf
627156,inf
336953,0.0
81631,inf
704660,inf
293884,inf
630007,inf
599476,inf
63226,inf
169957,inf
71427,inf
649228,0.0
76463,inf
1044,inf
9050,inf
213263,inf
491939,inf
623005,inf
7451,inf
315606,0.0
9638,inf
263101,inf
20226,0.0
583526,inf
203356,inf
530551,inf
654291,inf
574003,0.0
594992,inf
635097,0.0
630128,inf
352355,inf
412214,inf
340736,inf
455825,inf
584749,0.0
311866,inf
581836,inf
257290,inf
661846,inf
323378,inf
510093,inf
661293,inf
592033,inf
9410,inf
346320,inf
308439,inf
360951,inf
437460,0.0
474600,inf
83267,inf
379019,0.0
460219,inf
127410,inf
572944,inf
506828,inf
314751,inf
124951,inf
249093,0.0
59129,inf
558061,inf
17765,inf
564902,inf
320177,inf
193399,inf
4799,inf
515930,inf
293264,inf
502919,0.0
181580,inf
644866,inf
456192,inf
504993,inf
58846,inf
141186,inf
248399,inf
456359,inf
454896,inf
619233,inf
643156,inf
112639,inf
711624,inf
626123,0.0
246332,inf
708484,inf
163383,inf
287246,inf
579497,inf
325961,inf
478425,inf
131040,inf
396803,inf
309700,inf
27986,inf
221797,0.0
653372,0.0
500861,inf
300129,inf
412867,inf
339596,inf
691620,inf
262204,inf
462957,inf
411577,0.0
45042,inf
543664,inf
634268,inf
593582,0.0
422666,0.0
666227,inf
490893,inf
499900,inf
709774,inf
231195,0.0
144475,inf
176117,inf
214452,0.0
308376,inf
182468,inf
41174,inf
84608,0.0
118070,0.0
116100,inf
84359,inf
646439,inf
472290,0.0
416576,inf
260593,inf
22860,inf
686539,inf
470636,inf
406536,inf
539855,0.0
462581,inf
558036,inf
311883,inf
345048,inf
10981,inf
349244,inf
165932,0.0
696144,0.0
440187,0.0
26241,inf
560069,inf
414567,inf
523097,inf
236488,0.0
189241,inf
223624,inf
604757,inf
86365,inf
2408,inf
591077,inf
37397,inf
648875,inf
149369,inf
646470,inf
518201,0.0
235145,inf
385887,inf
493180,inf
458484,0.0
557061,inf
285827,inf
118136,inf
194407,0.0
196251,inf
339562,0.0
239172,inf
684423,inf
633842,inf
567922,inf
246775,inf
624583,inf
609002,inf
291580,0.0
522753,inf
410590,inf
17374,0.0
450251,inf
359704,inf
320206,0.0
39525,inf
41197,inf
426365,inf
524082,inf
664199,inf
177892,inf
840,inf
131872,inf
103515,inf
425150,0.0
265537,inf
673433,inf
40016,0.0
313504,inf
705471,inf
259146,inf
309697,0.0
239848,inf
583423,inf
567274,inf
199917,inf
30358,inf
649396,inf
603989,inf
262698,0.0
2107,inf
593386,inf
378359,inf
652727,inf
240623,inf
710809,inf
546278,0.0
683859,inf
503419,0.0
575575,inf
654017,inf
167600,inf
702609,inf
711909,inf
492891,inf
531306,inf
104217,inf
397459,0.0
50224,inf
661281,inf
440623,inf
128622,inf
128728,inf
462888,inf
48549,inf
254943,0.0
504243,inf
675464,0.0
309455,0.0
266270,inf
422071,inf
189841,0.0
163084,0.0
638503,inf
588886,inf
591409,inf
187013,inf
486071,inf
378684,inf
190301,inf
451597,inf
107318,inf
699904,inf
416210,inf
648515,inf
462831,inf
16296,inf
80376,inf
582023,0.0
78547,inf
180460,inf
682640,0.0
338286,inf
189557,inf
42111,inf
502649,inf
707156,inf
541126,inf
214420,inf
695161,inf
14311,0.0
610159,0.0
92026,inf
212197,inf
15794,inf
160243,inf
441147,inf
203487,inf
158202,inf
230788,inf
131178,0.0
186721,inf
548845,inf
231958,inf
386878,0.0
454897,inf
32705,0.0
700605,inf
242801,inf
459063,0.0
9489,inf
664593,inf
286132,inf
666534,inf
79978,inf
192428,inf
25288,inf
688955,inf
265184,0.0
123281,0.0
350420,0.0
390929,inf
421853,inf
631773,inf
499274,inf
127243,inf
96805,0.0
319793,inf
119021,inf
5726,inf
495974,inf
347078,inf
203689,inf
504831,inf
193277,inf
89593,inf
449354,inf
85902,inf
18528,0.0
711210,0.0
659677,inf
131198,inf
136993,inf
676823,0.0
529683,inf
466275,inf
201022,inf
412106,inf
437534,inf
603142,inf
431854,inf
385968,inf
10571,inf
1776,inf
166322,0.0
655377,inf
407679,inf
622157,inf
663793,inf
708514,inf
472299,inf
631193,inf
693906,inf
565613,0.0
342007,inf
171986,inf
22934,inf
598934,inf
381614,inf
371065,inf
405451,inf
221204,0.0
593913,0.0
375068,0.0
600496,inf
706329,inf
704673,inf
572981,0.0
354102,inf
119314,inf
580951,inf
381076,inf
164596,inf
699812,inf
697660,inf
310854,inf
353334,inf
522764,inf
499708,inf
120821,0.0
637130,0.0
191901,0.0
491976,0.0
47279,inf
335073,inf
553429,0.0
334551,inf
513582,inf
287656,inf
458328,inf
252877,0.0
425499,inf
352864,inf
91051,inf
690722,inf
350399,0.0
186537,inf
445000,inf
194642,inf
626138,inf
216623,inf
489248,inf
153114,inf
171351,inf
45926,0.0
647241,inf
24238,inf
122944,inf
676470,inf
48185,inf
125472,inf
595429,inf
463012,inf
131631,inf
517069,inf
490845,0.0
288995,inf
439198,inf
548637,inf
196492,inf
32838,inf
443524,inf
498010,inf
426355,inf
93524,inf
94318,inf
353682,inf
656156,inf
344071,inf
221549,inf
371669,inf
687379,inf
323381,inf
106467,inf
114215,0.0
234110,inf
619908,0.0
578196,0.0
511422,inf
411792,inf
319628,inf
67882,inf
550649,0.0
139008,inf
679805,inf
530300,inf
17213,inf
19036,inf
112789,inf
699329,inf
487736,inf
130792,inf
627583,inf
205126,inf
708882,inf
233508,inf
656959,inf
653365,inf
235185,inf
653990,inf
670210,inf
127400,inf
426756,inf
203944,inf
199233,inf
289920,inf
493450,0.0
394898,inf
306631,inf
407777,inf
268746,inf
179517,inf
347995,inf
224892,inf
72966,0.0
633122,inf
157222,inf
597923,inf
31790,inf
198277,inf
332625,inf
191515,inf
23535,0.0
291034,inf
415197,inf
74701,inf
142457,inf
372459,inf
23235,0.0
642581,0.0
642167,0.0
479908,inf
338973,0.0
403026,inf
506232,inf
238213,inf
520194,inf
610121,inf
340875,0.0
196705,inf
369340,inf
223049,inf
193443,inf
610782,0.0
309884,inf
6191,inf
205937,inf
661263,inf
642512,inf
702838,0.0
307422,inf
462155,inf
165286,0.0
577183,inf
401946,inf
415400,inf
200353,inf
632380,inf
216393,inf
60860,0.0
303947,inf
599525,inf
298815,inf
495684,inf
377175,inf
442820,inf
575249,inf
401161,inf
407649,0.0
549634,inf
191769,inf
399933,inf
597984,inf
672568,inf
166216,inf
239338,inf
527850,inf
255775,inf
541902,inf
591018,inf
246521,0.0
166489,inf
702393,inf
487151,inf
443678,inf
591648,inf
634621,inf
663286,inf
118469,0.0
585424,0.0
702415,inf
114567,0.0
528636,0.0
353765,inf
364177,inf
18000,0.0
266570,inf
676597,inf
146687,inf
463688,inf
13133,0.0
249572,inf
258095,inf
700659,inf
325287,inf
345096,inf
474576,inf
361149,0.0
559827,inf
218246,inf
325684,inf
157360,0.0
392132,inf
403084,inf
450602,inf
553692,inf
133689,0.0
171569,inf
456207,0.0
116718,inf
521961,0.0
444405,inf
396152,0.0
529126,inf
581508,inf
382202,inf
52755,inf
53162,inf
306779,inf
553107,inf
499697,inf
279117,inf
330301,inf
21675,inf
357424,0.0
521869,inf
548451,inf
213591,inf
204265,inf
244471,inf
509947,inf
609489,inf
360834,0.0
18241,inf
320573,inf
161095,inf
176498,inf
527083,inf
111460,inf
420386,inf
198410,inf
411061,inf
711218,inf
278569,0.0
486046,inf
61732,inf
570666,inf
238423,0.0
484993,inf
684472,inf
93255,inf
295788,inf
332878,inf
550108,0.0
198903,inf
415561,inf
645614,inf
525290,inf
237140,0.0
73464,inf
337919,inf
632510,inf
68211,inf
480546,inf
33348,inf
165685,inf
293677,inf
177920,0.0
565881,inf
507996,inf
696051,inf
293176,inf
656727,inf
214445,inf
202864,inf
527651,0.0
402185,inf
132808,inf
419925,0.0
125829,inf
110157,inf
121391,inf
645046,inf
199678,0.0
189280,0.0
152924,0.0
26121,inf
565255,0.0
52392,inf
531544,inf
322728,inf
475285,inf
426122,inf
631111,inf
546394,inf
474297,inf
34685,inf
324294,inf
533274,inf
216141,0.0
189874,inf
179588,0.0
134848,inf
528840,inf
631084,inf
92951,inf
352524,inf
323217,inf
135462,inf
190606,inf
348722,inf
208560,inf
93981,inf
296255,inf
661960,inf
329257,inf
155332,inf
392247,inf
649644,inf
196588,inf
597356,inf
19844,0.0
294630,inf
386056,inf
591642,inf
178207,inf
584354,0.0
103480,inf
82229,inf
400555,inf
504249,inf
160972,inf
320567,inf
344510,inf
640645,inf
258669,inf
626930,0.0
323123,inf
550701,0.0
502209,0.0
227935,inf
25050,inf
356678,inf
657704,inf
545471,inf
172243,inf
53876,inf
398176,0.0
658100,0.0
373306,inf
336296,inf
256211,inf
485807,inf
432931,inf
413210,inf
192332,inf
64599,inf
344298,inf
564582,inf
665605,inf
692530,0.0
184204,inf
8195,inf
375114,inf
200072,inf
312534,0.0
421197,inf
3517,inf
119003,inf
426599,0.0
360524,inf
315841,inf
614536,inf
612293,0.0
475160,0.0
532594,inf
499200,inf
195776,inf
510989,0.0
218732,inf
468628,inf
25934,inf
308192,0.0
142254,inf
639601,inf
549039,inf
235396,inf
679572,inf
84481,inf
555966,inf
649222,0.0
161894,inf
678972,inf
165019,inf
26966,inf
410301,inf
36884,inf
339247,inf
204957,inf
415740,inf
354698,inf
94614,inf
361316,inf
512931,inf
460616,0.0
568038,inf
517523,inf
391910,inf
208248,inf
486629,inf
603339,inf
563177,inf
88362,inf
539160,inf
105075,0.0
227910,inf
224282,inf
582376,inf
204796,inf
644254,inf
410086,inf
656224,inf
523803,inf
329277,inf
581955,inf
144129,inf
56132,inf
356042,inf
453347,inf
265813,inf
604771,0.0
616557,inf
49171,inf
501042,inf
149160,inf
3865,inf
479065,0.0
389695,0.0
208572,inf
627605,inf
205433,inf
463549,0.0
326036,0.0
307721,inf
374283,inf
431324,0.0
505670,0.0
205099,inf
606297,inf
607297,inf
113835,inf
330050,inf
68529,inf
620932,inf
609242,inf
403398,inf
693183,0.0
357953,inf
615819,inf
38490,inf
376731,0.0
163113,inf
216635,inf
711518,inf
670790,0.0
478845,inf
569343,inf
681587,0.0
435374,0.0
33874,inf
274229,0.0
482287,inf
680984,inf
64830,inf
447292,0.0
313514,inf
265174,inf
30621,inf
659522,inf
145139,inf
345293,inf
53908,inf
394896,inf
46641,inf
659897,inf
199298,inf
260621,0.0
320297,0.0
494339,inf
451126,inf
492784,inf
513100,inf
35768,inf
187176,inf
600814,0.0
42279,inf
520587,inf
471166,inf
34044,inf
416490,inf
515574,inf
333151,0.0
338859,inf
330456,inf
259649,inf
4162,inf
517214,0.0
232300,inf
286543,inf
638234,inf
226975,inf
284772,inf
384212,inf
141127,inf
495242,inf
475837,inf
468833,inf
573587,inf
37368,inf
351273,inf
15734,0.0
670341,inf
16041,inf
662109,inf
396538,inf
4354,inf
620860,inf
586020,0.0
511921,inf
32730,inf
13629,inf
564656,0.0
471673,0.0
11016,inf
488227,0.0
286368,inf
504244,inf
569946,0.0
37926,inf
556268,inf
55803,inf
487577,inf
414383,inf
58206,inf
495761,inf
480240,inf
171428,inf
685613,inf
85704,inf
299738,inf
393391,inf
572380,inf
619802,inf
620833,inf
227718,inf
678824,0.0
562027,inf
314957,inf
596173,inf
702272,inf
208202,inf
649989,inf
424450,inf
295097,0.0
346772,inf
104306,inf
65387,inf
632785,inf
281978,inf
378326,0.0
332505,inf
46509,inf
87179,0.0
51229,inf
511026,inf
330732,inf
474490,inf
617766,inf
412140,inf
243474,inf
489233,inf
550226,inf
59264,inf
292561,0.0
264005,inf
687396,inf
503263,inf
41137,0.0
554997,inf
686570,inf
345743,inf
214437,0.0
452482,inf
15835,inf
172473,inf
281470,inf
572572,inf
56287,inf
246963,inf
451685,inf
316532,inf
53776,inf
23667,inf
534785,0.0
591374,inf
10147,inf
656400,inf
407928,inf
3929,0.0
291036,inf
554693,inf
289035,inf
195193,inf
192192,inf
427169,inf
119721,0.0
39505,inf
578558,inf
193375,inf
30883,inf
340150,inf
254434,inf
618000,inf
24257,inf
281521,0.0
596310,inf
293570,0.0
158850,inf
35938,inf
358725,inf
202868,inf
644215,inf
551373,inf
208316,inf
292259,inf
338664,inf
585747,0.0
536036,inf
196428,inf
545891,inf
230573,inf
327101,inf
286428,inf
300456,inf
381903,inf
400719,0.0
53740,inf
344948,0.0
559388,inf
341300,inf
611282,inf
590958,inf
684620,inf
341780,inf
122403,inf
480136,inf
12508,0.0
30962,0.0
361295,inf
15354,inf
454207,0.0
651056,inf
497849,inf
461111,0.0
57863,inf
231468,inf
567737,inf
406633,inf
281308,inf
606605,0.0
130725,inf
48283,0.0
452210,inf
663722,inf
482934,inf
507778,inf
530441,inf
263633,0.0
346937,0.0
229421,inf
429803,inf
672313,inf
488619,inf
671123,inf
94524,inf
67356,0.0
509667,inf
9756,0.0
527597,inf
335971,0.0
630245,inf
123985,0.0
598868,inf
419869,inf
649715,inf
708169,inf
579736,0.0
95267,inf
516349,0.0
301047,inf
319618,inf
46131,inf
129477,inf
604932,inf
517033,inf
682379,0.0
229039,0.0
346406,inf
407200,inf
530098,inf
285496,inf
540439,inf
373464,inf
439672,inf
74730,inf
465218,0.0
440759,0.0
653154,inf
475533,inf
706092,inf
177115,inf
614423,inf
333539,inf
599413,0.0
461892,inf
307305,0.0
391989,inf
275107,inf
416852,inf
662648,inf
611633,inf
302472,0.0
65670,inf
439513,inf
8626,inf
670550,inf
299110,inf
467398,inf
56417,inf
23520,inf
394085,inf
522950,0.0
530360,inf
637592,0.0
251943,inf
37306,inf
513469,inf
228182,0.0
701417,inf
388049,inf
257123,inf
76690,inf
358863,inf
554026,inf
635825,inf
107113,inf
356544,inf
432963,inf
230610,0.0
193685,inf
501160,inf
598589,0.0
449648,inf
140910,inf
630872,0.0
297188,inf
560712,inf
531120,inf
638985,inf
695740,inf
553821,inf
482606,inf
512358,inf
465470,inf
555894,inf
406554,inf
378105,inf
306255,inf
675872,0.0
669136,0.0
359804,0.0
481786,inf
463166,inf
189469,0.0
569750,inf
317025,inf
41076,0.0
365755,0.0
266121,inf
45129,0.0
85730,inf
613988,inf
465011,inf
593370,inf
228143,inf
409317,inf
247375,0.0
255150,inf
594160,inf
162320,inf
341416,inf
96090,inf
514765,0.0
574752,0.0
168546,inf
632872,inf
52243,inf
105215,inf
326693,inf
497072,inf
584298,0.0
269736,inf
349608,inf
305460,inf
503739,inf
292611,inf
359057,inf
621041,inf
173326,0.0
31228,inf
450880,inf
65490,0.0
594474,inf
217001,inf
544440,inf
356775,0.0
5669,inf
678489,inf
468989,inf
123505,inf
14116,inf
23106,inf
271275,inf
606739,inf
68764,inf
652115,inf
516611,0.0
36692,0.0
423660,inf
390426,inf
694813,inf
203540,inf
322289,inf
648754,inf
336165,inf
91819,inf
414177,inf
113170,inf
142276,inf
577805,inf
482490,inf
676579,inf
484475,inf
180846,0.0
14873,0.0
401567,inf
401488,inf
80143,0.0
671291,0.0
518965,inf
436134,inf
267412,inf
695592,inf
538848,0.0
219147,inf
292871,inf
338131,inf
484193,inf
373969,0.0
88413,inf
278305,inf
211598,inf
482021,0.0
120139,inf
703118,0.0
414556,0.0
158747,inf
254341,inf
517152,inf
700720,inf
383802,inf
447049,inf
506587,inf
664263,0.0
305818,inf
215060,inf
487900,inf
166043,inf
563078,inf
153144,inf
610274,0.0
83452,inf
492667,inf
319642,inf
44959,0.0
228588,inf
180292,inf
572887,inf
277939,0.0
634092,inf
201933,inf
560213,inf
411083,inf
296520,inf
163963,inf
249173,inf
549110,inf
432233,inf
62001,0.0
498018,inf
680207,inf
160677,inf
43221,inf
617248,inf
381809,inf
640534,inf
221123,inf
636051,inf
380973,inf
460784,inf
631627,0.0
324054,0.0
213192,inf
14118,0.0
441855,inf
272015,inf
559878,0.0
273809,inf
479344,inf
364910,inf
544912,inf
472971,inf
629211,inf
602520,inf
344107,inf
241056,0.0
90664,inf
439329,inf
481726,inf
437979,inf
559222,inf
348280,inf
640358,inf
548241,inf
233058,inf
430558,inf
562817,inf
268623,inf
472434,0.0
427809,inf
554630,inf
302297,inf
71713,inf
698311,inf
70501,inf
250528,0.0
476554,0.0
665497,inf
296155,inf
30382,inf
441693,inf
294855,inf
423113,inf
67212,0.0
627951,inf
26137,inf
474474,inf
638623,inf
563178,inf
396338,0.0
258045,0.0
131714,inf
74717,inf
39744,inf
380499,0.0
139582,inf
376855,inf
405268,inf
552850,inf
212800,inf
11510,inf
684329,inf
153790,0.0
189771,inf
605693,inf
586964,inf
216197,inf
295284,inf
341033,inf
46507,inf
268795,inf
446277,inf
198045,inf
460178,inf
693587,inf
146286,inf
90284,inf
549857,0.0
217649,inf
346990,0.0
737,inf
583301,inf
564387,inf
508398,inf
461113,inf
425710,inf
496503,inf
432815,0.0
27395,inf
159641,inf
554918,inf
401382,0.0
424740,inf
329398,inf
501312,inf
486185,inf
201572,inf
351485,inf
366994,0.0
140758,inf
525767,inf
391394,inf
400750,0.0
114617,0.0
519026,inf
609541,inf
113481,0.0
276205,inf
379230,inf
44604,inf
215367,inf
454555,inf
36840,inf
56955,inf
614282,0.0
78197,inf
115136,inf
167181,inf
627840,inf
344266,inf
111016,inf
456051,inf
34245,inf
646131,0.0
696000,inf
9791,inf
285037,inf
276203,0.0
694013,inf
370698,0.0
471119,inf
105271,inf
364299,inf
144818,inf
562968,inf
188314,inf
562412,0.0
109227,inf
122860,inf
369398,inf
97742,inf
289430,inf
463504,0.0
311878,inf
323040,inf
611224,inf
189407,0.0
593829,inf
217680,inf
550352,inf
441168,inf
296315,inf
83200,inf
129783,inf
457678,inf
284667,0.0
173223,inf
557991,inf
577937,0.0
93329,inf
425314,inf
239438,inf
562026,inf
155100,inf
694601,inf
202089,inf
186511,inf
632210,inf
565942,inf
196045,inf
260170,inf
308831,inf
575057,inf
558796,inf
466734,inf
556399,inf
274354,inf
112426,inf
539032,inf
647311,0.0
77431,inf
110517,inf
527097,inf
557212,inf
56791,inf
502049,inf
100074,inf
322379,inf
54548,inf
4736,inf
448761,inf
650504,inf
245550,inf
247021,inf
86114,inf
161352,0.0
295354,inf
356264,inf
526102,inf
217752,inf
213303,inf
458223,0.0
530491,inf
402675,inf
112503,inf
579843,inf
550585,inf
407579,inf
510045,inf
157566,inf
592484,0.0
587188,inf
616978,0.0
548396,inf
484591,inf
383562,inf
199903,inf
101012,inf
119191,inf
478061,inf
686498,inf
201554,inf
486965,0.0
671407,inf
266129,inf
31347,inf
128275,inf
494504,0.0
277249,inf
672346,inf
318275,inf
291744,0.0
28043,inf
199997,inf
219108,inf
118948,inf
84245,inf
273123,inf
450922,0.0
679857,inf
255013,inf
357329,inf
349756,inf
690308,inf
277659,inf
261013,inf
163793,inf
387558,inf
329820,0.0
166692,inf
433398,inf
671304,inf
264009,inf
414897,inf
222081,0.0
116130,inf
106469,inf
417840,inf
197076,0.0
365603,0.0
74359,inf
21729,inf
699733,inf
167840,inf
241364,0.0
233639,inf
430200,inf
212637,inf
169907,inf
294885,inf
19541,inf
348029,inf
64020,inf
394606,inf
289202,inf
75722,0.0
696600,inf
579862,inf
573966,inf
337595,inf
668792,inf
664239,inf
183511,inf
521482,inf
607677,inf
516017,0.0
367989,inf
489690,inf
322800,0.0
2579,inf
352997,inf
657199,inf
302185,0.0
622226,inf
610093,inf
611424,inf
416834,inf
328600,inf
319733,inf
642520,inf
529290,inf
287882,inf
389475,inf
397760,inf
69751,inf
391258,inf
435388,inf
710999,0.0
363153,0.0
10105,inf
4016,inf
325880,0.0
136677,inf
119318,inf
578909,inf
616360,inf
670130,inf
644810,inf
451868,inf
261931,inf
39786,inf
564397,inf
387428,0.0
632948,inf
187934,inf
1547,inf
3539,inf
516176,0.0
485391,inf
643890,inf
359828,inf
561686,inf
242940,inf
501359,inf
236909,inf
274957,inf
426472,inf
549138,inf
671797,inf
559865,inf
602775,inf
337563,0.0
279344,0.0
103349,inf
13918,inf
639076,inf
174406,inf
42139,inf
396018,inf
189180,inf
367739,inf
245935,inf
595769,inf
343828,inf
613110,inf
23659,inf
583598,inf
112637,inf
411863,inf
481792,0.0
286514,inf
554752,inf
431727,inf
527834,0.0
134995,inf
430007,inf
576536,inf
402056,inf
557579,inf
283282,inf
652814,inf
84153,inf
225898,inf
507931,inf
610808,inf
337299,inf
390956,inf
280823,inf
620310,inf
13542,inf
300834,inf
357506,inf
43230,inf
132846,inf
485863,0.0
349138,0.0
41586,inf
142178,0.0
465306,inf
416567,inf
439733,inf
617124,inf
29892,0.0
470438,inf
322187,inf
341738,inf
276487,inf
521133,0.0
329632,inf
597216,inf
471235,inf
240344,inf
404609,inf
134852,0.0
7420,inf
688952,0.0
636911,inf
381198,0.0
640634,inf
655393,inf
78967,inf
543573,0.0
661178,inf
657760,0.0
103241,inf
258631,inf
670610,0.0
202267,0.0
237242,inf
122592,inf
136602,inf
250978,inf
310104,inf
700373,inf
623465,inf
494193,inf
347229,inf
543477,inf
689745,0.0
245746,inf
383881,inf
410169,inf
99662,inf
394859,inf
371190,inf
278192,inf
22669,inf
691061,0.0
196785,inf
433357,inf
317116,inf
118952,inf
277117,inf
370961,inf
570722,inf
561708,inf
202579,inf
4067,0.0
583490,inf
379287,inf
534557,inf
185696,inf
86537,inf
688824,0.0
525568,inf
110379,inf
602338,inf
262906,0.0
91852,0.0
353294,inf
83927,inf
482252,inf
229427,inf
118521,0.0
608939,inf
493334,inf
141807,0.0
588975,0.0
340639,inf
229247,0.0
252031,inf
78411,inf
693874,inf
419582,0.0
144547,inf
508265,inf
305700,inf
274658,inf
351600,inf
329678,inf
633291,inf
58985,inf
690896,inf
287035,inf
67563,inf
56816,inf
617067,0.0
616903,inf
88606,inf
320788,inf
129888,inf
305360,inf
348170,inf
299913,inf
205231,inf
350114,inf
404186,inf
384512,inf
133070,inf
640852,inf
556771,inf
334959,0.0
186106,inf
522951,inf
235553,inf
692613,inf
697131,0.0
127470,inf
108750,inf
327693,0.0
26939,0.0
675181,inf
103354,0.0
81702,inf
341342,inf
319867,inf
699588,inf
676246,inf
504219,inf
390997,0.0
587485,inf
394519,0.0
310528,inf
350448,inf
256422,inf
429600,inf
275011,0.0
512716,inf
535510,inf
234563,inf
656906,inf
325746,0.0
27852,inf
273590,inf
111320,inf
395725,inf
630339,inf
134129,inf
422772,inf
180543,inf
225930,inf
512896,inf
272936,inf
368154,inf
513458,inf
212587,inf
82416,0.0
383662,inf
397875,inf
635983,inf
196414,inf
530806,inf
13038,inf
18726,0.0
663912,inf
188746,inf
376051,inf
537636,inf
13847,inf
107240,inf
88040,inf
155090,inf
366265,0.0
623085,inf
515183,0.0
615444,inf
225301,inf
675587,0.0
350090,0.0
247108,inf
202529,inf
46734,inf
69333,inf
500750,inf
409403,inf
8713,inf
561466,0.0
91144,0.0
679394,inf
59237,inf
471115,0.0
77250,inf
524757,inf
207715,inf
270980,inf
155594,inf
496522,inf
654699,inf
26453,0.0
168735,0.0
195381,inf
350541,inf
508351,inf
64955,inf
172976,inf
500388,inf
23513,inf
356845,inf
171529,inf
180726,inf
284093,inf
376376,inf
625249,inf
146581,inf
111926,0.0
530004,inf
526424,inf
71653,inf
463913,inf
438832,inf
224286,inf
408845,inf
628346,inf
374201,inf
699797,inf
493337,inf
639607,inf
162866,0.0
649952,0.0
152062,inf
444482,inf
403249,inf
329427,inf
71567,inf
482328,inf
221253,inf
175577,inf
223835,0.0
394103,inf
532874,inf
500774,inf
599753,0.0
439595,0.0
135884,0.0
50267,inf
473234,inf
134244,inf
5822,inf
650093,inf
43982,inf
655037,inf
162259,inf
64965,inf
566575,inf
655316,inf
110718,0.0
228849,0.0
133106,inf
688200,inf
323200,0.0
231311,inf
689323,inf
101251,inf
247934,inf
358298,inf
300747,inf
116541,inf
683683,inf
461090,inf
638443,inf
142040,inf
193751,0.0
569296,inf
246341,inf
668338,0.0
208330,inf
430893,0.0
264098,0.0
511152,inf
345197,inf
610371,inf
175792,inf
634821,inf
702986,0.0
123591,inf
163103,0.0
532100,0.0
305941,inf
248232,inf
622799,0.0
168190,inf
438980,inf
481183,0.0
244014,inf
381324,inf
364939,inf
26371,inf
515568,inf
653982,inf
565922,0.0
460767,inf
89710,inf
45295,inf
102496,0.0
414018,0.0
44235,inf
651330,inf
61,inf
18750,inf
363460,inf
302219,inf
281383,inf
191186,inf
512727,inf
474250,inf
617002,0.0
651779,inf
505587,inf
70193,inf
43800,inf
578136,inf
218450,inf
337109,inf
497342,inf
381377,0.0
458679,0.0
112220,0.0
248004,inf
692488,inf
375460,inf
442787,0.0
640175,inf
225342,0.0
180764,inf
582040,inf
684868,inf
700381,inf
662883,inf
355950,inf
132905,inf
12263,inf
678921,inf
434514,0.0
613220,inf
384809,inf
440966,inf
252186,inf
501284,inf
694446,0.0
666480,inf
440283,inf
188768,inf
573721,inf
657845,inf
413833,0.0
503300,inf
611753,inf
426961,inf
331705,inf
278222,inf
488679,inf
497724,inf
394163,inf
440303,inf
394444,inf
253692,inf
270590,inf
143304,inf
109224,inf
308906,inf
300249,0.0
606422,inf
154976,inf
350063,inf
373056,inf
706378,inf
329963,inf
629327,inf
565315,inf
147554,inf
229187,inf
701564,inf
375270,inf
635189,inf
706276,inf
434431,inf
233668,inf
423376,inf
267469,0.0
521745,inf
294832,inf
254274,inf
104251,inf
168338,inf
392998,inf
364377,inf
487858,0.0
686319,inf
28130,inf
95680,inf
217100,0.0
609391,0.0
285599,0.0
253973,inf
111970,inf
484481,inf
157844,0.0
324920,inf
324822,inf
125419,inf
597900,inf
535454,0.0
680218,inf
20179,inf
250922,inf
646135,0.0
516625,inf
454996,inf
564235,inf
500114,inf
577470,0.0
654782,inf
311803,inf
30631,inf
695111,0.0
112501,inf
519260,inf
656300,inf
483829,inf
292456,inf
319225,inf
57808,inf
671932,inf
362996,inf
386739,inf
218487,0.0
335574,inf
121155,inf
630930,inf
672871,inf
36576,inf
616720,inf
162543,inf
438202,inf
42520,inf
386163,inf
565802,inf
594515,0.0
114530,inf
637124,inf
2562,0.0
169715,inf
574563,inf
249257,inf
135246,0.0
338401,inf
695199,inf
95954,inf
128871,inf
620020,inf
570549,inf
275199,inf
26476,inf
677598,inf
701866,0.0
98984,inf
578880,0.0
33458,inf
252616,inf
275198,inf
673767,inf
162184,inf
612129,inf
437801,inf
444721,inf
561735,inf
686305,inf
441261,inf
26529,inf
535237,inf
419931,inf
420225,inf
131266,inf
552284,inf
240310,inf
125291,inf
331343,inf
341562,inf
398229,inf
402033,inf
164181,inf
524792,inf
642355,inf
499499,inf
612073,inf
50933,0.0
362275,inf
320136,0.0
499383,0.0
99228,inf
534471,0.0
99806,inf
367894,inf
177651,inf
277614,inf
104867,inf
401010,inf
361178,inf
448076,inf
644412,inf
159015,inf
548297,inf
668146,0.0
10534,inf
631949,inf
46441,inf
291166,inf
545910,0.0
349367,0.0
106637,0.0
233448,inf
119820,inf
471700,inf
518822,0.0
67934,inf
307488,0.0
599131,inf
267460,inf
406077,0.0
271949,inf
425011,inf
20917,inf
210580,inf
292005,0.0
637391,inf
281452,inf
562977,inf
127124,inf
492853,inf
641886,inf
287731,0.0
7302,inf
525713,inf
33439,inf
404061,inf
46565,inf
635868,inf
351610,inf
27500,inf
637811,inf
349022,0.0
310171,0.0
672608,inf
662384,0.0
690098,0.0
298411,inf
75810,inf
661750,inf
406741,inf
251816,inf
389566,inf
664092,inf
508936,0.0
447925,inf
155561,inf
208984,0.0
87563,inf
614134,inf
614531,inf
547885,0.0
20092,inf
28766,0.0
397508,inf
285821,inf
174779,inf
321470,inf
268894,inf
197720,inf
558383,inf
529763,inf
100886,inf
397537,inf
323633,0.0
30869,inf
521990,inf
50226,inf
42192,0.0
691253,0.0
445373,inf
203868,inf
16053,inf
460850,0.0
708924,inf
406707,inf
481597,inf
65204,inf
74104,0.0
671554,0.0
477374,0.0
656492,inf
419688,inf
261444,inf
369218,inf
393331,inf
157236,inf
46257,inf
285268,inf
584553,inf
331976,inf
340217,inf
210392,inf
696043,0.0
410448,0.0
57815,inf
492020,inf
290867,inf
427786,inf
515956,inf
112418,inf
159198,inf
244919,inf
351625,inf
222913,inf
93521,inf
311353,inf
452348,inf
246517,0.0
234658,inf
247693,inf
281271,inf
376108,inf
473029,0.0
580549,inf
276547,inf
427388,inf
604145,inf
335168,inf
663922,inf
169732,0.0
590142,inf
3891,inf
8113,inf
569957,inf
433124,inf
572923,inf
492327,inf
71127,0.0
333112,0.0
576452,inf
110092,inf
78214,inf
652159,0.0
372282,inf
364889,inf
179146,inf
504386,0.0
572671,inf
571364,inf
146935,inf
73566,inf
169126,inf
446062,inf
476087,inf
484864,inf
262283,0.0
26034,inf
10872,inf
230383,inf
376010,inf
110458,0.0
76889,inf
255975,0.0
334015,inf
694104,inf
232387,inf
209240,inf
494275,0.0
222755,inf
355883,0.0
170132,inf
394897,inf
21058,inf
511862,0.0
73849,inf
412943,inf
187036,0.0
462223,inf
688107,0.0
12069,inf
674540,inf
147783,inf
296848,inf
58359,inf
136940,0.0
555471,inf
598721,inf
423607,inf
132186,inf
459439,inf
45487,inf
681933,inf
526650,inf
565038,0.0
551276,inf
215272,inf
501547,inf
93245,inf
353837,0.0
586019,inf
451997,0.0
542272,0.0
438907,0.0
382158,inf
665793,inf
556124,inf
66797,inf
269448,0.0
137541,inf
83003,inf
279639,inf
120050,0.0
198599,inf
207586,inf
467937,inf
85649,inf
22550,inf
560448,0.0
464956,inf
245283,inf
476407,inf
689357,inf
481402,0.0
84007,inf
12904,inf
268996,inf
118882,inf
423598,inf
565737,inf
670900,inf
626222,0.0
654595,0.0
504772,inf
402874,inf
517570,0.0
188282,inf
662916,inf
553182,inf
539586,0.0
40196,inf
30478,inf
456557,inf
521647,inf
234296,0.0
536795,inf
704331,inf
603348,inf
306794,inf
188120,inf
226298,inf
534380,0.0
40507,inf
493499,inf
119399,inf
43383,inf
330100,inf
586156,inf
236576,inf
549167,inf
424729,inf
318910,0.0
122223,inf
299039,0.0
206585,inf
305798,inf
251381,inf
246120,inf
201007,inf
591164,inf
205004,inf
513797,0.0
538523,0.0
18741,inf
132653,inf
64756,inf
661868,0.0
20472,inf
410829,inf
453473,inf
579616,inf
526144,inf
534687,inf
364139,inf
469722,inf
609860,inf
213534,0.0
493378,inf
122713,0.0
638307,inf
322844,inf
331023,inf
258389,inf
279094,inf
523913,inf
548754,inf
471723,inf
634191,inf
7138,inf
321782,0.0
607649,inf
455958,inf
405001,inf
711055,inf
307065,inf
147009,inf
387800,0.0
149636,inf
378912,inf
47199,inf
75754,inf
148383,inf
541483,inf
237137,0.0
291061,inf
5334,inf
508196,0.0
653262,inf
385236,inf
323637,inf
555900,inf
465752,inf
458926,inf
191241,inf
374361,inf
42135,inf
613352,inf
76955,inf
78252,inf
72209,inf
628114,inf
563113,inf
581919,0.0
382773,0.0
130571,inf
646670,inf
584424,inf
89646,inf
508129,inf
674510,inf
389131,inf
174710,inf
357368,inf
517205,inf
343188,inf
382804,inf
690675,inf
363361,inf
697835,inf
335850,inf
86095,inf
171504,inf
322890,inf
250241,inf
4767,inf
254379,inf
507319,0.0
616285,inf
406149,inf
392706,inf
608484,inf
175411,inf
498393,inf
71937,inf
560010,inf
136315,inf
603402,inf
266256,0.0
134940,inf
556749,0.0
669897,inf
5053,inf
106089,inf
612923,inf
71041,0.0
670232,inf
166350,inf
12185,inf
348275,inf
614333,inf
699732,inf
14785,inf
99732,inf
332941,inf
524978,0.0
543086,inf
45187,0.0
484098,0.0
704524,inf
666757,inf
441296,inf
664237,inf
177605,inf
193607,inf
84239,inf
12979,0.0
161045,inf
544651,inf
223918,inf
705285,inf
315571,0.0
442261,inf
551798,inf
700866,0.0
419425,inf
116905,inf
277022,inf
34255,inf
228397,inf
666282,inf
92242,inf
66941,inf
97388,0.0
508969,inf
159386,inf
662385,inf
490714,inf
543663,inf
556261,0.0
691659,inf
303774,0.0
404305,inf
451812,inf
598513,inf
391807,inf
705195,inf
533160,inf
247575,inf
250551,inf
156321,inf
366497,0.0
92143,inf
419063,inf
472,0.0
500920,inf
390376,inf
694475,0.0
685953,inf
711600,inf
421766,inf
416911,inf
305548,inf
385298,inf
650109,0.0
235345,inf
8287,inf
220830,inf
684081,inf
295125,inf
564867,inf
326204,inf
499731,inf
126400,0.0
14197,inf
274128,inf
235488,inf
36982,inf
179268,inf
319251,inf
264789,inf
631120,inf
160070,inf
510018,inf
65335,inf
348300,inf
704441,inf
278996,inf
408501,0.0
275807,inf
311384,0.0
268572,0.0
100839,inf
660089,inf
167417,inf
661469,inf
465530,inf
210875,inf
416065,inf
98765,0.0
273655,inf
709504,inf
616625,inf
365753,inf
59713,inf
218296,inf
191545,inf
695594,inf
632257,inf
672947,0.0
549677,inf
87456,inf
615680,inf
533551,inf
249563,inf
545854,inf
203212,inf
375953,inf
134714,inf
189247,inf
88336,inf
172241,0.0
291845,inf
685158,inf
468155,inf
329089,0.0
629271,inf
676490,inf
9423,inf
446639,inf
207519,inf
674918,inf
152386,0.0
70906,0.0
506509,inf
229737,inf
514404,inf
645294,0.0
110932,inf
266659,0.0
276812,inf
6382,inf
244661,0.0
695281,inf
491180,inf
300247,inf
271488,inf
256199,0.0
424604,inf
352932,inf
174262,inf
504481,inf
12414,inf
279254,inf
138273,inf
126267,inf
563105,0.0
199730,0.0
31,inf
693222,inf
625699,inf
9920,0.0
29962,inf
52724,inf
557098,inf
30567,inf
40701,0.0
543582,inf
1379,inf
629895,inf
380441,inf
177079,inf
674773,inf
338964,0.0
480328,inf
387458,inf
62613,inf
28019,inf
316287,0.0
340698,inf
127514,0.0
277522,inf
457384,inf
586782,0.0
17966,inf
659067,inf
326629,inf
628323,inf
395496,inf
436879,inf
638648,inf
345507,inf
64883,inf
236169,inf
519447,0.0
79212,inf
510481,0.0
211741,inf
152341,inf
290974,0.0
525250,0.0
362114,inf
598680,inf
199322,inf
336544,inf
219427,inf
527887,inf
271246,inf
422334,inf
406950,inf
61734,0.0
274805,inf
170540,inf
484609,inf
655639,inf
323128,0.0
102389,inf
680865,inf
352445,inf
599363,inf
383989,inf
697144,inf
183123,inf
449069,inf
111672,inf
639516,inf
237274,0.0
5831,0.0
365251,inf
212723,inf
349119,inf
28266,inf
308881,0.0
618682,inf
87065,inf
569607,inf
93227,inf
458769,0.0
709929,inf
262089,inf
116756,inf
160665,inf
54159,inf
168448,inf
322147,0.0
495409,inf
263700,inf
284766,inf
27029,inf
295183,inf
574291,inf
644946,inf
646568,inf
174125,inf
49633,inf
680801,inf
253284,inf
112140,inf
41245,inf
510542,inf
636456,inf
524327,inf
559544,inf
633496,inf
144158,0.0
422670,0.0
227172,0.0
8073,inf
594412,inf
527581,inf
360238,inf
493235,0.0
526654,inf
652597,inf
606327,inf
70950,inf
639668,inf
708953,inf
532997,inf
670754,inf
605600,inf
300806,inf
14809,inf
337010,inf
635677,inf
558909,inf
148974,inf
219336,0.0
531671,inf
602464,0.0
262714,0.0
254216,0.0
614398,inf
566692,inf
100192,inf
549054,0.0
146126,inf
201208,inf
643625,inf
312762,inf
502447,inf
237349,inf
310845,inf
251285,inf
342248,inf
512232,inf
96290,inf
252437,0.0
655667,inf
661473,inf
70752,0.0
705760,inf
272489,0.0
690367,inf
676521,inf
266003,inf
483390,0.0
210197,inf
702298,inf
257045,inf
571994,0.0
384485,inf
590522,inf
95316,inf
275408,inf
333203,inf
127396,inf
347700,inf
253051,inf
459872,inf
359979,inf
458500,inf
38894,inf
549751,inf
175446,0.0
582121,inf
240839,inf
694096,inf
479710,inf
277560,inf
114554,inf
67583,inf
460885,inf
414307,inf
422472,inf
168118,0.0
156869,0.0
601491,inf
303363,inf
455964,inf
47961,inf
382803,inf
452294,inf
572333,inf
89783,inf
636361,0.0
324563,inf
109870,0.0
421553,0.0
249235,inf
42755,inf
214197,inf
137710,0.0
223509,inf
574262,inf
90941,inf
492506,inf
688518,inf
356367,inf
61691,inf
438619,inf
324062,inf
211373,inf
367265,inf
433002,inf
194393,inf
239367,inf
519086,inf
389940,inf
164035,inf
188802,inf
619217,inf
225434,inf
51079,inf
235848,0.0
211927,0.0
179794,inf
676954,inf
523980,inf
120672,inf
348027,inf
308230,inf
287188,inf
598051,inf
637752,inf
445529,inf
519612,inf
80017,inf
557024,inf
686935,inf
41029,inf
206527,inf
3602,inf
349374,inf
667625,inf
172462,0.0
432780,inf
18991,inf
343624,inf
644153,inf
650531,inf
407363,inf
212091,inf
666322,inf
88244,inf
75120,inf
507212,inf
422402,0.0
622995,inf
550354,inf
109265,inf
397648,inf
368887,0.0
78927,0.0
343711,inf
565273,0.0
632968,inf
269130,inf
404706,0.0
285803,inf
180708,inf
579908,inf
510718,inf
652603,inf
479371,inf
247595,inf
104101,inf
271005,inf
337242,inf
637214,inf
12305,inf
97952,inf
52524,inf
658621,inf
22355,inf
35451,inf
67330,0.0
398858,inf
258552,0.0
118104,inf
314330,0.0
290278,inf
534542,inf
311590,inf
408438,0.0
555626,inf
507756,inf
337333,inf
473780,inf
378220,0.0
223201,inf
125812,inf
523018,inf
558833,inf
560982,inf
378177,inf
282981,inf
616164,inf
307309,inf
235921,inf
88689,inf
597588,0.0
242414,inf
583291,inf
418017,inf
442914,inf
12135,inf
490507,inf
555600,inf
175582,inf
49851,inf
229961,0.0
290416,inf
624609,inf
497240,inf
169992,inf
281632,inf
613339,inf
384431,inf
149180,inf
333384,inf
67812,inf
281503,inf
377927,inf
382399,inf
676651,inf
634469,inf
54971,0.0
228554,0.0
475829,inf
363796,0.0
590045,inf
434206,inf
336661,inf
235278,inf
60417,inf
179551,inf
570186,inf
112128,inf
646621,inf
364041,inf
615224,inf
621665,inf
313150,inf
225206,inf
453825,inf
222594,inf
3844,0.0
670506,inf
143672,inf
551517,0.0
254448,0.0
603465,inf
116312,inf
430479,inf
676047,inf
554034,inf
197518,inf
249844,inf
41642,inf
145332,inf
687434,inf
622771,inf
128618,inf
576294,inf
359287,inf
147331,inf
480144,inf
583110,inf
431394,inf
588645,inf
308120,inf
475992,inf
170019,inf
632796,0.0
674935,inf
625116,0.0
167361,inf
285203,inf
323358,inf
497355,inf
296184,inf
244929,inf
216092,inf
5432,inf
267378,inf
329058,inf
674732,0.0
241322,inf
257836,0.0
21440,inf
385122,inf
127642,inf
158064,inf
453532,0.0
582191,inf
415030,inf
533833,inf
50135,inf
702408,inf
703402,inf
514517,inf
79266,inf
370478,inf
53734,inf
588758,inf
161941,inf
533312,inf
645176,inf
502788,inf
167399,inf
448717,inf
239801,0.0
702289,inf
331399,inf
428203,inf
241074,0.0
256223,inf
262111,inf
445203,inf
544667,inf
228192,inf
291497,0.0
310130,inf
213362,inf
523809,inf
704300,0.0
381284,inf
18934,0.0
707500,0.0
469976,inf
96240,inf
582178,inf
514326,inf
408624,inf
653324,inf
408494,inf
178065,inf
447720,inf
288972,inf
256577,inf
245140,inf
673858,inf
233289,inf
90072,inf
690127,inf
438173,inf
661325,inf
560450,inf
9939,inf
593359,inf
613305,0.0
190582,inf
468255,inf
303592,inf
276799,inf
443505,0.0
412790,0.0
200488,inf
144786,0.0
27061,inf
528003,0.0
202630,inf
343220,inf
341421,inf
529561,inf
515336,inf
38356,inf
119356,inf
469437,inf
492185,inf
256084,inf
99763,0.0
281,0.0
434219,0.0
202863,inf
294923,inf
255282,inf
230588,inf
708344,inf
17150,inf
689649,inf
186523,inf
487035,inf
580899,0.0
1737,inf
393641,inf
226160,inf
360003,inf
515550,0.0
365037,inf
486506,inf
630296,inf
105270,inf
575856,inf
604767,inf
397660,inf
65206,inf
132682,inf
665968,inf
268583,inf
451554,inf
233544,inf
135360,inf
172276,0.0
53191,inf
555488,inf
375297,inf
273422,inf
461459,inf
391755,inf
432761,inf
447326,0.0
338429,inf
103817,0.0
48165,0.0
651926,inf
641976,0.0
429757,0.0
559042,inf
545245,inf
549540,inf
82449,inf
191182,0.0
301260,inf
251264,inf
318360,inf
269822,0.0
651864,inf
705351,inf
514238,inf
463758,inf
162922,inf
320635,inf
639053,inf
641633,inf
674743,inf
587671,0.0
468729,inf
538503,inf
403692,0.0
65650,inf
217669,inf
342474,0.0
239567,inf
279412,inf
271328,inf
303876,inf
6778,inf
124254,0.0
214415,0.0
353705,inf
695208,inf
67219,inf
615958,inf
255410,inf
116170,inf
601437,inf
451121,0.0
446940,inf
154111,inf
354518,0.0
671872,0.0
345250,inf
234450,inf
487943,0.0
1975,0.0
550974,inf
223826,inf
170244,inf
256583,inf
626100,inf
366606,inf
238411,inf
95803,inf
432715,0.0
531103,inf
676175,inf
135135,0.0
688543,inf
434509,0.0
351033,inf
350631,inf
132672,inf
501670,inf
404393,inf
557527,inf
230221,inf
373483,inf
349359,inf
357749,inf
441730,inf
222387,inf
405219,inf
590316,inf
264442,inf
402567,inf
397949,inf
52027,inf
450092,inf
137038,inf
61816,inf
128858,0.0
593392,inf
533936,0.0
643963,inf
605098,inf
558201,inf
81112,inf
158298,inf
632824,inf
73262,inf
579924,inf
512159,inf
407951,0.0
629706,inf
703271,inf
43214,0.0
125045,inf
121629,inf
44442,inf
222240,inf
701048,inf
65740,inf
140609,inf
465570,inf
692237,inf
412800,0.0
236540,inf
701954,inf
612855,0.0
704356,inf
126718,inf
286107,inf
59942,inf
91967,inf
171834,inf
413897,inf
353377,0.0
571651,inf
54626,inf
3694,0.0
467390,inf
181703,inf
458809,inf
289116,inf
544061,inf
695479,inf
651863,inf
36935,inf
166653,inf
136154,inf
40576,inf
501846,inf
449850,inf
230443,0.0
523565,inf
170517,inf
467788,inf
648917,0.0
295118,inf
330464,0.0
132507,inf
403462,inf
268495,inf
352284,inf
204081,inf
523063,0.0
530358,0.0
392231,inf
604136,inf
121987,inf
570572,inf
675645,inf
300250,inf
171432,inf
679659,inf
288080,inf
125483,0.0
291939,inf
411298,0.0
172835,inf
68419,0.0
301232,inf
374293,inf
136468,inf
519887,inf
171025,inf
698597,inf
143852,inf
335152,inf
66637,inf
143289,0.0
420307,0.0
472535,inf
233908,inf
311638,inf
194884,inf
584008,inf
576348,inf
376117,0.0
636559,inf
328284,inf
168001,inf
234164,inf
522818,inf
247337,inf
294621,0.0
299320,inf
48357,inf
168194,inf
323548,0.0
687634,inf
406246,inf
482072,inf
471100,inf
103449,0.0
601111,inf
412530,inf
28183,0.0
389241,0.0
211011,inf
475727,inf
686776,inf
109280,inf
597288,inf
543785,inf
112608,inf
226440,0.0
409511,inf
647826,inf
542919,inf
54046,inf
556544,inf
337310,inf
624595,inf
624561,inf
446417,inf
18351,inf
617863,inf
429405,inf
278699,0.0
442585,inf
198055,inf
261156,inf
707189,inf
143038,inf
587157,inf
453872,inf
221455,0.0
654382,0.0
208548,0.0
671197,inf
583903,inf
688809,inf
208587,0.0
48992,inf
559329,0.0
546216,inf
571122,inf
145730,inf
36222,inf
445393,0.0
698262,inf
764,inf
498679,inf
315283,inf
149071,0.0
50873,inf
535319,inf
670885,0.0
414235,inf
475739,inf
335124,inf
489344,inf
575982,inf
143030,inf
555939,0.0
39549,inf
396868,0.0
393740,inf
206829,0.0
29304,inf
442217,inf
17504,inf
238866,inf
171541,0.0
456196,inf
544820,inf
710705,inf
125561,inf
36412,inf
27679,inf
65635,inf
328156,0.0
685670,inf
486808,inf
31355,inf
4196,inf
484408,0.0
394362,inf
619495,inf
289390,inf
205263,inf
358926,0.0
205862,0.0
16740,0.0
507930,0.0
41130,inf
368206,inf
434493,inf
130152,inf
58320,inf
158406,inf
358639,0.0
433382,0.0
50935,inf
582099,inf
285075,inf
652683,inf
653386,inf
672625,0.0
36890,inf
193298,inf
53989,inf
112397,inf
538553,0.0
513123,inf
383452,inf
517875,inf
107116,inf
83853,0.0
114109,inf
215407,0.0
214591,inf
520470,inf
103321,inf
123792,0.0
306531,inf
240993,inf
136264,inf
299145,inf
381113,0.0
647515,inf
267630,inf
294946,inf
689837,inf
411186,inf
552893,inf
648520,inf
200788,inf
568756,inf
239955,0.0
463262,inf
129955,inf
243350,inf
253982,inf
700736,inf
601321,inf
382372,0.0
21359,inf
279897,0.0
629581,0.0
25052,inf
404222,inf
62579,0.0
474357,inf
562252,inf
6155,0.0
231353,inf
182393,inf
663989,0.0
696983,inf
65559,inf
204402,inf
368616,inf
161561,0.0
356319,inf
519405,inf
438578,inf
266771,inf
322331,inf
43753,inf
548515,inf
654547,0.0
173161,inf
355077,inf
506869,inf
632105,0.0
636768,0.0
373792,0.0
557678,inf
462116,0.0
148294,inf
663417,inf
370808,inf
467093,0.0
547522,inf
290410,inf
66617,inf
106443,inf
56601,inf
444505,inf
248530,inf
668481,0.0
107777,inf
77186,inf
701309,inf
504278,inf
101074,inf
1372,inf
350981,inf
592110,inf
366314,inf
607781,inf
544438,0.0
194824,inf
597643,inf
424994,inf
52361,inf
152999,0.0
684054,inf
509965,inf
34853,inf
460084,inf
67235,inf
358193,inf
59696,inf
706755,inf
513740,inf
472750,inf
472627,inf
224590,0.0
699148,inf
436320,inf
67142,inf
128162,inf
504634,inf
31365,inf
219136,inf
83747,inf
42832,inf
660913,inf
168624,inf
315104,0.0
565114,inf
213433,inf
292962,inf
275978,0.0
30956,inf
48846,0.0
366524,inf
450962,0.0
532348,inf
259904,inf
62630,inf
244974,inf
575091,inf
448993,0.0
254339,inf
360288,inf
430967,inf
56198,inf
70959,inf
271726,inf
114927,inf
663145,inf
395100,0.0
603362,inf
24446,inf
553201,inf
275121,inf
414657,inf
79395,inf
600679,inf
416265,inf
599050,inf
517492,inf
469143,inf
370892,inf
256779,inf
609608,inf
151533,inf
38665,inf
62597,inf
112652,0.0
289221,inf
368260,inf
449118,inf
475731,inf
235876,inf
526577,0.0
240163,inf
261928,inf
518220,inf
114667,inf
256251,inf
496565,0.0
648325,inf
55790,inf
350482,inf
444772,0.0
208241,inf
49919,inf
627347,inf
345185,inf
484747,0.0
120770,inf
555397,inf
279873,inf
14939,inf
642951,inf
107485,inf
474247,inf
93967,inf
161550,0.0
225684,inf
603573,inf
708989,inf
159328,inf
132939,inf
42818,inf
193134,inf
224503,inf
517011,inf
205857,inf
492813,inf
282366,inf
510997,inf
240801,inf
493254,inf
612614,inf
685297,inf
78572,inf
580494,inf
353422,inf
595912,inf
470565,0.0
219207,inf
700494,inf
648455,inf
271195,inf
512406,inf
246582,inf
462597,0.0
323990,0.0
252643,inf
320633,inf
53304,inf
105182,inf
350154,inf
50351,inf
40849,inf
281461,0.0
195347,inf
75876,inf
686777,inf
686600,inf
195720,inf
490777,inf
364880,inf
263334,0.0
412424,inf
610917,inf
107177,inf
631737,inf
504403,inf
670555,inf
175991,inf
105415,inf
33344,inf
273441,inf
187128,inf
190190,inf
388082,inf
261934,inf
375506,inf
690348,inf
287881,0.0
236461,inf
335310,0.0
160954,inf
181889,inf
355355,inf
582933,inf
361257,inf
331749,inf
618271,inf
479513,inf
692644,inf
261072,inf
375639,0.0
551522,0.0
383558,inf
54519,0.0
180949,inf
532750,inf
88485,inf
422551,inf
48173,inf
646660,inf
135156,inf
447318,inf
399414,inf
185677,0.0
438904,inf
131463,0.0
199120,inf
300560,0.0
169265,inf
385616,0.0
166080,inf
704355,inf
117111,inf
249853,inf
477414,inf
66207,inf
69308,inf
84244,inf
160107,inf
467386,inf
633892,inf
164132,inf
604829,inf
426670,0.0
442011,inf
320436,inf
194,inf
275301,inf
170599,inf
618659,inf
139810,inf
482238,inf
535829,inf
248509,inf
211718,inf
621651,inf
546793,inf
502746,inf
110236,0.0
321392,inf
369630,0.0
102565,inf
173019,inf
382472,inf
408969,0.0
344105,inf
252999,inf
610296,inf
675145,inf
208925,inf
187715,inf
542412,inf
430438,inf
242615,inf
697227,0.0
299591,inf
383424,inf
302426,inf
455777,inf
234962,inf
620991,inf
227821,inf
67685,inf
289986,inf
457138,inf
342087,inf
92441,inf
137855,inf
252541,inf
373408,inf
59104,inf
612560,inf
353471,inf
280031,inf
377146,inf
313682,inf
220421,inf
369556,0.0
570694,inf
228921,0.0
576,inf
133490,inf
583761,inf
595656,inf
323445,inf
216033,inf
544989,inf
298049,inf
342864,inf
538903,inf
612235,inf
96616,inf
207999,inf
580552,inf
17912,inf
362234,inf
394154,inf
56353,0.0
608472,inf
233454,0.0
243435,inf
516788,inf
155437,inf
131745,inf
463439,inf
514396,inf
485542,inf
142492,inf
224420,0.0
20904,inf
674752,inf
279759,inf
695681,inf
683443,inf
482809,inf
467935,inf
146439,0.0
90953,inf
233507,inf
697728,inf
296214,inf
430648,inf
708021,inf
216150,inf
419741,inf
375354,inf
532201,inf
102782,inf
373700,inf
205676,inf
683823,0.0
48742,inf
158594,inf
677816,inf
341314,inf
30941,inf
530489,inf
536543,inf
280411,inf
45695,0.0
788,0.0
465150,0.0
154467,inf
618173,inf
338115,0.0
650267,0.0
238538,0.0
587486,inf
584261,inf
424497,inf
205177,inf
626606,0.0
464678,inf
476296,0.0
331550,inf
219726,inf
18439,inf
530683,inf
591103,0.0
466959,inf
115473,inf
274564,0.0
709171,inf
682757,inf
501905,inf
484918,inf
39133,0.0
330538,inf
318104,inf
445308,inf
239191,inf
553658,inf
636802,0.0
515254,0.0
627521,inf
352657,inf
495152,inf
241884,inf
77714,inf
123801,inf
450037,inf
353099,inf
293858,inf
94140,inf
90427,inf
249326,0.0
506637,inf
698888,0.0
401560,inf
170801,inf
701585,inf
587643,0.0
309891,inf
26118,inf
684361,inf
583987,inf
314954,inf
34969,inf
658679,inf
372404,0.0
204890,inf
663962,inf
117035,inf
348352,0.0
201055,inf
173624,inf
517596,inf
96716,inf
404376,inf
366649,0.0
690288,inf
440615,inf
625190,inf
466751,inf
28339,inf
668578,inf
37881,0.0
704783,inf
564568,0.0
428361,inf
341491,inf
484829,inf
91523,inf
558527,0.0
536419,inf
668965,inf
607799,inf
660980,inf
547659,inf
509729,inf
313796,inf
159943,inf
697934,inf
58208,inf
621832,0.0
196634,inf
559174,0.0
201634,inf
153592,inf
94869,0.0
232813,0.0
588636,inf
454142,inf
391315,inf
184328,inf
708732,inf
535207,inf
305862,inf
25935,0.0
169855,inf
254924,0.0
285638,inf
242797,inf
165394,inf
130138,0.0
449192,inf
208660,inf
107872,inf
40450,inf
697826,inf
64391,inf
501470,inf
607038,inf
49942,inf
499092,inf
167848,inf
320343,inf
659394,inf
231837,inf
261032,inf
79657,inf
260472,inf
220166,inf
634640,inf
379760,inf
556305,inf
196934,inf
167907,inf
298561,inf
519037,inf
130419,inf
211379,0.0
218205,inf
510454,inf
194038,inf
395202,inf
367587,inf
67419,0.0
320073,inf
317165,inf
542330,0.0
87327,0.0
563682,inf
388010,inf
380470,inf
465487,inf
399224,inf
611097,inf
206673,inf
193213,inf
251601,inf
251661,inf
407308,inf
608174,inf
426403,inf
711166,inf
710136,inf
219177,inf
300234,inf
353888,inf
463076,inf
271993,inf
673123,inf
565567,inf
637110,inf
251175,inf
24407,0.0
312335,inf
89725,inf
171806,0.0
537643,0.0
671840,inf
165696,inf
144302,inf
193671,0.0
329481,0.0
22407,inf
135387,inf
438218,inf
38270,inf
571013,0.0
157939,inf
137657,inf
355983,inf
650459,0.0
657679,inf
85259,0.0
523124,0.0
142387,0.0
364060,0.0
87344,inf
410091,inf
118455,inf
427158,0.0
654926,inf
72975,inf
163597,inf
555946,inf
437983,inf
259434,0.0
568537,inf
167241,inf
406650,inf
49091,inf
135112,inf
339622,inf
461048,inf
334183,0.0
582687,inf
618621,inf
21055,0.0
572711,0.0
211196,inf
103936,inf
340043,inf
511581,inf
31160,inf
41816,inf
564939,inf
196861,inf
652033,inf
533774,inf
363420,0.0
476530,inf
390111,inf
119456,inf
349768,inf
648916,inf
84616,inf
81715,inf
345719,inf
299563,inf
217362,inf
163237,inf
582624,0.0
159916,inf
35420,0.0
450298,inf
608455,0.0
555347,inf
440894,inf
544195,inf
677992,0.0
417150,inf
651197,inf
556535,inf
368791,inf
588029,0.0
150159,inf
504532,inf
631678,inf
395984,inf
74404,inf
451633,inf
423779,inf
130569,inf
596660,inf
610589,0.0
360387,inf
117149,0.0
565940,inf
697133,inf
515889,inf
668997,0.0
659997,inf
367542,0.0
178509,inf
682009,inf
32506,inf
31036,inf
380863,inf
24882,inf
127390,inf
561460,inf
116446,inf
229825,inf
530223,inf
400452,inf
64881,inf
665218,inf
18365,inf
536669,inf
336983,inf
511511,inf
349026,inf
160861,inf
630899,0.0
59820,inf
633188,inf
699708,0.0
196167,0.0
84680,inf
600474,0.0
340911,inf
38828,0.0
494961,inf
405211,inf
323938,inf
151509,inf
550200,inf
144049,inf
571489,0.0
709539,inf
182261,inf
164828,0.0
86591,inf
572793,inf
157349,0.0
505682,inf
359229,inf
512031,inf
178050,inf
43502,0.0
618543,0.0
307696,inf
266612,0.0
280339,0.0
52619,inf
417708,inf
511916,inf
492356,inf
189051,0.0
458740,inf
335807,inf
256126,inf
205590,inf
93617,inf
130310,inf
104547,inf
598959,inf
166505,0.0
435154,inf
30752,0.0
8015,inf
47102,inf
236884,inf
418010,inf
480928,inf
103155,inf
468554,inf
302038,inf
57800,0.0
395137,inf
370853,inf
314832,inf
161490,inf
173972,0.0
220336,inf
704233,inf
315580,inf
267963,inf
311785,inf
584398,inf
262514,inf
279910,inf
597005,inf
655953,inf
196385,inf
565337,inf
418841,inf
452099,inf
618895,inf
500008,inf
708828,inf
224884,inf
104145,inf
227535,inf
556355,inf
89224,0.0
163124,0.0
693856,0.0
458395,0.0
583365,inf
425561,inf
6947,inf
60481,inf
265408,inf
565971,inf
361851,0.0
228464,0.0
496865,inf
614155,inf
490113,inf
703760,inf
624908,0.0
426764,inf
213436,0.0
21038,inf
687470,inf
613835,inf
378285,inf
99753,inf
171416,inf
101022,inf
410246,inf
468810,0.0
330007,inf
149134,inf
624906,inf
107890,0.0
534902,inf
607425,inf
562696,inf
450972,inf
651336,inf
224740,inf
531672,0.0
151071,inf
698218,inf
527999,inf
27972,inf
535043,0.0
61109,inf
617379,inf
569066,inf
493198,inf
581138,inf
256770,0.0
67822,inf
569472,inf
600135,inf
490699,inf
57522,inf
75045,0.0
446807,inf
308931,0.0
609264,inf
50185,inf
128899,0.0
604909,inf
571874,inf
211000,0.0
535748,inf
28835,inf
410188,inf
160036,inf
230429,inf
536457,inf
412841,0.0
294218,inf
445913,inf
523640,inf
250536,inf
62728,inf
173950,inf
662294,inf
312922,inf
676377,inf
403798,inf
638552,inf
381734,inf
492904,inf
173073,inf
167758,inf
568877,inf
231610,0.0
133912,inf
496569,inf
432892,inf
415402,inf
661374,inf
615750,inf
103095,inf
201629,inf
366716,inf
637975,inf
345166,inf
16321,inf
433662,inf
490494,inf
389279,inf
90964,inf
65968,0.0
360298,inf
423839,inf
501872,inf
526861,inf
184829,inf
80921,inf
194016,inf
492175,inf
669549,inf
709881,inf
112363,inf
408789,inf
414985,0.0
317066,inf
679102,inf
117588,inf
305944,inf
486422,inf
655847,inf
221748,inf
404435,inf
212012,inf
600328,inf
96969,inf
588128,inf
463068,inf
576189,inf
472241,inf
141700,inf
358982,inf
107558,0.0
151783,inf
24736,inf
645953,inf
699988,inf
581476,inf
689536,0.0
411784,inf
48210,inf
484571,inf
140035,0.0
231969,inf
66664,inf
85296,0.0
420153,inf
510335,inf
96815,inf
197214,inf
638544,0.0
198646,inf
297446,0.0
673300,inf
478057,inf
533325,inf
430864,0.0
212876,inf
423508,inf
141883,inf
399633,inf
16379,inf
625637,inf
271833,inf
193171,inf
117189,inf
481969,inf
455820,0.0
281455,inf
513560,inf
234148,inf
650521,inf
134894,inf
195896,inf
285874,inf
252498,inf
109764,inf
323447,inf
488898,inf
682338,0.0
642519,inf
504526,inf
225025,inf
19809,inf
15224,inf
200995,inf
10052,inf
338720,inf
167862,inf
596823,inf
598379,0.0
280599,inf
647382,inf
19632,inf
386532,inf
445507,inf
225701,inf
530625,0.0
40500,inf
186818,0.0
174411,inf
283494,inf
273185,inf
206798,inf
315443,inf
387313,inf
497406,inf
439231,inf
685958,inf
345637,inf
658942,inf
494411,inf
480704,inf
431255,inf
88638,inf
185750,inf
703407,inf
179145,inf
583036,inf
114104,inf
326874,inf
250022,inf
290454,inf
676816,inf
638524,inf
9694,inf
368651,inf
236575,inf
114675,inf
560678,inf
704304,inf
310890,inf
548474,0.0
159220,inf
57888,0.0
660486,inf
160146,inf
501044,inf
540739,inf
480452,0.0
678367,inf
506857,inf
133127,inf
645833,inf
317600,inf
50319,inf
296271,inf
468982,inf
484062,inf
408182,inf
377734,inf
62759,0.0
520698,0.0
404364,inf
567851,inf
317980,inf
238641,inf
6299,0.0
546816,0.0
592973,inf
46636,inf
667865,inf
94652,inf
290876,0.0
699095,inf
570712,inf
154045,0.0
98628,inf
28253,inf
415071,inf
363310,inf
351946,inf
188792,inf
110087,inf
6451,inf
190954,inf
633285,inf
519542,inf
184300,inf
474035,0.0
424453,inf
96666,0.0
553469,0.0
85062,0.0
323680,inf
97767,inf
68737,inf
365034,inf
651582,inf
235789,inf
146,inf
357651,inf
579058,inf
370271,inf
497679,inf
28848,inf
355708,inf
94507,inf
97450,inf
447837,inf
250027,0.0
17474,inf
251112,inf
13846,inf
420044,inf
98905,inf
684107,0.0
142007,0.0
441707,inf
226788,inf
514458,inf
415063,inf
527250,inf
45854,inf
450683,inf
629399,0.0
206733,inf
580885,0.0
105253,inf
187164,inf
17135,inf
264412,inf
125722,inf
67624,inf
530247,inf
297485,inf
51152,inf
599681,inf
347292,inf
651240,inf
109780,inf
445338,inf
308669,inf
284337,inf
677429,inf
185458,0.0
369739,inf
133494,0.0
343758,inf
11094,inf
32706,inf
100131,inf
406739,0.0
410689,inf
39529,0.0
369013,inf
96159,inf
152413,inf
228794,inf
665760,inf
417050,inf
534147,inf
79731,inf
456232,inf
265687,inf
348615,inf
660964,inf
480261,inf
4521,inf
2137,inf
573410,inf
157449,inf
644143,inf
425042,inf
622286,0.0
463546,inf
194805,0.0
597819,inf
391219,0.0
676188,0.0
393883,inf
52049,inf
155085,0.0
479804,inf
147679,inf
197536,0.0
174299,inf
33682,inf
112738,inf
254808,inf
640514,0.0
609670,inf
10351,inf
293798,inf
536130,inf
374345,inf
203331,inf
55092,inf
668843,inf
455907,inf
218506,inf
584340,0.0
128952,inf
629390,inf
90511,inf
645688,inf
584519,inf
138043,inf
365278,inf
555736,0.0
378612,inf
649385,inf
436214,inf
378864,inf
497416,inf
18859,0.0
448504,0.0
38165,inf
216337,inf
278033,inf
25780,inf
206011,0.0
157413,inf
6527,inf
215628,inf
309925,inf
498584,inf
324564,inf
656654,inf
83107,0.0
294722,0.0
137484,inf
118996,inf
354602,inf
107488,inf
704049,inf
154406,inf
372291,0.0
294060,inf
440998,0.0
564755,inf
136773,inf
475785,0.0
456761,inf
583566,inf
612374,inf
481540,inf
34334,inf
690332,0.0
124101,inf
497510,0.0
148682,inf
587743,inf
246338,inf
243068,inf
252800,inf
370820,inf
415644,inf
446998,inf
602115,inf
92364,inf
329732,0.0
165298,inf
332412,inf
377750,inf
404811,inf
634483,inf
246704,inf
431063,inf
221656,inf
146053,inf
528839,inf
281112,inf
147031,inf
358813,inf
445164,0.0
709105,inf
597370,inf
535146,inf
122132,inf
500975,inf
233535,inf
135369,inf
143674,inf
372315,0.0
671493,inf
559152,inf
269818,inf
91548,inf
326946,inf
84574,0.0
96699,inf
19849,inf
217343,inf
152945,0.0
694854,0.0
182420,inf
652452,inf
596043,inf
10713,inf
643165,0.0
258203,inf
317539,inf
248444,inf
412857,0.0
330022,0.0
265041,inf
612655,inf
230455,inf
303232,inf
214701,inf
447987,inf
300166,inf
144560,inf
12586,inf
167151,inf
60361,inf
490104,inf
178519,inf
222087,inf
460748,inf
517246,inf
357610,inf
313797,inf
353733,inf
647375,inf
306145,inf
192520,inf
697822,0.0
290010,0.0
438277,inf
313717,inf
489548,inf
237212,inf
244458,inf
695700,inf
158354,inf
146546,inf
65948,inf
252737,inf
499760,inf
222628,inf
503612,inf
353651,inf
595363,inf
672869,inf
195846,inf
24793,inf
310423,inf
625245,inf
368585,inf
505341,inf
82216,inf
643578,inf
490759,inf
211157,inf
583415,inf
412575,inf
556588,0.0
126729,0.0
544647,inf
460059,inf
634046,inf
278786,inf
108964,inf
667810,inf
348896,inf
402061,0.0
265064,0.0
286787,inf
493304,0.0
652127,inf
383635,inf
483567,0.0
661975,inf
649299,inf
582416,inf
14402,inf
371472,inf
677880,inf
332514,inf
313506,inf
82688,inf
433901,inf
688084,inf
64968,inf
207614,inf
226045,0.0
546025,inf
664450,inf
432377,inf
470772,inf
567473,inf
624310,inf
16622,inf
602251,inf
240946,inf
119169,inf
157621,inf
22964,inf
566565,inf
101156,inf
505482,inf
584511,0.0
591809,inf
560675,inf
235651,inf
685341,inf
460501,inf
27766,inf
515110,inf
228816,inf
119598,0.0
29761,inf
238295,inf
241603,0.0
686583,inf
37021,inf
310706,inf
94694,0.0
124596,inf
469170,inf
442385,inf
421961,inf
477160,inf
585421,0.0
642881,inf
478417,inf
624252,inf
345028,0.0
619462,0.0
27784,inf
212397,inf
55234,inf
174607,inf
190619,0.0
172961,0.0
349834,0.0
679094,inf
148617,0.0
510992,inf
339016,inf
370767,inf
536857,inf
617911,inf
366139,inf
255759,inf
556547,inf
530103,inf
591635,0.0
9897,inf
366466,inf
646305,0.0
167971,inf
672245,inf
302290,inf
671820,inf
587361,inf
179340,0.0
251310,0.0
698224,0.0
644941,inf
189451,inf
506564,inf
21999,inf
364940,inf
436586,inf
518386,inf
24123,inf
655348,inf
538645,inf
659716,inf
418823,inf
223652,inf
227657,inf
114115,inf
702534,inf
266500,inf
395737,inf
435792,inf
292044,inf
367772,0.0
688193,inf
339990,0.0
258315,inf
603201,inf
597967,inf
595226,inf
235644,inf
40948,0.0
142857,inf
229116,inf
368442,inf
510375,inf
126682,inf
300555,inf
588083,inf
339451,inf
185015,0.0
463641,inf
75531,inf
586697,inf
656617,inf
521444,inf
100517,inf
167169,inf
136162,inf
405165,inf
702722,inf
689128,inf
256813,inf
688096,inf
523195,inf
285643,inf
668452,inf
269892,inf
532297,inf
17288,0.0
121565,inf
217656,inf
198661,inf
588578,inf
644532,inf
30240,inf
673290,0.0
674708,inf
546346,0.0
236457,inf
506761,inf
270336,inf
566424,inf
684607,0.0
40116,inf
699878,inf
448879,inf
523624,inf
57064,inf
433995,inf
676892,inf
86240,inf
246257,inf
46663,inf
66693,inf
408817,inf
68067,inf
75773,inf
458234,inf
336254,0.0
371515,inf
13536,inf
559278,inf
699402,inf
438236,inf
497258,inf
559319,0.0
400962,inf
33273,inf
442618,inf
559090,inf
685706,inf
237267,inf
649748,inf
400239,inf
421924,inf
495603,inf
344465,0.0
216089,inf
447610,inf
638259,0.0
658666,inf
604795,0.0
245598,inf
351532,inf
365218,inf
16276,inf
154834,inf
471385,inf
651546,inf
670807,inf
388741,inf
252552,inf
319836,inf
253747,0.0
595362,0.0
494235,inf
361550,inf
13564,0.0
664978,inf
654962,inf
366253,inf
577981,inf
673614,inf
446185,inf
476483,inf
421880,0.0
558725,inf
219639,inf
148809,inf
657788,inf
673622,inf
517728,inf
505165,0.0
136512,inf
272409,0.0
579045,inf
628769,0.0
31660,inf
274497,inf
548864,0.0
578681,inf
386817,0.0
629006,inf
251027,inf
47849,inf
93121,inf
543792,inf
277404,inf
485103,inf
706757,inf
293482,inf
364766,inf
537575,inf
702362,inf
204798,inf
704475,inf
18019,inf
516095,inf
190264,inf
349011,inf
220088,0.0
505115,inf
120710,inf
571605,0.0
459847,inf
351848,inf
471471,inf
246183,inf
26913,inf
316709,inf
589787,inf
368398,inf
278323,inf
559916,inf
419469,inf
673513,inf
515586,inf
362542,inf
651048,inf
496609,inf
274770,inf
132190,inf
628241,inf
647566,inf
690701,inf
4620,inf
65867,0.0
56867,inf
610812,inf
343335,inf
162304,inf
311312,inf
515213,inf
247560,inf
405961,inf
681641,inf
399127,inf
255618,0.0
451653,inf
280384,inf
539047,inf
622004,0.0
40157,inf
326322,inf
63775,inf
273734,inf
423068,inf
127224,inf
347686,inf
688874,inf
378976,inf
234693,inf
414553,inf
22923,inf
257086,inf
542550,inf
126756,0.0
117429,inf
166192,inf
621005,inf
544097,inf
515208,inf
389818,inf
174898,0.0
683826,0.0
593567,inf
306078,inf
237365,inf
594714,inf
506636,inf
494651,inf
138989,inf
267565,inf
251191,inf
78603,inf
695562,inf
351,inf
199774,inf
139679,inf
413765,0.0
690590,0.0
637932,inf
268430,inf
300965,inf
688548,inf
240456,inf
240473,0.0
460122,inf
362439,inf
30437,0.0
309105,0.0
516653,inf
119759,inf
476456,inf
500686,inf
342763,inf
268826,inf
467144,0.0
41988,inf
251109,inf
656143,inf
174599,inf
424355,0.0
274977,inf
57841,0.0
662592,inf
280307,inf
615236,0.0
601277,0.0
494176,inf
237823,inf
544213,inf
239182,inf
295986,inf
592699,inf
303605,inf
223092,0.0
479042,inf
219265,0.0
33730,inf
54225,0.0
708987,inf
614083,inf
44348,inf
584526,inf
279255,inf
567575,inf
216722,inf
40090,inf
232691,inf
384582,inf
676322,0.0
329012,inf
231908,inf
297107,inf
142067,inf
585986,inf
167748,inf
226687,inf
575735,inf
607100,inf
487845,inf
431434,inf
669444,inf
120588,inf
301327,0.0
385186,inf
377158,inf
683781,inf
679239,0.0
404655,0.0
297299,inf
64047,0.0
279350,inf
24883,inf
467371,0.0
356612,inf
656923,inf
584473,inf
205662,inf
351814,inf
693477,inf
629400,inf
152614,inf
393350,inf
552586,inf
589857,0.0
163137,inf
322795,inf
536507,0.0
43340,inf
58580,inf
33222,inf
253262,inf
554121,inf
331530,inf
552598,inf
552561,inf
627765,inf
124351,inf
308075,inf
351876,inf
230363,inf
529117,inf
137372,inf
410486,inf
401809,inf
25566,inf
38085,inf
251394,0.0
643641,inf
283187,inf
615827,inf
520291,inf
458588,inf
24036,inf
681330,inf
368582,inf
330890,0.0
535315,inf
282739,inf
631832,0.0
352647,inf
670218,inf
479947,inf
670020,inf
601825,inf
546952,inf
231717,inf
178072,inf
686713,inf
83755,inf
410296,0.0
587156,inf
483054,inf
52116,inf
644286,inf
179313,inf
555165,inf
13291,inf
439767,inf
497359,inf
612065,0.0
116990,inf
176945,inf
467133,inf
390932,inf
375867,inf
163286,inf
604847,0.0
583546,inf
469707,inf
574693,0.0
232675,inf
412910,inf
180089,inf
126073,inf
108040,inf
554192,inf
194909,inf
687518,inf
551593,inf
438866,inf
488375,0.0
49114,inf
510346,inf
323280,inf
18361,inf
17808,inf
356706,inf
307873,inf
628018,inf
232358,inf
649598,inf
597527,0.0
31517,inf
425815,inf
138011,inf
116745,inf
413371,inf
536038,inf
582432,inf
428901,0.0
620299,inf
244961,inf
176531,inf
170285,inf
443089,inf
476115,inf
408581,inf
239055,inf
206237,inf
527217,0.0
490240,inf
464367,inf
19951,inf
345475,inf
348723,inf
591336,inf
502203,inf
232228,inf
661538,0.0
628141,inf
261996,inf
649619,inf
311572,0.0
482283,inf
328704,0.0
529093,inf
676384,inf
171367,inf
289353,inf
516267,inf
232697,inf
268990,0.0
91530,inf
484094,inf
645554,0.0
505848,inf
405647,0.0
403825,inf
240763,inf
360082,inf
465961,inf
562846,inf
12928,inf
541072,0.0
129011,0.0
149572,inf
643339,inf
185641,0.0
614099,inf
288855,inf
370203,inf
55850,inf
519291,inf
70456,inf
503754,inf
438882,inf
682996,inf
338055,inf
54678,inf
488317,inf
214674,inf
336246,0.0
317299,0.0
607016,inf
96205,inf
132591,inf
307898,inf
510711,0.0
437784,inf
180982,inf
653203,inf
518309,inf
679375,0.0
583211,inf
592304,0.0
178381,inf
547874,inf
130812,inf
284733,inf
664613,inf
443636,inf
339425,0.0
579780,0.0
661292,inf
44411,inf
704745,0.0
399855,inf
511169,inf
516548,0.0
349147,0.0
204189,inf
555856,inf
356073,inf
54163,inf
55368,inf
346583,0.0
450023,0.0
668198,inf
217745,inf
170328,inf
670274,0.0
479745,inf
139347,0.0
626027,inf
577542,0.0
603651,inf
447109,0.0
691671,inf
100528,inf
541882,inf
301632,inf
258828,inf
448873,0.0
408760,inf
308950,inf
356758,inf
633676,inf
202813,inf
207072,inf
75470,inf
110532,inf
56310,inf
698744,inf
37200,inf
584172,inf
610789,inf
292981,inf
177613,inf
592512,inf
506457,inf
255658,inf
98720,inf
336073,0.0
697729,inf
700529,0.0
262833,inf
615420,inf
101454,inf
99364,inf
67900,0.0
152396,inf
127216,0.0
304045,inf
576722,inf
282134,inf
127849,0.0
289022,inf
137876,0.0
285419,inf
180041,inf
579089,0.0
684325,inf
708691,inf
477065,inf
249408,inf
525790,inf
121422,inf
213200,inf
646036,inf
658747,inf
582571,inf
129228,0.0
73950,0.0
553329,inf
183930,inf
471473,inf
77978,inf
33971,inf
74091,0.0
245573,inf
204070,inf
282038,inf
651858,0.0
687564,inf
76815,inf
598222,inf
634088,inf
642142,inf
217,inf
656059,inf
100533,inf
601233,inf
474805,0.0
88666,inf
171710,inf
40332,0.0
50663,inf
19496,inf
34316,inf
44189,inf
607970,inf
637467,inf
645810,inf
30902,inf
140616,inf
377165,inf
321670,inf
696640,inf
634276,0.0
122211,inf
413853,inf
155789,inf
526028,inf
118715,inf
386671,inf
356625,inf
46717,inf
601121,inf
652612,0.0
168148,0.0
217784,inf
552840,inf
183796,inf
26765,0.0
136606,0.0
301428,inf
122597,inf
352719,inf
83109,inf
583431,inf
398377,inf
667300,inf
83867,inf
650890,inf
569420,inf
294508,inf
278041,inf
386321,inf
129608,inf
635733,inf
293378,inf
24808,inf
584865,inf
101986,0.0
72510,inf
285296,inf
378967,0.0
403435,inf
29254,inf
213515,inf
33013,0.0
654298,inf
250634,inf
651894,inf
436564,inf
631071,0.0
432053,inf
286306,inf
382939,inf
24901,0.0
292387,inf
83439,inf
460633,inf
635568,inf
257853,inf
661252,0.0
331002,inf
152976,inf
285323,inf
278055,inf
57377,inf
597739,inf
564487,inf
590164,inf
382930,inf
218180,inf
691746,inf
299076,0.0
58728,0.0
355433,inf
520673,inf
508830,inf
243004,inf
440738,inf
34151,inf
332637,inf
546784,inf
587635,inf
571143,0.0
593128,inf
331288,0.0
218334,0.0
432771,inf
327648,inf
669500,inf
17712,inf
216531,inf
540452,0.0
460114,inf
278289,inf
515215,inf
471703,0.0
669290,inf
516797,inf
673020,inf
212610,inf
37369,inf
509010,inf
65721,inf
63145,inf
648031,inf
547081,inf
570672,inf
130582,inf
274205,0.0
352021,inf
500445,0.0
682110,inf
528060,inf
377931,inf
328267,inf
398798,inf
305372,inf
307571,inf
123205,inf
379264,inf
377718,inf
180187,0.0
446727,inf
554477,inf
323164,inf
13003,inf
260294,inf
441747,inf
704678,inf
78580,0.0
456655,inf
12484,inf
224627,inf
44581,inf
312002,inf
220461,inf
579604,inf
66770,inf
300734,inf
341446,inf
514074,inf
574674,inf
269594,inf
361061,inf
666838,inf
285775,inf
525994,inf
268914,inf
154703,inf
479537,inf
73431,0.0
203813,inf
212690,0.0
190226,inf
63141,0.0
552516,inf
144577,inf
119086,inf
43715,inf
419368,inf
430213,inf
91606,inf
335142,inf
695190,inf
667338,inf
608656,inf
341926,0.0
181563,inf
700008,inf
23485,inf
604896,inf
332868,inf
62282,inf
225473,inf
557718,inf
564320,inf
464648,inf
371171,inf
684627,inf
629537,inf
247779,inf
441733,inf
611696,inf
550561,inf
586869,inf
502660,inf
647876,inf
194060,inf
477514,inf
94086,inf
438771,inf
295733,inf
345881,0.0
667409,inf
247017,inf
512587,inf
100191,inf
420579,inf
22098,inf
375079,inf
469043,0.0
8464,inf
534350,inf
676658,inf
252204,inf
155067,inf
343743,inf
563482,inf
86773,inf
103290,0.0
141976,inf
631854,inf
273166,inf
340312,inf
326932,inf
120887,inf
451726,inf
21027,inf
23386,inf
466343,inf
72676,0.0
371191,inf
667399,inf
637070,inf
85999,inf
396076,inf
582112,inf
349546,inf
641550,inf
269702,inf
82535,inf
540362,inf
208709,inf
519722,inf
359355,inf
143560,inf
522110,inf
241991,0.0
183576,inf
390805,inf
679552,inf
562743,inf
513689,inf
596339,inf
66297,0.0
594687,inf
274730,inf
38012,inf
614609,inf
187662,inf
239573,inf
270426,inf
697957,inf
553059,inf
354676,inf
13873,inf
337990,inf
710978,inf
203300,0.0
209849,inf
69199,inf
431409,inf
376671,0.0
525884,inf
357338,0.0
689056,inf
560489,0.0
704977,inf
64913,inf
195945,inf
682060,inf
277346,0.0
283598,0.0
95656,inf
83759,inf
594041,inf
368775,0.0
480426,inf
256227,0.0
90419,inf
165507,0.0
122911,inf
302048,0.0
362451,inf
423130,inf
194435,inf
193635,inf
187855,inf
422459,inf
391535,inf
481961,0.0
410374,inf
65583,inf
558341,inf
691909,inf
669816,inf
356898,inf
165866,inf
146850,inf
375628,inf
219754,inf
585054,inf
315672,inf
670005,inf
656485,inf
154521,inf
668496,inf
276365,inf
556848,inf
680167,inf
124387,inf
277600,inf
40532,0.0
150204,inf
366972,inf
443810,inf
590110,0.0
49115,0.0
370013,0.0
417784,inf
14065,inf
655349,inf
86947,inf
229376,inf
403313,inf
674245,inf
432120,inf
206040,inf
21487,inf
119850,inf
627104,inf
506032,inf
162090,inf
619590,inf
337073,inf
554612,inf
492315,inf
500703,inf
426858,inf
26030,0.0
45134,inf
630788,inf
135400,0.0
424771,inf
121812,inf
600117,0.0
312185,inf
479224,inf
473840,inf
609368,inf
232432,inf
250363,inf
660733,inf
211689,inf
396945,0.0
599515,0.0
330087,inf
623616,inf
267874,inf
167050,0.0
280987,inf
682615,inf
290812,inf
479916,inf
558636,inf
65914,inf
675837,inf
154510,inf
457603,inf
374674,0.0
49283,inf
378088,0.0
608822,inf
207978,inf
432008,inf
53234,0.0
688925,inf
406923,inf
454900,0.0
311724,inf
399491,inf
115893,inf
69724,0.0
422179,inf
506497,inf
206355,inf
542248,inf
672658,inf
513920,inf
259833,inf
60622,inf
429005,inf
75929,inf
80855,inf
15612,inf
373918,inf
441664,inf
711083,inf
64416,inf
102934,inf
349456,inf
612,inf
134105,inf
1026,inf
483010,inf
158238,0.0
567300,inf
516150,0.0
116209,inf
60585,inf
341616,inf
315423,0.0
529614,inf
380856,inf
63479,inf
427531,inf
364786,inf
400365,0.0
388543,inf
331504,inf
320624,inf
409409,inf
328354,inf
218598,inf
503228,inf
580008,inf
330506,inf
516903,0.0
214159,inf
101174,inf
46832,0.0
654410,inf
454409,0.0
596958,inf
37396,inf
102702,inf
158485,inf
488182,inf
529033,inf
242451,inf
254098,inf
649450,0.0
241290,inf
709295,inf
510365,inf
639987,inf
337670,inf
37857,0.0
636929,0.0
465258,inf
391765,inf
414929,inf
41080,inf
139322,inf
583832,inf
384894,inf
641837,inf
576318,inf
671001,inf
412113,inf
31652,0.0
648494,0.0
72531,inf
677932,inf
99010,inf
669275,inf
256379,0.0
342850,0.0
462501,inf
651581,inf
318870,inf
15085,inf
280565,inf
72245,inf
283065,inf
340586,inf
433061,inf
10438,inf
382693,inf
631915,inf
194876,inf
21839,inf
30458,inf
711996,inf
494512,inf
461310,0.0
468527,inf
71486,inf
106497,inf
58461,inf
579783,inf
251558,inf
334576,0.0
154590,inf
388495,inf
47287,0.0
56896,inf
515279,inf
11012,inf
579431,inf
140009,inf
408840,inf
707085,0.0
160119,inf
186025,inf
312704,inf
702563,inf
23221,inf
592109,inf
218135,0.0
373714,inf
232729,inf
519258,inf
32595,inf
666530,inf
217041,inf
378445,inf
126782,0.0
65150,inf
457247,inf
276687,inf
602095,0.0
250815,inf
181896,inf
53549,inf
45850,inf
298110,inf
686091,inf
314679,inf
386971,inf
674652,inf
244631,inf
135546,inf
405257,0.0
152809,0.0
236531,inf
250407,inf
318032,0.0
304760,inf
293638,inf
457801,inf
470411,inf
267316,inf
447083,inf
465502,0.0
436977,inf
290193,inf
38874,inf
507907,inf
152950,inf
149426,inf
529477,inf
155648,inf
356388,inf
566800,inf
167870,inf
491948,inf
205757,inf
112490,inf
230901,0.0
547843,inf
322891,inf
650261,inf
320454,inf
208567,inf
32759,inf
655768,inf
162417,inf
610855,inf
677892,inf
550572,inf
44250,inf
97949,inf
254385,inf
20420,inf
615054,0.0
581499,inf
141058,inf
158296,inf
572385,inf
480898,inf
76040,0.0
167366,inf
517306,0.0
560985,inf
632176,inf
332467,inf
478131,inf
337191,inf
356806,inf
650484,0.0
527325,inf
74677,inf
109496,inf
450652,inf
194613,inf
325410,inf
206367,0.0
391635,inf
98923,inf
426414,inf
101775,inf
449867,0.0
301333,inf
691386,inf
567983,0.0
378813,0.0
676456,inf
552419,inf
201085,0.0
139425,inf
269466,inf
161776,inf
287520,0.0
80151,inf
412305,inf
671136,inf
515036,inf
414670,inf
287362,inf
135408,inf
266418,inf
494230,inf
569001,inf
179845,inf
581546,inf
211523,inf
644925,inf
608507,inf
263227,inf
236206,inf
245502,inf
38145,inf
520343,inf
212100,inf
279583,inf
582724,inf
285466,inf
708831,inf
634848,inf
257752,inf
586261,inf
419666,inf
47293,inf
477854,inf
85825,0.0
677875,inf
496946,inf
433695,inf
240662,inf
668698,0.0
493366,0.0
45139,inf
15103,inf
547204,inf
528495,inf
278021,inf
36863,inf
56862,inf
588762,0.0
443028,inf
231993,inf
34106,0.0
421860,0.0
669993,inf
250201,inf
229436,inf
216328,inf
373799,inf
134601,0.0
659261,inf
140021,inf
31777,inf
660329,0.0
653340,0.0
456544,inf
555619,0.0
574172,inf
237432,inf
353166,inf
226377,inf
663601,0.0
193441,inf
570403,inf
522135,inf
30320,0.0
239087,inf
588006,inf
685446,inf
198886,inf
538719,inf
439682,0.0
114120,inf
187538,inf
381145,inf
246060,inf
292686,inf
87589,0.0
570303,inf
328391,inf
265409,0.0
302,inf
22162,0.0
164236,0.0
121250,inf
473439,inf
364878,0.0
36305,inf
666818,inf
168284,inf
630730,inf
117445,inf
656718,0.0
45250,inf
509855,inf
672422,inf
342659,inf
71509,inf
140937,inf
303395,inf
584643,inf
564318,0.0
335861,inf
41580,0.0
93484,inf
601789,0.0
560121,inf
425013,inf
648746,inf
178330,inf
348709,inf
411117,0.0
326223,inf
605843,inf
168949,inf
239097,inf
347349,inf
209473,inf
426924,inf
318197,inf
286746,inf
248129,inf
382823,0.0
693307,0.0
190403,inf
596918,inf
597632,inf
608689,inf
120176,inf
244556,inf
302913,inf
286763,inf
22090,inf
323232,inf
261760,inf
7119,0.0
548443,inf
334649,inf
273822,inf
83501,inf
624085,inf
478362,inf
62522,inf
301173,inf
644316,0.0
222090,inf
463120,inf
613552,inf
487246,inf
684112,inf
472802,inf
331391,inf
330604,inf
86156,0.0
422117,inf
479154,inf
271847,inf
387412,inf
169225,inf
681246,inf
199654,inf
587334,inf
106327,inf
361690,inf
512125,inf
294022,inf
423052,0.0
573066,0.0
171841,inf
191128,0.0
633400,0.0
399778,inf
61934,inf
275641,inf
498763,0.0
91968,0.0
603799,0.0
547424,inf
149887,inf
90916,inf
617717,inf
506640,inf
264149,inf
307187,inf
33438,inf
462069,inf
299909,0.0
417795,0.0
597719,inf
548143,inf
73381,inf
68464,inf
74245,inf
124365,inf
410597,inf
421016,0.0
567990,inf
65219,inf
89110,inf
254477,0.0
286851,inf
601478,inf
690053,inf
89024,inf
101647,inf
280834,inf
517749,inf
396430,inf
112086,inf
407324,inf
12340,inf
422263,inf
207171,0.0
322810,inf
139938,inf
164030,inf
411867,inf
610079,0.0
130193,inf
393053,0.0
532249,inf
676620,inf
598342,inf
118775,inf
560056,0.0
567040,0.0
632371,inf
660204,inf
53934,inf
193660,inf
504682,inf
176607,inf
25293,0.0
559601,inf
524575,inf
66227,0.0
591294,0.0
256299,inf
448534,inf
112726,inf
271732,inf
336030,inf
676718,inf
152840,inf
668186,inf
20504,inf
534777,inf
83126,inf
383476,inf
10744,inf
154577,inf
30351,inf
125434,inf
145842,inf
271237,inf
478630,0.0
178425,inf
588183,inf
603368,inf
262173,inf
306629,inf
474706,inf
34907,inf
519968,inf
460740,inf
636556,inf
368931,inf
79778,inf
702516,inf
313107,inf
699895,inf
522106,inf
149784,inf
180654,0.0
619104,0.0
206918,inf
617827,inf
550940,inf
37555,inf
437651,inf
608264,inf
396494,inf
170055,inf
335955,inf
270454,inf
291021,inf
556891,inf
50693,inf
704364,inf
73617,inf
614716,inf
256936,inf
249496,0.0
74278,0.0
325245,inf
125712,inf
254550,inf
703475,inf
628462,inf
208827,inf
184021,inf
336938,inf
621249,inf
238728,inf
241511,inf
424238,0.0
623161,inf
648572,inf
175006,inf
332719,inf
663172,0.0
204937,0.0
239739,inf
301286,0.0
570510,inf
416600,0.0
424285,inf
216314,inf
314955,inf
556182,inf
21600,inf
74956,0.0
185630,inf
572151,inf
685191,0.0
150024,inf
145309,0.0
78537,inf
271429,inf
266086,inf
36176,0.0
582742,inf
567406,inf
666250,0.0
655919,inf
263256,0.0
460234,inf
302550,0.0
75336,inf
412468,inf
108329,inf
576740,inf
105540,0.0
192690,inf
280039,inf
116933,inf
532269,inf
179603,inf
328413,inf
113981,inf
56234,inf
155281,inf
353745,inf
200352,inf
706826,inf
207594,0.0
119317,inf
18955,inf
250683,0.0
487573,inf
523531,inf
311111,inf
222932,inf
348760,inf
290550,inf
674680,inf
111902,inf
549016,0.0
548600,inf
177013,inf
262530,0.0
181154,inf
450462,inf
253145,inf
553641,inf
521729,inf
20342,0.0
619298,inf
465392,inf
653521,inf
334737,inf
297129,inf
368747,0.0
359774,inf
513598,inf
293538,0.0
511362,inf
433390,0.0
538527,inf
27818,0.0
218051,inf
150179,inf
483363,inf
363600,inf
247289,inf
344354,inf
170763,0.0
76328,inf
271922,inf
147290,0.0
241291,inf
301038,inf
399446,0.0
686133,inf
98153,0.0
371184,inf
111778,inf
342461,0.0
645455,inf
572802,0.0
6172,inf
135510,inf
50739,inf
87759,inf
675535,inf
549790,inf
207366,inf
397491,inf
426358,inf
267274,inf
398705,inf
632546,inf
25415,inf
171036,inf
156510,inf
13937,inf
105006,inf
259881,inf
590884,inf
616495,inf
231609,inf
627719,inf
272340,0.0
402421,inf
35222,inf
690083,0.0
456307,inf
161285,inf
59935,inf
475854,inf
396366,inf
204144,inf
125409,inf
520824,inf
272477,inf
4268,inf
180567,inf
286186,inf
175958,inf
494417,0.0
689720,inf
575436,inf
328918,inf
335602,inf
166931,inf
704424,inf
79311,inf
87349,0.0
91286,0.0
663099,inf
37875,inf
615158,inf
689440,0.0
211071,inf
377998,inf
290014,inf
213949,inf
447700,inf
82842,inf
554159,inf
223558,inf
344104,0.0
192674,0.0
664186,inf
245097,0.0
117807,inf
176683,inf
75372,inf
111137,inf
419308,inf
242554,inf
327155,inf
465848,inf
83444,inf
585875,inf
382760,0.0
200409,inf
205387,inf
593140,inf
238844,0.0
586968,0.0
445509,inf
423249,inf
455227,inf
142860,inf
485185,inf
7394,0.0
161950,inf
521116,inf
600236,inf
643100,0.0
368708,inf
12124,inf
650343,inf
499596,inf
539708,inf
171352,inf
482165,inf
611652,inf
396590,inf
684133,inf
551019,inf
659906,inf
235816,inf
84080,inf
428884,inf
586847,0.0
347509,inf
678358,inf
229179,inf
63142,inf
475845,inf
705266,inf
199295,0.0
271241,0.0
344468,inf
237811,inf
324704,inf
449062,inf
33203,0.0
150055,0.0
627956,inf
542305,inf
538675,inf
514742,inf
155413,0.0
512828,inf
51633,inf
252231,inf
429399,inf
185549,inf
307429,inf
394319,inf
163702,inf
630382,inf
514840,inf
320722,inf
379160,inf
22540,inf
708772,0.0
425615,inf
111082,inf
422668,inf
289327,inf
530628,inf
355256,inf
566488,inf
41660,0.0
352001,inf
590833,inf
281643,inf
561034,inf
538313,inf
169204,inf
210451,inf
567437,0.0
565785,0.0
499852,inf
131988,inf
637749,inf
662837,inf
508360,inf
63713,inf
139964,0.0
631487,0.0
17226,inf
112731,inf
201140,inf
548442,0.0
400410,inf
636920,inf
431538,inf
189332,inf
135021,inf
675575,inf
262550,inf
344687,inf
246915,0.0
355943,0.0
666742,inf
225287,inf
96199,inf
352429,inf
627417,inf
215126,inf
371758,inf
580206,inf
698031,inf
541385,inf
102192,inf
251854,inf
315307,inf
106737,inf
687893,inf
479634,inf
29854,inf
301742,inf
179104,inf
618084,inf
512020,0.0
255199,inf
217203,inf
416810,inf
564799,0.0
582968,inf
49165,0.0
417755,inf
496613,inf
29459,inf
297873,inf
380998,inf
244973,inf
12810,inf
696958,inf
536739,inf
603839,inf
284887,inf
557368,inf
357625,inf
169154,inf
421138,inf
521356,inf
106523,inf
36268,inf
209972,inf
52866,inf
111402,inf
101466,0.0
24685,inf
235605,inf
406432,inf
148198,inf
174848,inf
83390,inf
120547,inf
375531,inf
653534,inf
233006,inf
410189,inf
28912,inf
128349,0.0
686765,inf
120179,inf
465252,inf
408225,inf
635083,inf
41263,inf
351232,0.0
57051,0.0
284490,inf
249318,inf
164025,inf
310879,inf
60151,inf
116620,inf
471429,inf
195638,inf
596316,inf
33540,inf
692563,inf
250564,inf
101882,0.0
660177,inf
625554,inf
245312,inf
118395,0.0
15862,inf
472644,inf
139857,0.0
164814,0.0
131332,inf
341583,inf
151265,inf
160872,inf
27080,0.0
183258,inf
375198,0.0
472154,inf
156207,inf
288936,inf
40386,inf
597748,inf
145230,inf
15607,inf
361031,inf
694638,inf
177598,inf
381530,inf
585478,inf
524599,inf
78652,inf
533192,inf
394617,0.0
65023,inf
576070,inf
36963,0.0
170941,inf
167080,inf
275051,inf
75352,inf
685692,inf
554866,inf
512786,inf
408122,inf
339377,inf
437509,inf
47088,inf
369255,0.0
640946,inf
99848,inf
232378,0.0
78081,0.0
159167,0.0
120059,inf
37030,inf
612049,inf
345270,inf
436958,0.0
379831,inf
682435,inf
347976,inf
436527,inf
642545,inf
684157,inf
414712,inf
412330,inf
473580,inf
185729,0.0
113302,inf
355420,inf
709503,inf
35781,inf
542099,inf
543151,inf
325231,inf
289959,inf
12849,inf
29226,inf
154990,inf
165169,inf
244728,inf
598280,inf
367490,0.0
645853,inf
410654,inf
574644,0.0
436955,inf
82374,inf
535205,inf
514664,inf
94392,inf
15804,inf
464556,inf
113411,inf
474265,0.0
456504,inf
88518,0.0
345615,inf
612846,inf
50836,inf
174501,inf
532766,inf
709949,inf
540252,inf
122324,inf
29179,inf
126328,inf
322439,inf
258474,inf
472445,inf
284026,inf
193753,0.0
57115,inf
48175,0.0
3146,inf
330090,inf
263045,inf
525862,0.0
609254,inf
632857,0.0
266084,inf
40203,inf
431194,inf
172278,inf
56449,inf
68478,inf
633848,inf
222844,inf
451938,0.0
580480,inf
549230,0.0
293951,0.0
385274,inf
652721,0.0
504990,inf
681840,inf
655512,inf
498477,inf
386703,inf
581117,inf
452396,inf
158845,inf
56073,inf
200047,inf
523968,inf
80267,inf
82566,0.0
226442,inf
193574,inf
159967,inf
299834,inf
220812,inf
216496,inf
137730,inf
221867,0.0
99365,inf
199412,0.0
650088,inf
159337,inf
182987,inf
334730,inf
115644,inf
500570,0.0
634114,0.0
151546,inf
245695,inf
494486,inf
143401,inf
197566,inf
573510,inf
458662,inf
330500,inf
561610,0.0
444855,inf
494943,inf
296209,0.0
669881,inf
689360,0.0
306216,inf
387147,inf
606152,inf
326374,inf
649486,inf
67156,inf
116487,inf
571085,0.0
358597,inf
284948,inf
437764,inf
346390,inf
83496,inf
154518,inf
314665,inf
553158,inf
621819,inf
631302,inf
75392,0.0
582921,inf
360137,inf
655047,inf
398592,inf
84926,inf
447089,inf
81568,inf
225618,inf
228863,inf
259479,inf
678836,inf
257613,inf
609474,inf
662185,inf
290994,inf
329344,0.0
570237,inf
496722,inf
126789,inf
224201,inf
3941,inf
59776,0.0
318757,inf
503637,inf
597088,0.0
88747,inf
5835,inf
579789,inf
76893,inf
295054,inf
189213,inf
12075,0.0
254414,inf
215355,inf
570195,inf
373872,inf
387712,0.0
700425,inf
322215,inf
675330,inf
30191,inf
492484,inf
504168,inf
392643,inf
210493,inf
465955,inf
510133,inf
268084,inf
494254,inf
45151,inf
68933,inf
129784,inf
315803,inf
381687,inf
249847,inf
660077,0.0
533537,inf
85917,inf
243734,inf
330318,inf
124238,inf
39035,inf
489533,0.0
62828,0.0
613505,inf
375173,inf
389775,inf
376607,inf
599536,inf
322364,inf
664771,inf
109956,inf
498445,inf
156214,inf
41779,inf
263247,inf
316261,inf
317523,inf
614896,inf
258952,inf
72173,0.0
646825,inf
205691,inf
656564,inf
155182,inf
32130,inf
565608,inf
248317,inf
569878,inf
579084,0.0
493515,inf
301024,inf
3521,inf
701561,inf
407059,inf
693663,inf
108748,0.0
36359,inf
9653,inf
601272,inf
185712,0.0
121059,0.0
376207,inf
404502,0.0
408343,inf
556420,inf
156213,0.0
124700,0.0
659203,inf
78896,0.0
545517,inf
456850,inf
549652,inf
98952,inf
320813,inf
575896,inf
261126,inf
424644,0.0
457167,inf
367932,inf
445805,inf
305809,inf
491394,inf
539800,inf
76855,inf
513052,inf
294204,inf
84869,inf
361969,inf
351529,0.0
56401,inf
167785,inf
305946,0.0
294485,inf
165435,inf
19290,inf
585755,inf
83209,inf
707748,inf
349877,inf
26186,inf
692379,0.0
407675,0.0
384899,inf
640234,inf
232993,inf
32393,inf
252820,inf
383195,inf
203387,0.0
591689,inf
344890,inf
73296,inf
682410,inf
686224,inf
209050,inf
387234,inf
191538,inf
514533,inf
52372,inf
149127,inf
394059,inf
216295,inf
252798,inf
148149,inf
382814,inf
67965,inf
201656,inf
150697,inf
95882,inf
701685,inf
267301,inf
686102,inf
152142,inf
368631,inf
42273,inf
552305,inf
680780,inf
652510,inf
44570,inf
442546,0.0
483615,inf
345200,inf
45273,0.0
440950,inf
127796,inf
256371,inf
601942,inf
411540,inf
337648,inf
124020,inf
132032,inf
355675,inf
102966,inf
442606,0.0
694910,inf
556577,inf
196752,inf
679948,inf
633477,inf
280764,inf
707610,inf
164,inf
228688,inf
324083,inf
282993,0.0
646993,0.0
341103,0.0
590368,0.0
264420,inf
140802,inf
102491,inf
615272,inf
85187,0.0
48432,inf
248184,inf
627260,inf
234798,inf
198812,inf
107273,inf
429303,inf
557310,inf
280227,inf
610292,inf
157848,inf
236013,inf
323376,inf
600537,inf
265108,0.0
161443,inf
686423,0.0
299307,inf
319101,inf
475480,inf
478367,inf
202815,inf
603554,inf
147296,inf
466489,inf
65137,inf
14962,inf
562719,inf
662917,inf
28841,inf
670267,inf
562950,inf
447038,inf
650692,0.0
118147,inf
461284,inf
688194,inf
352791,inf
701312,inf
505945,inf
213202,inf
152866,inf
150184,inf
589981,inf
427919,inf
441480,inf
129076,inf
210102,inf
673175,inf
711243,0.0
450070,inf
452463,inf
602257,inf
97826,0.0
244484,inf
282536,inf
486805,inf
397189,0.0
287682,inf
32101,0.0
702865,0.0
224961,inf
400612,inf
327374,inf
667405,inf
329409,inf
640287,0.0
416762,inf
596877,inf
68704,inf
131516,0.0
583492,inf
373773,inf
438360,inf
74435,inf
226571,inf
445111,inf
101213,inf
221183,0.0
98576,0.0
273066,inf
143468,inf
648168,inf
684802,inf
636801,inf
259248,inf
185448,inf
226717,inf
569463,0.0
406532,inf
333169,inf
367912,0.0
233812,inf
602504,inf
130704,inf
577408,inf
627273,inf
615866,inf
200851,inf
303796,inf
618784,inf
365587,inf
652156,inf
456593,inf
238366,inf
424518,inf
22506,inf
105062,inf
39494,inf
199656,inf
360285,0.0
589440,inf
302596,0.0
673395,0.0
74032,inf
230308,0.0
599655,inf
37365,0.0
154219,inf
421430,inf
621392,inf
218767,inf
118813,0.0
689264,inf
660139,0.0
638756,inf
528640,inf
133073,inf
321187,0.0
87293,inf
495786,inf
278729,0.0
398232,inf
52135,inf
299967,inf
224686,0.0
360836,inf
601554,inf
644201,inf
276847,inf
641948,inf
202674,inf
538218,inf
561624,0.0
625947,inf
145619,0.0
663069,inf
127681,inf
438265,inf
691550,inf
581502,inf
710103,inf
625040,0.0
709885,inf
667380,inf
234199,inf
22341,0.0
324430,inf
63,inf
114158,inf
463614,inf
485354,inf
503361,inf
308021,inf
289609,inf
586300,inf
165037,0.0
12814,inf
678601,inf
373075,inf
388036,inf
286879,inf
470535,inf
75226,inf
174466,inf
73129,inf
188916,inf
359652,inf
482206,inf
518537,inf
63477,inf
578279,0.0
476623,inf
442126,inf
37384,inf
582419,inf
278798,0.0
493695,inf
435525,inf
477243,inf
348270,inf
213986,inf
530068,inf
426216,inf
269225,0.0
317252,inf
615041,inf
470406,inf
676895,0.0
669372,inf
145362,inf
494671,inf
72607,inf
529383,0.0
486142,inf
350933,inf
323247,inf
298029,inf
6174,0.0
566577,inf
202706,inf
60618,inf
300936,inf
671677,inf
301420,inf
419627,inf
426945,inf
161402,inf
427952,inf
585249,inf
48262,inf
344880,0.0
556113,inf
157174,inf
83181,inf
284349,inf
65747,inf
348409,inf
183525,inf
609137,inf
335223,0.0
145372,0.0
195364,inf
374855,0.0
159290,inf
163562,inf
127783,inf
577367,inf
505798,inf
373631,inf
86575,inf
250812,inf
253365,inf
354563,inf
83777,0.0
19089,inf
126732,inf
609836,inf
243566,inf
475941,inf
629133,inf
277795,inf
516842,inf
71708,inf
263944,0.0
482664,inf
72114,0.0
246193,inf
339743,inf
568726,inf
192451,0.0
361176,inf
341130,inf
227130,inf
317253,inf
49775,inf
81514,inf
34208,inf
709858,inf
555349,0.0
118162,inf
427616,inf
571810,inf
622772,inf
184102,inf
311265,0.0
308555,inf
184192,inf
340363,inf
553848,inf
697419,0.0
362980,0.0
682080,inf
209503,inf
282833,inf
211737,inf
287233,inf
46657,inf
70678,inf
368532,inf
624905,inf
19124,inf
7492,inf
129827,inf
115831,inf
125393,0.0
459149,inf
347056,0.0
96906,inf
579016,inf
129522,0.0
707700,inf
183045,inf
553782,inf
159769,0.0
687497,inf
76160,0.0
6992,inf
90441,inf
128474,inf
346495,0.0
58305,inf
450281,inf
534013,inf
291570,inf
283721,inf
405603,inf
206262,0.0
680715,inf
376706,inf
416452,inf
262609,inf
494703,inf
352943,inf
215572,inf
648229,inf
557430,inf
236211,inf
197785,inf
241599,inf
365089,inf
355613,inf
598048,inf
615462,inf
328506,inf
62018,0.0
703261,inf
335495,inf
373952,inf
685962,inf
621668,0.0
664725,inf
616023,inf
71960,inf
669910,inf
138738,inf
116954,inf
562996,inf
67678,inf
666195,0.0
203242,inf
97693,0.0
230746,inf
607177,inf
25703,inf
361461,inf
539514,inf
348599,inf
321264,0.0
261115,inf
78951,inf
277602,inf
444346,inf
237699,inf
381424,inf
468619,inf
391010,inf
692632,inf
181139,inf
81,inf
587579,inf
509459,0.0
350903,inf
659607,0.0
333629,0.0
643316,0.0
262301,inf
266255,inf
687212,inf
70882,inf
53993,inf
593467,0.0
182723,inf
163958,0.0
269895,inf
612343,inf
112445,inf
372432,inf
273826,0.0
605663,inf
621559,inf
523080,inf
344984,inf
476949,inf
467668,0.0
22366,inf
423623,inf
654531,inf
608410,inf
234741,inf
559382,inf
537504,0.0
149469,0.0
107882,inf
449870,inf
130058,inf
635220,inf
307270,inf
122157,inf
506561,0.0
700385,inf
130433,inf
355862,inf
640100,inf
567782,0.0
217172,inf
378760,inf
464688,inf
390187,inf
252948,inf
491138,0.0
555295,0.0
357760,inf
510023,inf
180615,inf
115927,inf
678484,inf
60864,inf
337222,inf
451863,inf
490042,inf
129034,inf
459808,inf
664558,inf
621363,inf
467021,inf
360997,inf
555414,inf
561583,inf
198608,inf
584231,inf
699823,inf
198896,inf
196041,inf
598137,inf
65625,inf
95660,inf
165205,inf
122720,inf
558581,inf
50298,inf
390699,0.0
703996,inf
189087,inf
688353,inf
145167,inf
385764,inf
557814,0.0
150244,inf
423652,inf
39243,inf
182957,inf
380990,inf
451192,0.0
174520,inf
692414,inf
111851,inf
110329,inf
204464,inf
355817,inf
471989,inf
171275,inf
297065,inf
664798,0.0
424184,inf
489856,inf
252469,inf
531369,inf
400622,inf
659500,inf
626584,inf
686565,inf
667353,inf
436762,inf
310188,inf
600910,inf
24371,0.0
486149,inf
676272,inf
463773,0.0
140484,inf
271352,inf
65777,inf
458876,0.0
377329,inf
258015,inf
261481,inf
499396,inf
181421,inf
17800,0.0
473165,inf
61645,inf
495121,0.0
282365,0.0
11411,0.0
5211,inf
512757,inf
486184,inf
421973,inf
254422,inf
606255,inf
559891,inf
643515,inf
99061,inf
116436,0.0
524429,inf
515822,0.0
596576,inf
303986,inf
19633,inf
573654,0.0
392299,inf
46472,inf
244597,inf
691714,0.0
636798,inf
689976,inf
587379,inf
694618,inf
542285,inf
326094,0.0
36456,inf
376121,inf
663090,inf
226775,inf
603857,inf
423744,inf
649982,inf
282333,inf
94177,inf
617477,inf
186370,0.0
644196,inf
539235,inf
547671,inf
97573,inf
218962,inf
523630,inf
336026,inf
334431,inf
348031,inf
26599,inf
279585,inf
113609,inf
180356,inf
451893,0.0
647543,inf
526422,inf
486377,inf
96382,0.0
59639,inf
365517,inf
26840,inf
667101,inf
358987,inf
448126,inf
207009,0.0
416467,inf
9190,inf
147871,inf
412653,inf
375669,inf
548131,inf
324497,inf
28578,inf
573859,inf
369290,inf
647068,inf
421639,inf
629041,0.0
651513,inf
619390,inf
573054,inf
556257,inf
430851,0.0
563110,inf
185092,inf
227227,inf
128459,inf
51293,inf
3738,inf
697610,inf
638829,inf
384694,inf
50857,inf
620240,0.0
395892,inf
335527,inf
308853,inf
41977,0.0
635180,0.0
225218,inf
704823,0.0
346727,inf
288181,inf
426277,inf
368603,inf
362061,inf
185080,inf
78339,inf
239223,inf
427776,0.0
219285,inf
278210,inf
65921,inf
18095,0.0
273773,inf
294288,inf
87229,0.0
144958,inf
548195,inf
494416,0.0
27834,inf
326822,inf
145325,inf
571743,inf
110779,0.0
516,inf
683770,inf
297018,0.0
17702,inf
361144,inf
660437,inf
208185,inf
638353,inf
28265,inf
414902,inf
167039,inf
607699,inf
645146,inf
318302,inf
214676,0.0
372922,inf
157272,0.0
75902,0.0
623892,inf
359435,0.0
304545,0.0
132141,0.0
20151,inf
99909,inf
344577,inf
112812,inf
351800,0.0
709765,inf
241447,0.0
650116,0.0
363045,inf
687730,inf
685647,inf
662814,inf
599783,inf
435780,inf
328819,inf
220411,inf
688957,inf
626077,inf
704379,inf
457750,inf
73323,inf
656764,inf
137893,0.0
60590,inf
699060,inf
19080,inf
376219,inf
250415,inf
688592,inf
238408,inf
288419,inf
590957,inf
437974,inf
552851,0.0
337687,inf
619214,inf
667845,inf
556943,inf
688123,inf
154528,inf
674930,inf
86024,inf
354569,inf
152447,inf
293255,0.0
257793,inf
130304,inf
391243,inf
121789,inf
196200,inf
111506,inf
10931,0.0
132906,inf
281530,inf
546666,inf
412854,0.0
529707,inf
453629,inf
365895,inf
104937,inf
84776,inf
27918,inf
478825,inf
376162,inf
258990,inf
450201,0.0
232797,inf
518895,inf
518060,0.0
261293,inf
554760,inf
370548,inf
88788,0.0
567632,inf
187548,inf
109290,inf
110914,inf
2471,0.0
54364,inf
637046,inf
481598,0.0
662557,0.0
503030,inf
340029,inf
379113,inf
642147,inf
101650,inf
169857,inf
180869,inf
64972,inf
78309,inf
515472,inf
339904,0.0
531311,inf
486564,inf
40250,inf
527513,inf
158401,inf
698177,inf
286349,inf
256810,inf
527048,inf
397534,0.0
377160,inf
50070,0.0
570482,0.0
178726,inf
474521,inf
471332,inf
586487,inf
636404,inf
533350,inf
263209,0.0
469593,inf
678196,inf
53184,0.0
267693,0.0
429270,inf
300623,inf
264949,inf
389901,0.0
255011,0.0
145242,inf
309807,inf
425045,inf
475004,inf
514805,inf
427244,0.0
625189,inf
444288,inf
67316,0.0
29210,inf
151145,inf
489039,0.0
374584,0.0
665684,inf
701864,inf
413051,0.0
40847,inf
471952,inf
335120,inf
3573,inf
114221,0.0
48931,0.0
526093,inf
26701,inf
326526,inf
532765,inf
303383,inf
67804,inf
93634,0.0
269107,0.0
621891,inf
236093,inf
233538,inf
643075,inf
511922,0.0
234744,inf
187391,inf
359688,inf
70008,inf
45588,inf
461698,inf
659764,inf
323375,inf
618655,inf
97269,inf
605067,inf
432265,0.0
627301,inf
57965,0.0
611674,inf
475311,inf
363823,inf
298510,inf
243815,inf
174004,inf
657243,inf
624163,inf
523741,inf
477902,inf
44152,inf
130834,inf
584595,inf
603596,inf
128630,inf
616007,inf
701238,inf
253540,inf
240265,inf
292751,0.0
504927,inf
609555,0.0
337129,inf
107651,0.0
615648,inf
676162,inf
461624,inf
10075,inf
423761,inf
662011,inf
280682,inf
227233,0.0
95987,inf
244149,inf
473287,0.0
707630,inf
47797,inf
49267,inf
649573,inf
194025,inf
243887,inf
549946,inf
95821,0.0
177262,inf
163313,inf
191479,inf
329091,inf
230626,0.0
440992,inf
423388,0.0
600278,inf
594508,0.0
106413,inf
36327,inf
447801,inf
588474,inf
160503,inf
522494,inf
312737,0.0
404498,inf
73667,inf
338371,inf
517530,inf
98481,inf
54410,0.0
400670,inf
138847,0.0
207285,inf
536235,inf
102232,0.0
40281,inf
140947,inf
376771,0.0
281627,inf
680815,inf
515292,inf
582232,inf
232037,inf
384121,inf
188447,0.0
150688,inf
218610,inf
101603,inf
503128,inf
504740,inf
150856,inf
652349,inf
424897,0.0
300298,inf
49649,inf
635197,inf
698555,inf
692050,inf
652274,inf
649612,inf
49385,inf
619962,inf
600649,inf
681753,inf
282130,inf
674229,inf
175200,inf
324264,0.0
21942,inf
104344,0.0
544754,inf
361559,0.0
495609,inf
391199,inf
235534,inf
48322,0.0
707690,inf
353846,0.0
428925,0.0
451680,inf
248312,0.0
486721,inf
430477,inf
555387,inf
556034,inf
631394,0.0
289427,inf
617314,0.0
492140,inf
702204,inf
123845,0.0
419479,inf
602706,inf
588308,0.0
540968,0.0
138867,inf
551360,inf
416893,inf
646966,inf
350367,inf
517834,inf
661072,inf
524421,0.0
691127,inf
258128,inf
9403,0.0
414274,inf
408566,0.0
478182,inf
516158,inf
265258,inf
553775,inf
112353,inf
261985,inf
512799,inf
322032,inf
617531,inf
345161,inf
443686,inf
71632,inf
241913,inf
400527,inf
515733,0.0
316861,0.0
641031,inf
221169,0.0
455962,inf
125281,inf
184874,inf
660133,inf
1067,inf
137152,inf
262240,inf
674161,inf
142777,inf
527893,inf
245986,inf
155385,inf
397293,inf
132338,0.0
628772,inf
128203,0.0
129693,inf
553130,0.0
56481,inf
291615,inf
592362,inf
24113,inf
165912,inf
332419,0.0
175194,inf
183476,inf
221805,inf
543638,inf
93211,inf
668751,inf
422409,0.0
409006,0.0
697724,inf
7455,0.0
272502,inf
32089,inf
662679,inf
483311,inf
623106,inf
84341,inf
598251,inf
670719,0.0
214503,inf
146142,inf
306213,inf
462269,inf
212065,inf
472980,inf
402714,inf
197777,inf
450276,0.0
177230,inf
10268,inf
552160,inf
420036,inf
130016,inf
655943,inf
638074,inf
95605,inf
365122,inf
404099,inf
514029,inf
187339,0.0
90737,inf
594468,inf
525621,inf
527121,inf
194129,0.0
158078,inf
418401,inf
201660,inf
696120,inf
688960,inf
591605,inf
572706,inf
523282,inf
554047,inf
226797,inf
242841,inf
283668,0.0
138349,inf
328289,0.0
585328,inf
340988,inf
701437,inf
625704,0.0
74315,0.0
193741,inf
95036,inf
394715,inf
701241,inf
432568,inf
147182,inf
84172,inf
118201,inf
214977,inf
522159,inf
388362,inf
188310,inf
235455,0.0
484594,inf
147807,0.0
187215,inf
344200,inf
693583,inf
418824,inf
31476,inf
579852,0.0
337424,0.0
381529,inf
386832,inf
347614,inf
540785,inf
410655,0.0
437246,inf
120442,inf
59411,inf
233547,inf
410949,inf
171955,inf
9103,inf
427678,0.0
125706,inf
700965,inf
102056,inf
396265,inf
587775,inf
81583,inf
391200,inf
555490,inf
163762,inf
322576,0.0
225740,0.0
389919,inf
183452,inf
85464,0.0
691787,0.0
47791,inf
82136,inf
389251,inf
642226,inf
96804,inf
645085,inf
355886,inf
293807,inf
655503,inf
276622,inf
521461,inf
376503,inf
90697,inf
447258,inf
313040,inf
707167,inf
521009,inf
112400,inf
571737,inf
518167,inf
650961,0.0
560423,inf
144276,0.0
698807,inf
602484,0.0
592174,inf
214914,inf
155356,inf
276982,inf
481426,inf
124000,inf
433023,inf
419851,inf
251831,0.0
235234,inf
462881,0.0
316294,0.0
561029,0.0
425257,inf
3448,inf
673130,inf
441387,inf
419637,0.0
32373,inf
583814,inf
351187,inf
410691,0.0
88426,inf
255097,0.0
381087,inf
565600,inf
352292,0.0
350335,inf
138403,inf
103440,inf
127258,0.0
610290,0.0
649102,inf
559161,inf
206610,inf
111744,inf
106047,inf
531370,0.0
495327,inf
440839,inf
270756,inf
372356,inf
243035,inf
155835,inf
352047,inf
125448,inf
593697,inf
93947,inf
324512,inf
321891,0.0
613198,inf
217819,0.0
216474,0.0
20582,inf
105963,inf
99460,inf
111188,0.0
641918,inf
665572,inf
59838,0.0
213078,inf
197001,inf
117529,inf
700604,inf
381823,0.0
354561,0.0
427073,inf
314484,inf
192221,inf
96861,inf
481403,inf
686368,0.0
452722,inf
482636,inf
371270,inf
257617,inf
63582,0.0
378402,inf
251402,inf
495752,inf
566072,inf
21993,inf
589911,inf
509463,inf
431877,0.0
514580,0.0
128167,inf
472124,inf
160561,inf
547231,inf
645579,inf
272835,inf
382439,inf
165074,inf
77865,inf
453667,inf
439936,inf
260410,inf
76459,0.0
170848,inf
191517,inf
484862,inf
175234,0.0
393583,inf
450320,inf
637645,inf
599947,inf
259492,0.0
522668,0.0
146709,inf
685079,inf
650469,inf
450845,inf
479348,0.0
680531,inf
215510,inf
39433,0.0
642993,inf
451937,inf
399262,inf
488524,inf
639745,inf
22258,0.0
126922,inf
560495,0.0
169854,inf
529944,inf
410679,inf
231812,inf
569443,inf
456386,inf
708250,inf
506795,inf
443655,inf
519096,inf
580941,inf
238221,inf
172902,inf
563906,inf
686721,inf
605624,0.0
276293,0.0
156872,0.0
387162,inf
54028,inf
510958,inf
503087,0.0
453509,0.0
460844,inf
228715,inf
30367,inf
353228,inf
534811,inf
413333,0.0
247755,inf
106474,inf
331336,inf
170944,0.0
95431,inf
343783,inf
121435,inf
553896,inf
584263,inf
408058,inf
576428,inf
51512,0.0
33147,inf
155849,inf
170299,inf
427121,0.0
547895,inf
122382,inf
456379,inf
456019,inf
664716,inf
446787,inf
242735,inf
224403,inf
467747,0.0
81169,inf
374248,inf
247266,inf
635152,inf
665581,inf
157291,inf
259958,inf
108432,inf
417116,inf
506205,inf
381364,inf
535688,0.0
525146,inf
81025,inf
282660,inf
323672,0.0
609364,inf
246873,inf
235376,inf
449570,inf
401044,inf
235326,inf
366939,inf
388445,inf
422215,inf
157003,0.0
244100,inf
188489,inf
307574,inf
301470,inf
689363,inf
536237,0.0
349554,inf
205874,0.0
212427,inf
491286,inf
331016,inf
425700,inf
114427,0.0
693049,0.0
450989,inf
703846,inf
458411,inf
250282,inf
549076,inf
530151,inf
273229,inf
502868,0.0
373762,inf
439718,inf
574933,inf
413012,inf
628474,inf
607797,inf
702123,inf
637254,0.0
487642,inf
198813,0.0
221861,inf
416605,inf
459526,0.0
284778,0.0
205195,inf
260794,0.0
55602,inf
459890,0.0
558071,inf
117410,inf
238747,inf
88022,inf
635809,inf
528973,inf
192564,inf
420622,inf
375572,inf
445232,0.0
319073,0.0
706499,inf
353300,inf
290238,0.0
297961,inf
602787,inf
409260,inf
110386,inf
378655,inf
376898,inf
463805,inf
437044,inf
471740,inf
122547,inf
109255,inf
639974,inf
133146,inf
96714,inf
284785,inf
238692,inf
484826,inf
625977,inf
628573,inf
470685,inf
27163,inf
227293,inf
382263,inf
590411,inf
476170,inf
271455,0.0
367390,0.0
233570,0.0
29051,inf
140010,inf
658128,0.0
462915,0.0
360107,inf
331923,inf
390071,0.0
442088,inf
637775,inf
648911,inf
535226,inf
558516,inf
200854,inf
164647,inf
94435,0.0
51695,inf
206214,inf
329117,inf
563504,inf
79949,inf
147122,inf
501262,inf
709001,0.0
524788,inf
472738,inf
192626,inf
631445,0.0
52374,inf
684183,inf
400807,inf
392974,inf
316670,inf
49982,inf
355861,inf
405345,inf
576888,inf
337468,inf
383535,inf
270841,inf
420265,inf
294093,inf
384122,inf
264866,inf
645188,inf
73154,inf
82116,inf
405800,0.0
128544,0.0
511793,inf
64322,0.0
648579,inf
343805,inf
265088,0.0
53753,0.0
158739,inf
259340,inf
567425,inf
177946,inf
687211,inf
548552,inf
450236,0.0
204617,inf
444618,inf
369754,inf
212293,inf
697689,inf
50514,0.0
625870,inf
706334,inf
330993,inf
21049,inf
283843,inf
12890,inf
77987,inf
458509,inf
560900,0.0
556136,0.0
609713,inf
500518,inf
52543,inf
399369,inf
357850,inf
586471,inf
50342,inf
19425,inf
483606,inf
28916,0.0
113392,inf
415548,inf
574162,inf
6088,inf
286459,0.0
647278,inf
297893,0.0
31003,inf
90428,inf
605257,inf
396242,inf
684707,inf
537585,0.0
241396,inf
533865,inf
58661,inf
698517,0.0
441848,inf
381342,0.0
302306,0.0
665829,inf
1677,0.0
316492,0.0
419426,inf
218479,0.0
449741,inf
365458,inf
419954,inf
369388,inf
195842,inf
274871,inf
230828,0.0
2093,0.0
412578,0.0
709303,0.0
174177,inf
636921,inf
457869,inf
113506,inf
151915,0.0
229566,0.0
316411,inf
644068,inf
592235,inf
3993,inf
132952,inf
167701,0.0
327965,inf
366555,inf
459280,inf
490677,inf
115555,0.0
113059,inf
25509,inf
618318,inf
340268,inf
332027,inf
693928,inf
515789,inf
327725,0.0
58532,inf
498055,inf
223221,inf
472111,inf
514389,inf
515917,inf
284312,inf
371494,inf
550892,inf
618135,inf
196406,0.0
54230,inf
438938,inf
25106,inf
234496,inf
221214,0.0
343468,inf
607670,0.0
330162,inf
691955,inf
528040,inf
330194,inf
625865,0.0
572304,inf
315648,inf
258967,inf
496144,inf
640195,0.0
672069,inf
535166,inf
705918,inf
711319,inf
186168,inf
646271,inf
680835,inf
2383,inf
303354,inf
542646,inf
230988,inf
540392,inf
210574,inf
15923,inf
307585,inf
353632,inf
565790,0.0
462051,inf
93696,0.0
72110,inf
653552,inf
391130,inf
708876,inf
661101,inf
35155,0.0
290727,inf
551894,inf
389051,inf
60397,inf
601126,0.0
685060,inf
527044,0.0
446476,0.0
76930,inf
48102,0.0
515351,inf
211288,inf
342300,0.0
20513,inf
339201,inf
481323,inf
215012,inf
677212,inf
278568,inf
560911,0.0
362046,inf
621352,inf
4819,inf
628616,inf
386702,inf
422878,0.0
548965,inf
17821,inf
87169,inf
69923,inf
371740,inf
341403,0.0
2381,inf
516464,inf
637026,inf
63794,inf
447875,inf
701374,inf
551694,inf
53693,inf
154058,inf
472129,inf
477993,inf
213212,inf
402124,0.0
340833,0.0
116004,inf
116508,0.0
460459,0.0
594221,inf
472514,inf
142803,inf
67310,0.0
29069,inf
381980,inf
83223,inf
133726,inf
293740,inf
85426,inf
38661,0.0
659302,inf
701518,inf
493734,inf
430292,inf
62733,0.0
626136,inf
498411,inf
266371,inf
316369,inf
334384,inf
683563,inf
609743,inf
688086,0.0
75309,inf
704747,inf
616617,inf
548038,inf
553258,inf
476501,inf
345085,inf
233128,inf
188187,0.0
275523,inf
371081,inf
586315,inf
518192,inf
140756,inf
73613,0.0
105684,inf
119843,inf
135294,inf
484810,inf
295337,inf
531786,inf
656753,inf
318225,0.0
425596,inf
96110,inf
496049,inf
706949,inf
5171,inf
497163,inf
211672,inf
60753,inf
610223,0.0
669153,0.0
634401,inf
425424,0.0
297946,inf
216814,inf
426193,0.0
181165,0.0
309742,inf
53687,inf
568260,inf
155390,0.0
212898,inf
294199,inf
445427,inf
409518,inf
663050,inf
327046,inf
69398,inf
480490,inf
665898,inf
110723,inf
627281,inf
399022,inf
40566,inf
546236,inf
406118,inf
95822,inf
277772,inf
238301,0.0
688442,inf
442889,0.0
487004,inf
473323,inf
312883,inf
23087,inf
649115,inf
402466,inf
427988,inf
525657,inf
501590,inf
400132,0.0
284697,0.0
19675,inf
705249,inf
182164,inf
600466,inf
397158,inf
653955,inf
547936,inf
336975,0.0
103157,0.0
600883,inf
387551,inf
236899,inf
569117,inf
693472,inf
604657,inf
542983,inf
335565,inf
692926,inf
448784,0.0
591771,inf
699929,inf
377244,inf
238178,inf
2082,inf
458060,inf
17600,inf
49157,inf
58377,inf
702131,0.0
607180,inf
543020,inf
139801,inf
331277,inf
496799,0.0
144484,inf
673923,inf
274467,inf
208525,inf
81797,0.0
138030,0.0
604685,inf
662334,inf
367649,inf
625270,inf
709771,inf
437265,inf
46451,inf
42079,inf
545693,inf
206472,0.0
261038,inf
426331,inf
208933,inf
678909,0.0
404815,inf
195036,inf
144333,inf
485746,0.0
436456,inf
92585,0.0
415193,inf
447430,inf
351674,inf
633416,inf
689577,0.0
709926,inf
143784,inf
86176,inf
98828,inf
55775,inf
98452,inf
561556,inf
353006,inf
389945,inf
536135,inf
687868,inf
98052,inf
446578,inf
637442,inf
413259,inf
471126,inf
617473,inf
68318,inf
76071,0.0
134416,inf
429948,inf
346658,inf
161533,inf
485436,inf
174725,inf
349430,inf
269531,inf
562393,inf
175483,inf
216119,inf
103680,inf
580671,0.0
105433,inf
14143,inf
466687,0.0
401317,inf
461580,inf
89957,inf
611162,inf
506389,inf
152115,inf
622443,inf
46198,inf
176912,inf
340517,inf
406729,inf
66606,inf
504298,inf
537034,inf
333285,inf
74546,inf
62709,inf
667549,inf
69712,inf
680039,0.0
353852,0.0
137621,0.0
198127,inf
517286,inf
616056,0.0
489992,inf
24379,inf
439582,inf
445215,inf
520486,inf
612026,inf
379783,0.0
580249,inf
212771,inf
15926,0.0
698441,inf
235547,0.0
653987,inf
573252,inf
396425,inf
682632,inf
584124,inf
284367,inf
335251,0.0
281861,inf
508966,inf
222753,inf
301666,inf
167144,inf
228705,0.0
55415,inf
653871,inf
380027,inf
15873,inf
509265,0.0
54731,inf
46624,inf
656383,0.0
61172,inf
84955,inf
279241,0.0
268547,inf
75215,inf
612540,0.0
268121,inf
81198,inf
300486,inf
701131,inf
273915,inf
387103,inf
487940,0.0
600207,0.0
341372,inf
207216,inf
192091,inf
65272,inf
166847,inf
43464,inf
571690,inf
592193,inf
677111,inf
457705,inf
104012,0.0
266970,0.0
633171,inf
317826,inf
360438,inf
574276,inf
203039,0.0
166755,0.0
607840,inf
395388,0.0
623425,inf
198020,0.0
202111,0.0
142547,inf
426435,inf
692394,0.0
688826,inf
349233,inf
113963,0.0
24625,inf
28640,0.0
229228,inf
383670,inf
248858,inf
261693,inf
700377,inf
214338,inf
361735,0.0
290285,inf
418083,inf
226285,inf
318503,0.0
333773,0.0
123259,inf
433741,inf
634624,inf
653022,inf
176118,inf
415430,0.0
229857,inf
556475,inf
683760,inf
610172,inf
169642,inf
112099,inf
421821,inf
414513,0.0
206681,inf
407255,inf
377916,0.0
281434,inf
44928,inf
531500,inf
585588,0.0
608212,inf
87013,inf
333964,inf
66790,inf
33266,inf
144821,inf
262137,0.0
205101,inf
624112,inf
635763,inf
681116,inf
647632,inf
440507,0.0
649633,inf
38596,inf
344782,inf
695529,inf
168255,inf
397444,inf
389559,0.0
245445,0.0
486732,0.0
332175,inf
214602,inf
11542,inf
75178,inf
532226,inf
64866,inf
610055,inf
395379,inf
457537,0.0
229062,inf
62896,inf
249265,inf
513548,inf
1403,inf
302971,inf
200947,inf
539747,inf
269112,inf
677987,inf
3893,inf
572006,0.0
356670,inf
464863,inf
516211,inf
222151,inf
644138,inf
430632,inf
589243,inf
369947,inf
562711,inf
496040,inf
355264,inf
43606,inf
299078,inf
426554,inf
424110,inf
488896,0.0
513255,inf
14288,inf
704226,inf
30755,inf
225695,inf
63412,inf
415960,inf
283068,0.0
514414,inf
191070,0.0
47087,inf
542424,inf
658245,inf
21301,inf
178160,inf
72296,inf
519927,inf
184193,0.0
463753,0.0
164835,inf
644334,0.0
583210,inf
19176,inf
308299,inf
430717,inf
700089,inf
502620,inf
37462,inf
125493,inf
354923,0.0
312710,inf
322227,inf
391148,inf
437921,inf
584894,inf
273421,inf
237269,inf
422917,inf
214264,0.0
96017,inf
583263,inf
630100,inf
537441,inf
684253,inf
433816,inf
133739,inf
81895,0.0
609218,inf
508988,inf
530588,inf
659091,inf
145630,inf
87495,inf
702217,0.0
653155,0.0
117903,inf
73436,inf
305896,inf
147374,0.0
220149,inf
640551,0.0
434705,inf
25563,inf
543802,inf
436112,inf
151328,inf
642796,inf
495124,0.0
250376,inf
253844,0.0
268286,inf
642726,inf
121791,inf
382329,inf
83620,inf
585268,inf
507362,inf
439987,inf
407265,inf
695319,inf
253739,inf
548068,inf
115359,0.0
227618,inf
624953,inf
527447,inf
463822,inf
285202,inf
15257,inf
275453,inf
452069,0.0
263170,inf
106288,inf
376344,inf
212229,inf
197151,inf
63216,inf
427844,inf
352618,inf
118086,0.0
559618,inf
439186,0.0
121921,inf
599745,0.0
100133,inf
472433,0.0
660200,inf
299975,inf
199667,inf
137830,inf
198394,inf
27255,inf
430620,inf
273338,0.0
599114,inf
8090,inf
58477,inf
203229,0.0
565580,inf
164744,0.0
471855,0.0
480968,inf
369719,inf
478960,inf
429037,0.0
581410,0.0
45110,inf
20136,0.0
588227,inf
602929,inf
75992,inf
379455,inf
171144,inf
80030,0.0
192199,inf
173115,0.0
198908,inf
691099,inf
289252,inf
233222,inf
149605,inf
253855,inf
475193,inf
16263,inf
451963,inf
382432,inf
167224,0.0
92583,inf
677872,inf
224150,0.0
464805,inf
696254,inf
189968,inf
472469,0.0
307947,inf
594012,inf
68723,0.0
256427,inf
699962,inf
166972,inf
534100,inf
4717,inf
162261,inf
361304,inf
565409,inf
448287,0.0
466587,inf
478520,inf
300339,inf
216566,inf
248679,0.0
454708,0.0
616365,inf
236993,inf
570522,inf
320154,inf
403021,inf
673114,inf
138693,inf
599905,inf
380376,inf
333013,0.0
625644,inf
666966,0.0
643528,inf
313536,inf
141587,inf
612881,inf
519131,inf
625697,inf
271144,0.0
69477,inf
582382,0.0
469178,inf
417359,inf
401149,inf
121592,inf
534885,inf
327508,inf
123209,0.0
475545,inf
676292,inf
162868,inf
224566,inf
712020,inf
280573,inf
397245,inf
259066,inf
673987,inf
666915,inf
228236,inf
125306,inf
171777,inf
668170,inf
695391,inf
29811,inf
189245,0.0
61048,inf
194874,0.0
582484,inf
642138,inf
552345,inf
695351,inf
453284,inf
689468,inf
480525,inf
92130,inf
238876,inf
293775,inf
369395,0.0
248777,inf
249003,inf
593719,inf
162065,inf
609628,0.0
609239,0.0
287402,0.0
237832,inf
429906,inf
585625,inf
313457,inf
362553,inf
327048,inf
95476,inf
290954,inf
62704,inf
368522,0.0
570354,inf
105196,0.0
640850,inf
251953,inf
279016,inf
474044,inf
230627,inf
519516,inf
172519,0.0
96324,inf
292098,0.0
671455,inf
506039,inf
214750,inf
110717,inf
506426,inf
177099,inf
190151,inf
528263,inf
464000,inf
58195,inf
152829,inf
619385,inf
356771,inf
201475,inf
34181,inf
512522,inf
172767,inf
379591,inf
229464,inf
530375,inf
429954,inf
253437,inf
192107,inf
105353,inf
284106,0.0
301206,inf
687689,inf
571080,inf
442098,inf
639769,inf
358388,inf
599860,inf
550131,inf
484305,inf
650817,inf
1241,inf
314995,inf
180967,inf
236470,inf
692622,inf
480179,inf
70991,inf
98786,inf
590062,inf
103636,inf
698317,inf
441931,inf
395998,inf
243967,inf
653014,inf
534969,inf
172140,inf
22801,inf
237293,inf
127171,inf
262053,inf
423330,inf
522009,inf
678106,inf
109246,inf
288657,inf
293306,inf
22784,inf
191840,inf
330832,inf
436141,inf
692684,inf
316123,0.0
381585,inf
210936,0.0
416832,inf
397090,inf
163773,inf
115076,inf
476090,inf
58515,inf
350979,inf
583539,inf
374716,inf
136149,inf
597831,inf
380599,inf
147449,inf
402315,0.0
396706,inf
269950,inf
626380,inf
433622,inf
293053,inf
295262,inf
290916,inf
422618,inf
325551,inf
698585,inf
145146,inf
391427,inf
669425,0.0
587634,inf
39677,inf
289621,inf
138170,0.0
695364,inf
639824,inf
69500,inf
474117,inf
426690,inf
662098,0.0
506639,inf
89444,inf
477457,0.0
471979,inf
198648,inf
93444,0.0
192835,inf
8255,0.0
42246,inf
567283,0.0
423620,inf
472199,0.0
42283,inf
190385,inf
685236,inf
397337,inf
223067,inf
438776,inf
475033,inf
437352,inf
511883,inf
539688,inf
429665,0.0
244524,0.0
30878,inf
260795,inf
165457,inf
131258,0.0
216333,inf
537602,inf
491037,inf
385163,inf
20200,inf
81102,0.0
610190,0.0
447597,inf
633420,inf
285112,inf
154176,inf
466654,inf
400929,0.0
441646,inf
131216,inf
258406,inf
315053,inf
450622,inf
701123,inf
87486,inf
170362,inf
575377,0.0
694764,inf
616296,inf
415789,inf
210850,inf
295826,inf
131987,inf
458384,inf
630879,inf
368896,inf
517512,0.0
537667,inf
378619,0.0
427060,inf
7166,inf
216465,inf
38486,0.0
101743,0.0
159841,inf
598715,0.0
9246,0.0
219847,inf
673546,inf
486058,inf
549067,0.0
139671,0.0
580534,0.0
384157,inf
466032,inf
190944,inf
515035,inf
52695,inf
648456,inf
500633,0.0
123593,inf
431362,inf
299177,0.0
593849,0.0
288862,inf
56923,inf
538047,inf
291510,inf
666891,inf
370990,inf
277366,inf
541557,inf
265170,inf
621792,inf
183153,inf
137609,inf
423320,inf
229322,inf
335292,inf
546104,inf
80548,inf
502277,inf
697608,inf
95736,inf
36083,inf
556786,inf
103596,inf
652766,inf
22115,inf
297092,inf
92115,inf
645771,inf
361579,inf
302788,inf
417739,inf
216607,inf
385737,inf
624982,inf
2217,inf
223931,inf
389579,0.0
55080,inf
661274,inf
224641,inf
473554,inf
467845,inf
143644,inf
53729,inf
565799,inf
538856,inf
83190,0.0
220331,0.0
393276,inf
99175,inf
628852,inf
509701,inf
292726,inf
448642,inf
627748,inf
492319,0.0
197687,0.0
667927,inf
200004,inf
15913,inf
181100,inf
379688,0.0
169674,inf
696657,inf
258648,inf
709196,0.0
270503,inf
583188,inf
459201,inf
428253,inf
110699,inf
187854,inf
447854,inf
196411,inf
415251,inf
185443,inf
609296,inf
221336,inf
116672,inf
541452,inf
183727,0.0
582607,inf
336730,0.0
152617,inf
696222,inf
485579,0.0
14756,inf
121707,inf
96495,0.0
485501,0.0
119296,0.0
281468,inf
527482,inf
271789,inf
147018,inf
490316,0.0
1409,inf
180712,inf
664130,inf
13569,inf
544337,inf
529051,inf
225543,inf
238957,inf
631552,inf
73557,inf
596962,inf
268907,inf
280861,0.0
391185,inf
27470,inf
278789,0.0
365729,inf
536161,0.0
394368,inf
447125,inf
295709,inf
226295,inf
329067,inf
578850,inf
239858,inf
431395,0.0
580782,inf
669114,inf
223212,inf
639215,0.0
113421,inf
509760,inf
532591,inf
165038,inf
664358,inf
389749,inf
619723,inf
283708,inf
138387,0.0
182244,inf
189295,inf
51742,inf
525942,0.0
316362,inf
119025,inf
169583,inf
582982,inf
488230,inf
284500,inf
447321,inf
412452,0.0
113867,inf
549244,inf
576829,inf
334546,inf
312600,inf
443174,inf
34871,inf
354463,0.0
691090,inf
14264,inf
182223,inf
39713,inf
285200,inf
654157,inf
422172,inf
41008,0.0
711468,inf
571210,inf
555140,inf
136554,0.0
438064,inf
379577,inf
155549,inf
569203,inf
223083,inf
711479,inf
25463,inf
659803,0.0
617692,inf
629144,inf
487460,inf
88992,inf
549254,inf
617377,inf
47811,0.0
555437,inf
372572,inf
557931,inf
250905,inf
231926,inf
134037,inf
101970,inf
488641,inf
77140,inf
288786,inf
178702,0.0
674815,0.0
508774,inf
107068,inf
445700,inf
633530,inf
371967,inf
58679,inf
599680,inf
584444,inf
70282,inf
453654,inf
131068,inf
264637,inf
443302,inf
73234,inf
520865,inf
299137,0.0
43278,inf
359721,inf
629021,inf
491402,inf
702474,inf
22780,0.0
707587,inf
92551,inf
568557,inf
251261,inf
440880,inf
668235,inf
511254,inf
67227,0.0
103569,inf
368087,0.0
543268,inf
553417,inf
11287,inf
213324,inf
402986,inf
273365,inf
394283,inf
517191,inf
621382,inf
227564,inf
607728,inf
294417,inf
52533,0.0
312994,inf
129004,inf
253526,inf
566916,inf
202391,inf
277838,0.0
640501,inf
501492,inf
564947,0.0
196344,inf
55408,inf
708386,0.0
540626,0.0
193301,inf
517172,inf
329896,inf
243384,0.0
626060,inf
688346,inf
190040,inf
91083,inf
556266,inf
660254,inf
284434,inf
463911,inf
331644,inf
516449,inf
676449,inf
19085,0.0
61537,inf
74504,inf
462311,inf
521439,0.0
205200,0.0
543608,inf
286010,inf
64672,inf
522698,inf
236770,inf
276914,inf
94950,inf
32012,inf
552121,inf
190400,0.0
616662,inf
36737,inf
621032,0.0
145922,inf
586592,inf
524511,inf
470508,inf
122628,inf
443631,inf
184508,inf
474925,inf
551819,0.0
207397,inf
36345,inf
496350,inf
122260,inf
223890,inf
497103,0.0
171503,inf
631149,inf
534986,inf
298948,inf
27244,inf
599474,inf
332589,inf
621894,inf
624503,inf
579411,inf
433136,inf
211056,inf
277482,inf
382213,inf
589499,inf
534483,inf
8990,inf
258911,inf
333910,0.0
629047,inf
250846,inf
335384,inf
90065,inf
621126,inf
21863,inf
190425,inf
634702,inf
415105,inf
491027,inf
607239,inf
638285,inf
150059,inf
528952,inf
15924,inf
695230,inf
520925,inf
347767,inf
703127,inf
513906,inf
453668,inf
484794,inf
54048,inf
455555,inf
219082,inf
285863,inf
614957,inf
210852,inf
470998,0.0
657165,inf
254880,inf
631371,inf
182260,inf
130651,inf
535717,inf
196432,inf
640736,inf
274361,0.0
377637,inf
241940,inf
194081,inf
177029,inf
607367,inf
348079,inf
394793,inf
105081,inf
661636,inf
389087,inf
564417,inf
303653,inf
634815,0.0
167205,inf
468460,inf
589175,inf
408872,inf
104469,inf
696404,inf
98136,inf
53808,inf
396509,inf
616608,inf
612839,0.0
470790,inf
479697,inf
593935,inf
316701,inf
203157,inf
164315,inf
631896,inf
215599,inf
468517,inf
500460,inf
636760,inf
477659,inf
284940,inf
368960,inf
224271,0.0
518545,0.0
581879,inf
520652,0.0
227765,inf
221532,inf
291264,inf
125371,inf
273462,0.0
518621,0.0
117319,inf
561204,0.0
642593,inf
339361,0.0
467377,inf
65743,inf
464800,inf
700910,inf
439539,inf
578845,0.0
110070,inf
501288,inf
677523,inf
455076,inf
225052,inf
230775,inf
254336,inf
343373,inf
321058,0.0
18372,inf
607562,inf
261833,inf
487025,inf
232921,inf
280473,inf
19850,inf
16684,0.0
103602,0.0
425188,inf
397689,inf
104581,inf
483304,inf
308247,inf
248080,inf
531384,inf
185804,inf
123967,inf
518570,inf
591832,inf
108997,inf
290297,0.0
521667,inf
518533,inf
563430,inf
259863,0.0
40104,inf
21306,inf
155989,inf
168728,inf
197232,inf
231481,inf
445934,0.0
144624,inf
477107,inf
700650,0.0
417008,inf
43470,0.0
568459,inf
53567,inf
320191,inf
364643,inf
604131,inf
221035,inf
696950,inf
690843,inf
420136,0.0
300144,inf
3020,inf
515264,inf
647883,inf
480174,inf
413067,inf
614656,inf
401561,inf
541238,inf
24248,inf
708626,inf
270499,inf
298700,inf
78356,inf
207682,inf
520114,inf
517345,inf
201867,inf
306751,inf
309571,inf
174318,inf
79871,inf
663457,inf
168088,inf
192926,inf
351920,inf
462832,inf
611336,inf
205304,inf
399076,0.0
314328,inf
388773,inf
43298,inf
282465,inf
608805,inf
647835,inf
328962,inf
320859,0.0
566380,inf
461770,0.0
373732,inf
531379,inf
443941,inf
154845,inf
458652,inf
357320,inf
184687,inf
181597,inf
297676,inf
370122,inf
499727,0.0
202425,0.0
578990,inf
257985,inf
280804,inf
352909,0.0
282104,inf
551900,0.0
324356,0.0
11722,inf
219245,0.0
78714,inf
406234,inf
215785,inf
402749,inf
621784,inf
617826,inf
19030,inf
520130,inf
608663,inf
179338,inf
650767,inf
419012,inf
191289,0.0
193194,inf
185400,inf
631785,inf
412080,inf
14314,inf
268465,0.0
579847,0.0
197632,inf
682998,inf
629600,inf
226564,inf
455006,inf
522293,inf
66812,inf
496681,inf
226309,inf
360213,inf
475464,0.0
411283,0.0
189183,inf
534919,inf
243670,inf
64901,0.0
362582,inf
352550,inf
433625,0.0
463141,0.0
217258,inf
310756,inf
137115,inf
423009,0.0
458302,inf
498676,0.0
209458,inf
294289,inf
271904,0.0
562047,inf
112623,inf
456213,inf
130835,inf
263255,inf
397788,inf
597774,0.0
320022,inf
549662,inf
23278,0.0
487833,0.0
595724,inf
32105,inf
256602,0.0
698659,inf
244520,inf
385803,inf
200020,inf
486737,inf
339900,inf
428230,inf
199728,inf
25346,inf
29693,inf
155125,inf
558590,inf
520262,inf
218211,inf
603555,inf
245232,inf
631130,0.0
239289,inf
576477,inf
391862,inf
198691,inf
357639,inf
611039,inf
352305,inf
348667,inf
91549,inf
35681,inf
583083,inf
498493,inf
47065,inf
448775,inf
666955,inf
704254,inf
661433,inf
243643,inf
215657,0.0
461826,inf
121175,0.0
72617,inf
116042,inf
371280,inf
156025,inf
541916,inf
64125,inf
351138,inf
360835,inf
266900,0.0
623067,inf
186181,0.0
443477,inf
344912,0.0
342429,inf
640028,inf
544114,inf
689025,0.0
11084,inf
521210,0.0
222323,inf
687865,inf
460938,inf
414796,inf
206160,0.0
342743,0.0
319017,inf
40316,inf
68715,inf
115642,inf
374468,inf
599526,inf
229618,inf
332254,inf
3374,inf
364827,0.0
624530,inf
683594,inf
68246,inf
308344,inf
407433,inf
116685,inf
378237,0.0
33242,inf
198574,0.0
390513,inf
95920,inf
350761,inf
453670,inf
366852,0.0
661559,0.0
668860,inf
414209,inf
408528,inf
479303,inf
386853,inf
338841,0.0
79128,inf
105587,inf
323960,inf
447100,inf
150401,inf
609694,inf
130719,inf
490575,inf
202940,inf
602723,inf
332762,0.0
220725,inf
576763,inf
439850,0.0
345131,inf
185828,inf
362293,inf
260482,inf
386446,inf
197602,0.0
219002,inf
402866,inf
398594,inf
151956,0.0
262498,inf
292270,inf
293341,inf
67415,inf
554580,inf
64710,0.0
632018,inf
670039,inf
316470,inf
61898,inf
464635,inf
645653,inf
257594,inf
357246,inf
171627,0.0
473055,inf
702102,inf
671684,inf
36139,inf
171952,inf
596446,inf
467572,inf
21565,inf
153310,inf
366165,0.0
470335,inf
195741,inf
150381,inf
187282,inf
447561,inf
497634,inf
379904,0.0
161409,0.0
618892,inf
178669,inf
366561,0.0
72065,inf
73992,inf
157175,inf
568590,inf
241561,inf
512454,inf
398960,inf
429936,inf
398646,inf
687037,inf
342625,inf
253798,inf
147205,inf
149324,inf
359235,inf
496833,inf
553073,inf
389772,0.0
251837,inf
353568,inf
692788,0.0
494572,0.0
434355,inf
643323,0.0
43172,inf
329431,inf
696270,inf
571392,inf
700786,0.0
691501,inf
44169,inf
127106,inf
20259,inf
476647,inf
67635,inf
538878,inf
55655,0.0
596708,inf
174527,inf
500606,inf
615987,0.0
288257,inf
577375,inf
463323,inf
199025,inf
703644,inf
248738,inf
637593,0.0
519145,inf
568369,inf
488741,0.0
334300,inf
368353,inf
678532,inf
334132,inf
232022,inf
190670,inf
334846,0.0
687544,inf
537073,inf
566540,0.0
580493,inf
312511,inf
253647,0.0
108376,inf
609902,0.0
517502,0.0
161789,inf
208203,0.0
223820,inf
446911,inf
448935,0.0
296030,inf
638089,inf
314230,inf
48296,0.0
612940,inf
610649,inf
46898,inf
407010,0.0
589468,inf
462113,inf
304814,inf
623803,0.0
588709,inf
492822,inf
200427,inf
400001,inf
566745,0.0
584817,inf
184316,inf
699009,inf
648767,inf
74932,inf
72782,inf
505358,0.0
660928,inf
251884,inf
24787,inf
24252,inf
367785,inf
76553,0.0
510813,inf
486858,inf
504235,inf
635998,inf
639934,inf
355358,0.0
10465,inf
391725,inf
664242,inf
221655,0.0
11727,inf
394612,inf
71009,inf
522979,inf
517860,inf
493593,inf
240533,inf
158491,0.0
121081,inf
193601,0.0
617646,inf
592037,inf
84635,inf
543577,inf
157370,inf
27978,inf
406453,inf
17484,inf
69826,inf
234275,0.0
635744,inf
161234,inf
409236,inf
628669,inf
139201,inf
311716,inf
56267,0.0
505200,inf
626765,inf
609025,inf
398913,inf
461986,inf
119389,inf
228825,inf
101314,inf
312918,inf
207162,inf
267619,inf
570342,0.0
94331,inf
425253,inf
424027,0.0
504465,inf
134565,inf
68376,inf
344336,0.0
13869,inf
39602,inf
366563,inf
142429,0.0
428036,inf
514208,inf
448541,0.0
653093,inf
630106,inf
155280,inf
474945,inf
474493,inf
387519,inf
493418,inf
35473,inf
98678,inf
661228,inf
640711,inf
239334,0.0
503398,inf
667894,inf
175473,inf
448759,inf
126837,0.0
165026,inf
324401,inf
39707,0.0
383992,inf
492628,inf
174736,inf
692251,inf
577573,inf
93114,inf
370277,inf
229516,inf
225114,inf
523251,inf
692999,inf
693277,inf
117570,inf
134958,inf
702091,inf
479327,0.0
590903,inf
376833,0.0
10879,inf
695563,inf
50819,inf
127653,inf
405072,inf
188400,inf
528782,inf
5366,inf
315088,inf
554973,inf
472656,inf
687036,0.0
487291,inf
73736,inf
426604,inf
568896,0.0
339035,inf
37399,inf
522899,inf
484787,inf
636572,inf
153648,inf
446407,inf
488579,inf
568704,inf
614301,0.0
222245,inf
514955,inf
46871,inf
695965,0.0
319062,inf
315999,inf
154822,inf
231922,inf
621410,inf
393719,inf
85861,inf
78171,inf
42748,inf
221492,inf
271445,inf
676621,inf
22048,inf
456904,inf
319047,inf
61812,inf
84733,inf
324699,inf
465771,inf
240123,inf
381939,inf
642880,0.0
283488,inf
97083,inf
209147,inf
166656,inf
374087,0.0
468655,inf
131558,inf
593977,0.0
458053,0.0
208571,0.0
178801,inf
53084,inf
465560,inf
248700,0.0
143501,inf
618796,0.0
606308,inf
466704,0.0
357268,inf
383172,inf
567262,inf
46168,0.0
509294,inf
586935,0.0
79644,inf
300376,inf
533090,inf
3896,inf
652052,inf
487491,inf
311844,inf
13452,0.0
90987,inf
311973,inf
645441,0.0
206831,inf
236030,inf
499137,inf
293707,inf
610170,inf
516666,inf
587850,inf
485419,0.0
524930,inf
396085,inf
378051,inf
672563,0.0
19875,inf
549805,inf
660643,inf
640889,inf
360314,inf
146258,0.0
183453,inf
109800,inf
318584,0.0
514686,inf
610663,inf
405266,0.0
135147,inf
326667,inf
79174,0.0
98469,0.0
38380,inf
617850,inf
84200,inf
9577,0.0
3087,inf
684663,inf
372535,inf
238947,inf
25319,inf
449033,inf
186440,inf
32068,inf
160984,inf
36201,inf
497722,inf
577051,0.0
180942,inf
3079,inf
659780,inf
45288,inf
504137,inf
105475,inf
311026,inf
339087,inf
121860,inf
98703,inf
600842,inf
419225,inf
682326,inf
371555,inf
231412,inf
79761,inf
691333,0.0
351861,inf
495583,0.0
701865,0.0
107885,inf
519197,inf
414144,inf
558764,inf
74774,inf
147741,0.0
146924,inf
617541,inf
66199,inf
446539,inf
620254,inf
614033,inf
455317,0.0
64191,inf
608183,inf
520176,inf
365575,0.0
438858,0.0
5662,inf
318128,inf
451897,inf
321156,0.0
178582,inf
132938,inf
372729,inf
277804,inf
181552,inf
34540,inf
358671,inf
510011,inf
194252,0.0
587043,inf
139947,inf
644704,inf
442037,inf
636514,0.0
598390,inf
631466,inf
498647,inf
28104,inf
583410,inf
711524,inf
446457,inf
103196,inf
222619,inf
591475,inf
25493,inf
146606,inf
612530,inf
68337,inf
217196,inf
141173,inf
197793,inf
391643,inf
27004,0.0
162758,0.0
260355,inf
313433,inf
135127,inf
617095,inf
343690,inf
393530,inf
658337,inf
149133,inf
163334,inf
141122,0.0
377848,inf
159731,inf
669488,0.0
128596,inf
100456,inf
435252,inf
23063,inf
50397,inf
140264,inf
544934,inf
477267,0.0
483818,inf
165939,inf
622967,inf
184063,inf
514265,inf
17252,inf
673412,inf
175065,inf
423399,inf
107183,inf
465043,inf
460901,inf
326049,inf
327063,inf
608084,0.0
412550,inf
612895,inf
427890,inf
366751,inf
54443,0.0
210832,inf
434808,inf
1670,0.0
9767,inf
207479,inf
92904,inf
379772,inf
389590,inf
621028,inf
162984,inf
378365,inf
68422,inf
358261,inf
508584,inf
232901,inf
433497,inf
511061,inf
612033,inf
374721,inf
163022,inf
337315,inf
670765,inf
637539,inf
569087,inf
463651,inf
677402,inf
153412,inf
211845,inf
515985,inf
34045,inf
675259,inf
181851,inf
479468,inf
339892,inf
198337,inf
660898,inf
241504,inf
293475,inf
512737,inf
268079,0.0
160351,inf
200674,inf
322152,0.0
50905,inf
112465,inf
295333,inf
700108,inf
571047,inf
707905,inf
118689,inf
492678,inf
378970,inf
578977,inf
543662,inf
409516,inf
380030,inf
606881,0.0
130843,inf
49476,0.0
416891,inf
321649,0.0
443865,inf
218092,inf
631686,inf
138793,inf
397623,inf
391173,inf
36182,inf
87181,inf
447464,inf
625622,inf
624985,inf
304898,inf
691071,inf
631512,inf
249516,inf
679085,inf
641724,inf
11308,inf
386577,inf
97863,inf
651551,inf
319141,inf
143253,inf
180761,0.0
506681,inf
250784,inf
525732,inf
467765,inf
688789,0.0
324989,inf
248756,inf
229514,inf
318935,inf
60645,inf
495455,inf
115720,inf
387592,inf
401432,inf
350132,inf
243467,inf
465303,0.0
629486,inf
23220,0.0
572780,inf
535044,inf
323966,inf
311101,0.0
10118,inf
272669,inf
545946,inf
446160,inf
144041,inf
270640,inf
437118,inf
357775,inf
231983,inf
669870,inf
500070,inf
69707,inf
157707,inf
292202,inf
235341,0.0
454512,inf
281998,inf
650913,inf
286767,inf
22285,inf
187635,inf
600270,inf
677092,inf
219448,inf
449942,inf
84147,0.0
319814,inf
685345,inf
584013,inf
658817,inf
558269,inf
203731,inf
410627,inf
581086,inf
230911,inf
240914,inf
94225,inf
643665,0.0
160582,inf
278358,0.0
454647,inf
113876,inf
239040,inf
109663,inf
393858,inf
32381,inf
697377,0.0
388185,inf
620923,inf
296225,inf
495791,0.0
620600,inf
690694,inf
538779,inf
103432,inf
161033,0.0
570737,inf
490658,inf
256700,inf
43403,0.0
334223,inf
272412,inf
408009,inf
156468,inf
572917,0.0
215997,0.0
708528,inf
441236,inf
420026,inf
596061,inf
179439,inf
12301,inf
357718,inf
492237,inf
475830,inf
396683,0.0
195858,inf
316171,inf
100872,inf
55031,inf
266357,inf
456447,inf
112843,0.0
430879,inf
205936,inf
421545,inf
215267,0.0
105782,inf
307859,inf
489576,inf
511952,inf
584880,inf
151562,inf
266488,inf
590175,inf
565026,inf
623780,inf
213733,inf
101420,inf
708313,0.0
203281,inf
456552,inf
592199,inf
110172,inf
659975,inf
134141,inf
122347,inf
224080,inf
565383,inf
82749,inf
564686,inf
603590,inf
171065,0.0
72659,inf
546020,inf
609810,0.0
234376,0.0
79606,inf
414693,inf
386058,inf
477920,inf
13524,0.0
450370,inf
659572,inf
142603,inf
359539,inf
502892,inf
611390,inf
421775,inf
580194,inf
335970,inf
384925,inf
318688,0.0
42685,inf
429263,inf
666909,inf
580285,inf
288645,inf
54099,inf
397167,inf
102226,inf
198698,0.0
19115,inf
537105,0.0
317128,inf
325933,inf
336213,0.0
648115,0.0
522099,inf
67006,inf
306424,inf
56476,inf
406081,inf
276741,inf
116411,inf
33412,inf
535713,inf
387802,0.0
176767,inf
585059,inf
567902,inf
549093,inf
495333,inf
225869,inf
512819,inf
598470,inf
666089,inf
287578,inf
524486,inf
438531,inf
314775,inf
164568,inf
97285,0.0
534689,inf
302883,inf
582451,0.0
79869,inf
445420,inf
382965,inf
587857,inf
647750,0.0
374302,inf
405880,inf
29880,inf
628119,inf
512622,inf
186456,inf
255994,inf
138929,0.0
274612,inf
188328,inf
573323,inf
266267,inf
383855,inf
4840,inf
673795,inf
674825,0.0
666548,inf
273868,0.0
685801,inf
424538,inf
651171,inf
557825,inf
202011,inf
277419,0.0
276903,0.0
109831,inf
665430,inf
324217,inf
278389,inf
441634,0.0
319485,inf
417441,inf
270214,inf
29985,inf
57731,inf
555525,inf
710532,inf
146359,0.0
545090,inf
557391,inf
41208,inf
385784,inf
257339,inf
704095,inf
53524,inf
13861,inf
254277,inf
499352,inf
651727,inf
218359,inf
71254,inf
298444,inf
659769,inf
589848,inf
221284,inf
576413,inf
111565,inf
160964,inf
516818,0.0
710695,inf
425324,inf
92460,inf
339958,inf
513662,inf
249389,inf
656482,inf
266913,0.0
691535,inf
61887,inf
270298,inf
445778,inf
302463,inf
231220,inf
655223,inf
212367,inf
620736,inf
66271,inf
347158,inf
279765,inf
83710,inf
319870,inf
164032,inf
303322,inf
479822,0.0
508289,0.0
608159,0.0
479456,inf
579511,inf
123819,0.0
217601,inf
361637,inf
150471,inf
546122,inf
294380,0.0
612582,inf
555859,inf
487859,inf
122841,inf
594573,inf
689279,inf
263902,inf
152342,inf
130635,0.0
558618,inf
527274,inf
264370,inf
594609,inf
41362,inf
145051,inf
504918,inf
246733,inf
366754,inf
673827,inf
411510,inf
588306,inf
411828,inf
608762,inf
341167,inf
278655,inf
91013,0.0
333472,inf
91153,inf
271557,inf
427889,0.0
400817,inf
282069,inf
493728,inf
406389,0.0
462689,inf
688522,inf
376230,0.0
647709,inf
9787,inf
319034,0.0
460326,inf
631658,0.0
337521,inf
576970,0.0
194167,inf
451388,inf
571975,inf
111365,0.0
488311,0.0
436236,inf
160093,0.0
529011,inf
365374,inf
513579,inf
1984,inf
638247,0.0
582098,0.0
691764,inf
160048,inf
43381,inf
51285,inf
307937,0.0
579453,0.0
543616,inf
704009,inf
636155,0.0
422467,inf
483894,inf
381655,inf
313920,inf
404699,inf
303323,inf
532550,0.0
395346,0.0
652051,inf
119022,inf
676971,inf
260001,inf
555361,inf
679119,inf
106372,inf
506000,inf
502786,inf
513631,inf
329813,inf
178338,inf
203479,inf
565941,inf
353607,inf
431829,inf
399335,inf
249234,inf
57649,inf
296247,inf
375597,inf
29951,inf
496215,inf
275544,inf
440139,inf
155250,inf
399036,0.0
200795,0.0
361674,inf
392962,inf
419873,inf
287229,inf
487300,0.0
456768,inf
580727,inf
17582,inf
441161,inf
323188,inf
295533,inf
110955,0.0
422315,inf
498752,inf
183942,inf
52563,inf
98226,inf
592012,0.0
18562,0.0
293118,0.0
217862,inf
403038,0.0
311619,inf
74121,inf
702316,inf
197246,inf
396445,inf
280164,inf
669076,inf
379961,inf
209138,inf
248729,inf
266930,inf
194290,inf
44184,inf
276844,inf
126983,0.0
130717,inf
603538,inf
644293,inf
160906,inf
297471,inf
612221,inf
702237,inf
262158,0.0
42811,inf
153323,inf
510298,0.0
629942,inf
384902,inf
513221,inf
493510,0.0
633899,inf
386603,inf
646870,inf
650426,0.0
330233,inf
149634,inf
429719,inf
78767,inf
503033,inf
149583,inf
489480,inf
607068,inf
107312,inf
157305,inf
415027,inf
711638,inf
73984,0.0
537738,inf
548427,inf
277710,inf
103136,inf
360774,inf
178049,inf
139451,inf
522837,inf
350389,inf
432911,0.0
335047,inf
272283,inf
32639,0.0
444872,0.0
173217,inf
31753,inf
117790,inf
631702,inf
20234,0.0
247163,inf
505770,inf
614015,inf
413345,0.0
530439,0.0
123808,inf
660560,inf
151711,inf
365219,inf
605122,inf
244417,inf
156480,inf
344454,inf
462789,inf
670901,0.0
677655,inf
43341,inf
492856,inf
179102,inf
683439,inf
640987,inf
224444,0.0
62643,inf
219927,0.0
522224,inf
69524,inf
30417,inf
424251,0.0
495437,inf
387754,0.0
670416,0.0
562860,inf
148942,inf
578164,inf
595293,inf
469223,inf
53314,inf
515235,inf
67064,0.0
527388,inf
106439,inf
497990,0.0
153427,inf
386145,inf
618950,inf
31247,inf
229746,inf
520065,0.0
289853,inf
13934,inf
112658,inf
555395,inf
488551,inf
305500,inf
154971,inf
178991,inf
235059,0.0
351923,inf
136895,inf
535798,inf
596933,0.0
416658,inf
711190,0.0
229160,inf
673615,inf
394317,inf
83162,inf
91487,inf
576683,inf
208239,inf
452556,0.0
485211,inf
256224,inf
107236,inf
678062,inf
513545,inf
551436,inf
274726,inf
614837,inf
469037,inf
704038,inf
262063,inf
446463,inf
97297,inf
535037,0.0
150838,inf
634710,inf
196502,inf
553730,0.0
77472,inf
268875,inf
187531,0.0
643181,0.0
160388,inf
191818,inf
553259,inf
472837,inf
38462,inf
198847,0.0
562461,inf
120115,inf
651120,inf
181169,inf
649044,inf
333464,0.0
423685,inf
611413,inf
392689,inf
58844,inf
407741,inf
69244,inf
116123,inf
334010,inf
105168,inf
244853,inf
288324,inf
299960,inf
224229,inf
338526,inf
401726,inf
107836,inf
454023,inf
264879,inf
160194,inf
533311,inf
122657,0.0
89033,inf
551521,inf
182202,inf
705765,inf
600753,0.0
232184,inf
164732,inf
241706,inf
297872,inf
668423,inf
585495,inf
51185,inf
390762,inf
139683,inf
640427,inf
379363,inf
351053,inf
331709,inf
201328,inf
106446,inf
130948,0.0
551125,inf
246542,inf
561464,inf
325048,inf
673144,inf
560983,inf
161694,inf
385947,inf
324353,0.0
465315,inf
495267,inf
479859,inf
336218,inf
666011,0.0
117160,inf
66962,inf
162245,inf
114370,inf
359608,inf
65192,inf
498648,inf
482929,inf
708452,0.0
8123,inf
155443,0.0
143250,0.0
132951,inf
305322,0.0
63321,0.0
68432,0.0
582482,inf
7507,inf
148997,0.0
68919,inf
95735,0.0
518391,inf
479605,inf
341293,inf
102058,inf
381842,inf
233699,inf
30996,inf
703726,inf
459152,inf
549577,inf
288728,inf
392951,0.0
207674,inf
16651,inf
337117,inf
237550,inf
214358,inf
301041,inf
167139,inf
656308,inf
496058,inf
575511,inf
60096,0.0
465094,inf
316310,inf
443520,inf
246204,0.0
435806,inf
363044,0.0
121337,inf
47419,inf
117812,inf
680507,inf
87373,inf
390021,inf
312395,inf
486592,inf
381646,inf
473094,0.0
103989,0.0
367259,inf
544721,inf
133340,inf
543470,inf
292276,0.0
80644,inf
197668,0.0
129163,inf
478161,inf
271511,inf
677184,inf
490912,inf
193078,0.0
698095,inf
410141,inf
655084,inf
272440,inf
315096,inf
610049,0.0
601864,inf
297794,inf
373114,inf
373220,inf
154663,inf
356300,inf
515133,inf
616606,inf
491428,inf
590023,inf
265808,inf
157340,inf
704076,inf
699729,0.0
313718,inf
105130,inf
208057,0.0
17682,inf
161255,inf
531932,inf
114988,0.0
128676,inf
267123,inf
219534,inf
693821,inf
290289,inf
580837,inf
197876,inf
34142,inf
141428,inf
640580,inf
107428,0.0
621190,inf
393963,inf
49234,inf
324423,inf
45966,inf
600864,inf
399309,inf
65091,inf
659624,0.0
311001,0.0
291367,inf
222934,inf
36032,inf
476551,inf
125653,0.0
551812,inf
689991,inf
326220,inf
48419,0.0
581896,inf
432451,inf
290998,inf
458065,inf
473082,0.0
31576,inf
305131,inf
640895,inf
424819,inf
390477,inf
368802,inf
666264,0.0
17617,inf
103068,inf
69857,inf
428952,inf
74713,inf
385612,inf
28095,inf
677966,inf
545609,0.0
180367,inf
343163,inf
446697,inf
127115,inf
466410,inf
406758,inf
437550,inf
430770,inf
292501,inf
363016,inf
566113,0.0
518969,inf
2315,inf
46442,inf
75682,0.0
466522,inf
477743,inf
381367,inf
290652,inf
294308,inf
49608,inf
4844,inf
375806,inf
592124,inf
437795,inf
610240,inf
688670,inf
457445,inf
223377,inf
393427,inf
226853,inf
262876,inf
275934,0.0
173990,inf
309867,inf
125596,inf
94378,inf
478325,inf
275326,0.0
117432,inf
407990,inf
609852,inf
221427,0.0
677320,inf
318929,inf
48723,inf
585429,inf
87260,inf
8668,inf
195601,0.0
126546,inf
288641,inf
571931,inf
168155,inf
320334,inf
41886,0.0
629945,inf
279074,inf
264562,inf
635672,inf
136873,inf
357105,0.0
317272,0.0
637172,0.0
261893,inf
459200,inf
154789,inf
130002,inf
294246,inf
48464,inf
268787,0.0
266984,inf
202072,inf
97510,inf
238507,inf
388229,inf
429249,0.0
506344,inf
588048,inf
602239,inf
388756,inf
8207,inf
413670,inf
94866,inf
241470,inf
132249,inf
705117,inf
203882,inf
686392,inf
101514,inf
435891,inf
116721,inf
341698,inf
101457,inf
620021,inf
207265,inf
3467,inf
297244,inf
430609,inf
400489,inf
419572,inf
407968,inf
116191,0.0
464285,inf
159906,inf
390375,inf
658979,inf
548659,inf
160529,inf
153658,inf
18909,inf
437521,inf
121228,0.0
327164,0.0
147357,inf
28620,0.0
414331,0.0
524615,inf
613753,inf
592014,0.0
155572,inf
103382,inf
205627,inf
672154,inf
274685,inf
625839,inf
447574,0.0
316085,inf
364851,inf
333109,inf
562245,inf
118489,inf
70724,inf
669240,inf
633896,inf
490129,inf
496677,inf
89471,inf
124738,inf
22885,inf
54615,inf
555712,inf
45392,inf
621722,0.0
561616,inf
654416,inf
169773,inf
445956,inf
380296,inf
661643,inf
647550,inf
304013,0.0
280214,inf
91015,inf
234409,inf
374300,inf
490701,0.0
667901,inf
278245,inf
642112,inf
150969,inf
596261,inf
238758,inf
128166,inf
16520,inf
386422,inf
414384,inf
62381,inf
389025,inf
635099,inf
626727,inf
6118,0.0
621341,inf
690425,inf
93938,0.0
216029,inf
466941,inf
265132,inf
136869,inf
142729,0.0
367547,inf
87671,inf
508972,inf
341021,inf
462253,inf
655537,inf
357750,inf
349398,inf
700194,inf
440156,0.0
578336,0.0
2700,inf
392207,inf
652898,inf
682196,0.0
663918,inf
471402,inf
412662,inf
235567,inf
322684,0.0
182840,0.0
364807,inf
549973,inf
330071,inf
343561,inf
408292,inf
169901,inf
675692,0.0
647851,inf
92877,0.0
280327,inf
353106,inf
78960,inf
74765,inf
461560,inf
465624,inf
86053,inf
488871,0.0
323622,inf
122185,inf
519619,0.0
389636,0.0
568351,0.0
471918,inf
50086,inf
333083,inf
321463,0.0
417269,inf
322992,0.0
356514,inf
31525,inf
283750,0.0
154607,inf
360005,inf
616902,inf
619052,inf
421105,inf
319143,inf
699701,inf
71519,inf
562750,0.0
590923,inf
459651,0.0
45643,inf
411742,inf
21981,inf
565157,0.0
559367,0.0
117602,inf
468196,0.0
396654,inf
294556,inf
200901,inf
585465,0.0
319389,inf
457942,inf
637235,inf
12313,inf
438136,inf
3534,inf
575543,0.0
365867,inf
373602,inf
115065,inf
403664,inf
613774,inf
675649,inf
667141,0.0
214211,inf
161247,0.0
102225,inf
338377,inf
49243,0.0
206785,0.0
192735,inf
212719,inf
483041,inf
17836,inf
30966,inf
442527,inf
379778,0.0
421905,inf
59426,inf
668241,inf
220792,inf
406055,inf
554342,0.0
537291,inf
703878,inf
162116,0.0
23068,inf
597590,inf
193659,inf
441032,inf
286548,0.0
330965,inf
273499,inf
301839,inf
666846,inf
648728,inf
20297,inf
691924,inf
615109,inf
50976,inf
89386,inf
337542,inf
570274,inf
87642,inf
290468,inf
284979,inf
200042,0.0
595241,inf
627216,inf
607164,inf
458616,0.0
165132,inf
639360,inf
305837,inf
116775,inf
512160,inf
515669,inf
381839,inf
436796,inf
691925,inf
499351,inf
198933,inf
322622,0.0
48176,inf
43245,0.0
560933,0.0
393737,inf
515588,inf
187147,inf
518109,inf
436096,inf
379356,inf
324009,inf
295045,inf
625653,0.0
601184,inf
294584,inf
556342,inf
414359,inf
545950,0.0
678593,inf
594243,inf
231676,inf
687997,inf
566314,inf
521393,inf
145755,inf
215592,inf
543205,inf
472844,inf
238067,inf
586514,inf
509533,0.0
403927,inf
128672,inf
389151,0.0
620508,inf
421757,inf
168417,inf
30283,inf
231332,inf
529792,inf
380776,inf
121591,inf
468214,inf
273582,inf
362248,inf
582167,inf
556015,inf
543742,inf
115480,inf
621950,0.0
700611,inf
275916,0.0
205522,inf
225742,inf
545565,inf
12325,inf
522370,inf
711112,inf
378583,inf
111907,inf
54862,0.0
490780,inf
420505,inf
124251,inf
684508,0.0
121925,inf
562773,inf
537601,0.0
162150,inf
535343,inf
123285,inf
324306,0.0
623452,inf
225819,inf
406026,0.0
108158,inf
316933,inf
170766,inf
217287,inf
390816,inf
382575,inf
552261,inf
131701,inf
704248,inf
137940,inf
194855,0.0
230904,inf
576113,0.0
605863,inf
444880,inf
331506,inf
628749,inf
421087,inf
40434,inf
648488,inf
548105,inf
246463,inf
304568,inf
505479,0.0
328399,inf
237226,0.0
360862,inf
535241,inf
88043,inf
9084,inf
40791,0.0
28318,inf
241497,inf
651884,inf
549251,inf
352615,inf
97754,inf
443820,inf
517364,inf
126888,inf
444558,inf
168300,0.0
592276,0.0
2096,inf
496445,inf
184054,inf
127191,inf
64078,inf
542496,inf
343183,0.0
711418,inf
204860,inf
244885,inf
696472,0.0
78791,inf
326593,inf
210762,0.0
131607,inf
346485,inf
172867,0.0
345491,inf
310627,inf
16298,inf
596615,inf
509860,inf
451008,inf
372401,inf
579441,inf
331029,inf
178762,inf
558797,0.0
552689,inf
366107,0.0
127450,inf
526402,inf
9199,inf
117605,inf
710523,inf
234807,inf
85884,inf
388908,inf
658235,inf
99727,inf
156910,inf
155819,inf
558212,inf
617835,inf
624030,inf
282056,inf
709144,inf
108202,0.0
476118,inf
550668,inf
692236,inf
276616,inf
412926,inf
364735,inf
341374,inf
613934,0.0
185972,inf
674081,inf
668272,0.0
90329,inf
304714,inf
138094,inf
539682,inf
14026,inf
456090,inf
284152,inf
298391,0.0
345497,0.0
579403,inf
627236,inf
675117,0.0
575223,inf
191698,inf
37132,inf
7793,inf
709953,inf
480090,inf
503726,0.0
146444,inf
247850,inf
447778,0.0
602718,inf
111482,inf
588831,0.0
176820,inf
194270,inf
208233,inf
462777,inf
651248,inf
57057,inf
608307,inf
504678,inf
485629,inf
619256,inf
695826,inf
567539,inf
188896,inf
449550,0.0
232738,inf
341032,inf
704121,inf
472496,inf
600303,0.0
622099,inf
177327,inf
351015,inf
689152,inf
407508,inf
128876,inf
338630,inf
459700,inf
95955,inf
188291,inf
560688,inf
363919,inf
656563,inf
636550,inf
673708,inf
208618,inf
623186,0.0
9627,inf
391098,inf
544182,inf
143341,inf
662743,inf
397721,inf
520566,inf
181498,inf
32056,inf
504516,inf
80647,inf
76275,0.0
388170,inf
252575,inf
315982,inf
427273,0.0
251465,inf
287085,inf
106402,inf
354809,inf
312258,0.0
180173,inf
193692,inf
517638,0.0
401259,inf
133775,inf
31618,inf
102924,0.0
604277,inf
423492,0.0
170306,inf
464362,inf
342881,inf
520748,inf
100650,inf
373043,inf
660700,inf
890,inf
364146,inf
582211,inf
459445,inf
232461,0.0
261025,0.0
266817,inf
267312,inf
252234,inf
646157,inf
243412,inf
240656,inf
449442,0.0
365209,inf
624549,inf
592003,inf
357427,inf
377691,inf
592662,inf
214726,inf
316458,inf
448473,inf
667956,0.0
195543,inf
262857,inf
655086,inf
121705,inf
566327,inf
512693,inf
614652,inf
252033,inf
508090,inf
680413,inf
386033,0.0
584659,0.0
486754,inf
484419,0.0
195376,inf
423795,inf
699875,inf
59676,inf
23348,inf
559250,inf
42930,inf
653188,inf
121436,inf
99132,inf
531461,inf
150610,inf
393677,0.0
331973,inf
216412,inf
190319,inf
296656,inf
212983,0.0
53974,inf
323406,0.0
541713,inf
259557,inf
102286,inf
545290,inf
691819,inf
655989,0.0
624130,inf
138751,inf
455446,0.0
376585,0.0
586794,inf
294456,inf
39641,0.0
457628,inf
494825,inf
216361,0.0
464602,inf
274752,inf
183086,inf
539227,inf
483768,0.0
620223,0.0
593017,inf
380574,inf
63062,inf
249061,inf
608198,inf
665661,0.0
513274,inf
64434,inf
253761,inf
697808,inf
104222,0.0
91444,0.0
645079,inf
426162,inf
464594,inf
585078,0.0
662463,inf
622145,inf
666951,inf
284933,inf
309923,0.0
546962,inf
15422,inf
522654,inf
326954,inf
104974,inf
103570,inf
245394,inf
673811,inf
221335,inf
503930,inf
588999,0.0
240927,inf
554017,inf
661930,inf
559908,inf
600874,inf
571441,0.0
134392,inf
425298,inf
179869,0.0
95405,inf
260055,inf
571388,inf
173097,inf
49514,inf
502914,0.0
115002,inf
148289,0.0
73409,inf
224397,0.0
711476,inf
103955,inf
497033,inf
448530,0.0
442814,inf
174007,inf
421920,inf
603233,inf
676686,inf
570347,inf
302730,0.0
312950,inf
82523,inf
133265,inf
417199,inf
159504,inf
571049,0.0
394096,0.0
197164,inf
314283,inf
381018,0.0
91274,inf
488431,inf
523160,inf
318731,inf
394404,0.0
451548,inf
306014,0.0
74288,inf
444833,inf
389768,0.0
458021,inf
99033,inf
134138,0.0
370695,0.0
710062,0.0
81778,inf
78098,inf
391682,0.0
28493,inf
525403,inf
83266,inf
434684,0.0
144749,inf
520327,inf
119253,inf
247293,inf
626874,0.0
50508,inf
608709,inf
492213,inf
37101,inf
198336,inf
68060,0.0
436971,inf
627825,inf
294470,inf
601368,0.0
297707,inf
493628,inf
594558,inf
426065,0.0
341892,inf
161527,inf
5593,inf
233578,inf
407862,0.0
160314,0.0
522342,inf
678206,inf
220469,inf
636478,inf
154195,inf
648890,inf
25198,inf
358578,inf
444999,inf
699208,inf
199326,inf
318087,inf
392777,inf
159726,inf
398868,inf
416071,inf
649522,inf
81457,inf
39724,0.0
266538,inf
218907,inf
555182,inf
142292,0.0
163085,inf
631869,inf
471306,inf
635878,inf
220642,inf
167374,inf
534808,0.0
155885,inf
192692,inf
141534,inf
637534,inf
522354,inf
448984,0.0
374639,0.0
81521,inf
190648,inf
42268,0.0
682937,inf
19118,inf
421618,inf
222145,inf
449922,inf
681501,inf
76751,inf
40095,inf
667964,0.0
474506,0.0
538721,inf
22770,inf
161497,0.0
259915,inf
97738,inf
395535,0.0
568342,inf
343585,inf
556160,inf
498515,inf
638178,0.0
287607,inf
67827,inf
2797,0.0
28348,inf
612265,inf
292528,inf
230389,inf
378713,inf
15904,inf
563462,inf
596172,inf
662465,inf
557455,0.0
266644,inf
299338,0.0
426326,inf
256441,inf
684915,0.0
671569,inf
545389,inf
12553,inf
447389,inf
540240,inf
690903,inf
365577,inf
8161,inf
262306,inf
321860,inf
687422,inf
40638,inf
292494,inf
328147,0.0
383116,inf
380813,inf
456672,0.0
98148,inf
395347,inf
85132,inf
2428,inf
546300,inf
692973,inf
704461,inf
341897,inf
447986,inf
318102,inf
484111,inf
597327,inf
329805,inf
422146,inf
75760,inf
196707,inf
471279,inf
74966,inf
204130,inf
711372,inf
9991,inf
109193,inf
622478,inf
624901,0.0
417374,inf
258715,inf
704707,inf
24426,inf
610151,0.0
238297,0.0
488762,inf
548259,inf
316106,inf
557179,inf
490951,inf
398615,0.0
320640,inf
222723,inf
535235,0.0
559688,inf
177122,inf
109313,inf
529026,inf
161224,inf
615191,inf
319258,inf
519288,inf
22131,inf
368917,inf
565578,0.0
565960,inf
255720,0.0
298604,inf
107413,inf
648395,inf
352902,inf
318249,0.0
97195,inf
390763,inf
65199,inf
42644,inf
63739,inf
130511,inf
574590,0.0
167841,inf
142998,inf
215999,inf
502528,inf
494577,inf
149899,inf
90958,inf
674913,inf
42981,inf
328131,0.0
64976,inf
47476,0.0
607007,0.0
316929,inf
575206,inf
348217,inf
223260,inf
308748,inf
452130,inf
195170,inf
614250,inf
413803,inf
303110,inf
131806,0.0
58915,inf
26527,inf
264461,inf
415719,0.0
475699,inf
173952,inf
85307,inf
218796,inf
215261,inf
567134,0.0
623595,inf
321874,inf
199532,inf
535781,inf
15111,inf
481569,inf
309249,inf
409174,inf
677428,inf
206961,inf
540657,inf
533337,inf
86598,inf
533651,inf
323744,0.0
417501,inf
62936,inf
412881,inf
661184,inf
56970,inf
104626,inf
622266,inf
345463,inf
589805,inf
114873,inf
210104,0.0
497568,inf
542461,inf
438636,inf
417263,inf
143087,inf
27510,inf
185913,inf
340105,inf
486293,inf
124669,inf
636423,inf
198848,inf
588786,inf
20281,0.0
310736,inf
403695,inf
455003,inf
417563,inf
297112,inf
267904,inf
704293,inf
630564,inf
123711,inf
265760,inf
459756,inf
82190,inf
483337,inf
243678,inf
691143,inf
20152,inf
97820,inf
117102,inf
382912,inf
373629,inf
709736,inf
337082,0.0
167908,inf
631650,inf
67311,inf
197697,inf
656657,inf
541290,inf
185225,inf
436256,inf
109952,0.0
468297,0.0
592050,inf
448446,inf
37302,0.0
113715,inf
473375,inf
148155,inf
377746,0.0
508694,inf
373753,inf
121977,inf
44995,inf
337420,inf
506745,inf
428992,inf
444748,inf
601256,inf
534331,inf
502646,inf
21865,inf
642564,inf
337295,inf
595924,inf
674946,inf
659401,inf
229574,inf
194657,inf
300351,inf
576727,inf
701646,inf
102677,0.0
655570,inf
255302,inf
130820,inf
359921,inf
112048,inf
34329,inf
516589,inf
81907,inf
431214,inf
128557,inf
291912,inf
53641,inf
294863,0.0
341622,inf
194712,inf
519774,0.0
513691,0.0
486270,inf
353926,inf
539025,inf
130412,0.0
406552,inf
87966,inf
199361,inf
245893,0.0
239072,inf
373067,inf
322733,inf
547852,inf
377326,inf
342109,0.0
554406,inf
560100,inf
624103,inf
47798,inf
643579,inf
108569,inf
531723,inf
86430,inf
296477,inf
417895,inf
410382,0.0
42461,inf
268204,inf
669574,inf
54739,inf
236530,inf
140897,inf
80646,inf
46876,inf
86062,inf
4933,inf
320621,inf
610383,0.0
696925,0.0
639905,0.0
68588,inf
21476,inf
559101,inf
242011,inf
380709,inf
352409,inf
672466,inf
706394,inf
415568,inf
596556,inf
646590,inf
205988,inf
332748,inf
248409,inf
499587,inf
230522,inf
585696,inf
16050,inf
334703,inf
438406,inf
427927,inf
544271,inf
328829,inf
306704,inf
299151,0.0
232512,0.0
133423,inf
692961,inf
189248,inf
110831,inf
446172,inf
493139,inf
320850,0.0
187509,inf
660840,inf
404299,inf
616203,inf
27375,inf
188343,inf
330950,0.0
196478,inf
518925,inf
73367,inf
181587,inf
707139,inf
594158,inf
606629,inf
266593,0.0
501666,inf
383336,inf
107905,inf
645464,0.0
624977,inf
63832,inf
39789,inf
17694,inf
661028,inf
47498,inf
465181,inf
472848,inf
344760,0.0
618152,inf
94072,inf
404010,inf
342040,0.0
700914,inf
274192,inf
669090,inf
134201,inf
408726,inf
691420,inf
182390,inf
381304,inf
373030,inf
292575,inf
398451,inf
3641,inf
392363,0.0
196656,inf
231039,inf
322760,inf
640542,inf
488852,inf
409237,inf
524165,inf
600658,inf
147903,inf
170190,inf
677276,inf
299246,0.0
45270,inf
33153,inf
249081,0.0
161289,0.0
198025,0.0
230025,inf
463399,inf
501316,inf
140940,inf
8994,inf
219168,inf
526059,inf
400034,inf
9169,0.0
534599,inf
601486,inf
184405,inf
526975,inf
398854,inf
324773,0.0
681312,inf
64481,inf
118273,inf
99706,inf
287897,0.0
233876,inf
528386,inf
406827,inf
248889,inf
134060,inf
72433,inf
277733,inf
499022,inf
396681,inf
86291,0.0
372215,inf
63121,inf
273015,inf
115024,inf
485850,inf
126527,inf
295283,inf
212436,inf
10316,0.0
38401,inf
301886,0.0
250619,0.0
501561,inf
427865,0.0
398043,inf
195762,inf
340276,inf
558731,inf
644775,inf
208078,0.0
78030,inf
222580,inf
58453,inf
484146,inf
225386,inf
9089,inf
378286,inf
124361,inf
378061,inf
306142,inf
291048,inf
165222,inf
675002,inf
663578,inf
364228,0.0
535024,inf
694259,inf
343016,inf
398215,inf
612143,inf
384994,0.0
227146,inf
230313,inf
547362,inf
206226,inf
476734,inf
107086,inf
229797,inf
173565,0.0
232346,inf
500739,inf
446773,inf
662328,inf
166473,0.0
688776,inf
657092,inf
669546,inf
160679,0.0
528076,inf
252095,inf
354155,inf
76376,inf
442980,inf
242874,inf
14176,inf
228402,inf
648856,inf
188770,inf
12637,0.0
382688,inf
577004,inf
350584,inf
562930,inf
387914,inf
654578,inf
584582,inf
596212,inf
377495,inf
475590,0.0
422299,inf
20666,inf
269422,0.0
437484,0.0
432009,inf
484643,inf
467585,inf
272009,0.0
464875,inf
437969,inf
100134,inf
237819,inf
363758,inf
578736,inf
606310,inf
245429,inf
708671,inf
49418,inf
323478,0.0
360110,inf
264762,inf
359824,0.0
388191,inf
364260,inf
172045,inf
582155,inf
550942,inf
51106,inf
312778,inf
356783,inf
67817,0.0
416566,inf
4052,inf
516465,inf
472118,inf
478942,inf
679600,0.0
24972,inf
641419,inf
225323,0.0
13042,0.0
651772,inf
647947,inf
157226,inf
529527,0.0
125449,inf
342227,inf
278476,inf
250327,inf
93247,inf
670096,inf
515131,inf
120272,inf
375561,inf
517607,inf
264977,inf
482847,inf
637890,inf
415815,inf
596052,inf
365163,inf
305158,inf
335819,inf
494229,inf
309343,inf
52969,inf
290328,inf
135831,inf
564642,inf
535636,inf
473159,inf
284112,inf
53545,0.0
588683,inf
310091,inf
511174,inf
670240,inf
69619,inf
490168,inf
377546,inf
252016,inf
145684,inf
679435,inf
325490,0.0
269536,0.0
432061,inf
311822,0.0
670744,inf
379247,inf
333891,0.0
510946,inf
149628,inf
72893,inf
237276,inf
7570,0.0
33391,inf
109789,inf
609831,inf
31509,inf
401537,0.0
395192,inf
607383,0.0
637268,0.0
576440,inf
289046,inf
347588,0.0
508847,0.0
316510,inf
312448,inf
363335,inf
220597,inf
682265,inf
433710,inf
481399,inf
89712,inf
148645,inf
268389,inf
309226,inf
307881,0.0
308943,inf
20544,inf
461809,inf
28809,0.0
49455,inf
302162,inf
488931,inf
424877,inf
539053,inf
93746,inf
529351,0.0
381399,0.0
458903,inf
90997,inf
209747,0.0
513956,inf
179071,inf
446547,inf
190320,inf
613620,inf
41934,inf
555297,inf
369093,inf
448409,inf
443481,inf
73009,0.0
511894,inf
37938,inf
592319,inf
685737,0.0
437257,0.0
400106,inf
699323,0.0
188191,inf
520450,inf
320482,inf
559316,inf
193668,0.0
372557,inf
58793,inf
246009,inf
172937,inf
455831,inf
170709,inf
271449,inf
525929,inf
640684,inf
487737,inf
393311,0.0
525085,inf
111567,inf
86737,inf
37011,inf
567266,inf
71438,inf
102052,inf
513840,inf
404863,inf
525235,inf
425190,inf
177399,inf
187966,inf
269047,inf
563045,0.0
82227,inf
142847,0.0
146515,inf
119449,0.0
61225,inf
318433,inf
107287,inf
600096,inf
29149,inf
312972,inf
541015,inf
700947,inf
138957,inf
467525,inf
507064,inf
61622,inf
571559,inf
300271,inf
98506,inf
266573,inf
682310,inf
646034,inf
255997,inf
333029,inf
425807,inf
299253,0.0
635052,inf
617460,0.0
355715,inf
405267,inf
237290,inf
250176,0.0
546298,inf
601180,inf
639488,0.0
137001,inf
68810,0.0
317500,inf
178128,inf
113972,inf
10113,inf
501521,inf
144036,inf
617182,inf
543216,inf
521759,inf
201383,inf
347250,inf
382102,inf
73795,inf
271979,inf
352376,inf
423499,0.0
176689,inf
15639,inf
186279,inf
314237,inf
669666,inf
79392,inf
148018,0.0
661005,inf
200537,inf
437591,inf
577405,0.0
377597,inf
461993,inf
271086,inf
682885,inf
628149,inf
53203,inf
605874,inf
337494,inf
74973,inf
517218,inf
141837,inf
124065,inf
94619,inf
194312,inf
300023,inf
191786,inf
159727,inf
199089,inf
326773,inf
229530,inf
243942,inf
155248,inf
538582,inf
260882,inf
543961,inf
32166,inf
269608,0.0
691072,inf
702363,inf
435590,inf
584585,inf
179790,inf
542286,0.0
595744,inf
519864,inf
257528,inf
232915,inf
394310,0.0
690859,inf
582616,0.0
166503,0.0
476058,inf
212127,inf
582390,inf
285388,inf
112111,inf
218422,inf
680941,inf
96132,inf
529404,inf
126133,inf
665493,inf
572205,0.0
137165,inf
526154,inf
129745,inf
631569,inf
533308,0.0
363815,inf
121094,inf
615776,inf
87356,0.0
564750,0.0
118562,inf
659534,inf
387148,inf
365751,inf
353203,inf
455576,inf
162007,inf
316166,inf
15066,inf
658718,0.0
538607,inf
626196,inf
376007,inf
252078,inf
154274,inf
119845,0.0
404860,0.0
590993,inf
281860,0.0
241741,inf
189341,inf
146829,0.0
6655,inf
549275,inf
126011,inf
197117,inf
211577,inf
29159,inf
504288,inf
390767,inf
326257,inf
301400,inf
433167,inf
610632,inf
293874,inf
10657,inf
635283,inf
580599,inf
79497,inf
523709,inf
313231,inf
533137,inf
71338,inf
539577,inf
567662,inf
331779,inf
331195,inf
77856,0.0
463055,0.0
573231,inf
271183,inf
28547,0.0
659892,inf
296766,inf
702602,inf
183929,inf
537818,0.0
651906,inf
506651,inf
676091,inf
460028,inf
85737,0.0
548178,inf
570395,0.0
685804,inf
394589,inf
696730,inf
153086,inf
298018,0.0
656751,inf
163995,0.0
24660,inf
563778,inf
402527,0.0
314758,inf
679999,inf
397819,inf
114770,0.0
321088,inf
335285,inf
581559,0.0
246573,inf
471268,0.0
704922,inf
673605,inf
408256,inf
35872,inf
266259,inf
632971,inf
135053,inf
578886,inf
122480,inf
661915,inf
488301,0.0
171824,inf
256190,inf
702787,inf
430645,inf
283328,inf
226583,inf
495004,0.0
111786,inf
577994,inf
269807,inf
354080,inf
427682,inf
401934,inf
301697,inf
131245,inf
279967,inf
614815,0.0
196186,inf
609103,inf
38545,inf
540703,0.0
291238,inf
106912,0.0
412707,inf
527796,inf
567848,inf
111795,inf
366636,inf
427044,inf
499376,0.0
50288,inf
368523,0.0
229620,inf
208071,inf
269001,inf
100208,inf
10887,0.0
482575,inf
313122,inf
353467,0.0
72292,inf
470295,inf
632585,inf
217591,inf
79790,inf
583167,inf
692944,0.0
233647,inf
486308,inf
434439,inf
649884,inf
481831,0.0
583691,0.0
373227,0.0
581285,inf
261209,inf
35368,inf
14130,inf
496786,inf
600789,0.0
132139,0.0
232984,inf
420207,0.0
531852,inf
216724,inf
304819,inf
325261,inf
504148,inf
561732,inf
583622,inf
48920,inf
84793,inf
3015,inf
492487,0.0
31864,inf
71833,inf
142397,0.0
419604,inf
183072,inf
392733,inf
49545,inf
199071,inf
260154,inf
334363,0.0
305133,0.0
396492,inf
187716,inf
401706,inf
634478,inf
421444,inf
547578,inf
494071,inf
378373,inf
184241,inf
220119,inf
207808,0.0
403187,inf
410871,inf
385834,inf
466025,inf
282537,inf
280447,inf
587408,inf
523401,0.0
448900,inf
18178,inf
242220,inf
327202,inf
51709,inf
699524,inf
59137,inf
275699,inf
167,inf
550486,inf
116094,inf
704557,inf
179237,inf
648679,0.0
543642,inf
78369,inf
597980,inf
290451,inf
183473,0.0
204121,inf
221212,0.0
351641,0.0
674577,inf
343447,inf
625444,inf
447821,inf
697943,inf
205220,inf
604915,0.0
592521,inf
495071,0.0
594259,inf
618545,0.0
125518,inf
79799,inf
213215,0.0
405520,inf
190948,0.0
222955,inf
665446,inf
413644,inf
66417,inf
241917,inf
210519,inf
552911,inf
349362,0.0
465121,0.0
138640,inf
191298,inf
349774,inf
340357,0.0
514586,inf
621649,inf
594080,inf
561858,0.0
359376,0.0
431487,0.0
609847,inf
8006,inf
324866,inf
219101,inf
115668,inf
449449,inf
567779,0.0
502758,inf
255028,0.0
696799,inf
489520,0.0
694076,0.0
332490,inf
211492,inf
397521,inf
59447,inf
479562,0.0
495864,0.0
103383,0.0
562498,0.0
522404,inf
120371,inf
123903,inf
151339,0.0
417351,inf
157567,inf
674591,inf
602792,inf
386268,0.0
486527,inf
461852,inf
123803,inf
420329,0.0
225355,inf
661413,inf
678268,inf
663002,inf
37644,inf
436908,0.0
252713,inf
5535,inf
551178,0.0
56622,inf
183880,inf
467325,0.0
84425,inf
393990,0.0
585810,0.0
609638,inf
132132,inf
168683,inf
629534,inf
6607,inf
474273,inf
276569,inf
103685,inf
72313,inf
434729,inf
443145,inf
676039,inf
176657,0.0
245953,inf
526229,inf
372227,inf
344981,inf
576315,inf
258301,inf
499355,0.0
70981,inf
229532,inf
60427,inf
96221,inf
103405,0.0
248585,inf
457721,0.0
602745,inf
44269,inf
507041,inf
666323,0.0
679447,inf
36995,inf
364847,inf
300448,inf
286978,0.0
188582,inf
507378,0.0
448555,inf
190,0.0
525502,inf
244102,0.0
115178,0.0
495408,inf
615718,inf
616678,inf
206529,inf
144824,0.0
112980,0.0
434140,inf
701423,0.0
574546,inf
449622,inf
188478,inf
590046,inf
497483,inf
416405,inf
294474,inf
559133,inf
166371,inf
43522,inf
129490,inf
424248,inf
268859,inf
462013,inf
440148,inf
118927,inf
105528,inf
573568,inf
405871,inf
377235,0.0
586433,0.0
530022,0.0
443065,inf
460397,inf
309864,0.0
126777,inf
389288,0.0
430534,inf
459466,inf
285522,inf
100477,inf
39964,inf
306339,inf
400477,inf
10890,inf
432657,inf
259228,inf
183707,inf
239770,inf
273361,inf
486895,inf
391402,inf
103868,inf
430843,0.0
623315,inf
428558,inf
51449,inf
363700,inf
456076,inf
595880,inf
401536,inf
491928,inf
453986,inf
651945,0.0
669339,inf
16894,0.0
592690,0.0
261982,0.0
296858,inf
334597,inf
615724,inf
633555,0.0
441748,inf
204382,0.0
435397,0.0
159865,inf
20127,inf
708468,inf
245936,0.0
464720,inf
379677,inf
117564,inf
29975,inf
291581,0.0
498770,inf
194988,inf
351059,inf
328865,inf
48431,inf
415729,inf
387101,0.0
295060,inf
79038,inf
693763,inf
74864,0.0
221614,inf
186192,inf
296280,inf
452012,inf
213920,inf
392071,inf
414701,inf
101243,inf
28715,inf
631945,inf
15700,inf
668862,inf
606552,0.0
218398,inf
295405,inf
64195,inf
489864,inf
205227,inf
270730,inf
438952,inf
16633,inf
269605,inf
19553,inf
594303,inf
405844,inf
676263,inf
469191,inf
310493,inf
489308,inf
645069,inf
275320,0.0
319667,0.0
379231,inf
292165,inf
67450,0.0
437147,inf
13292,inf
27685,0.0
519126,inf
384506,inf
255859,0.0
211634,inf
10703,inf
515996,inf
449462,inf
447619,inf
279965,inf
36847,inf
213446,inf
352879,inf
587295,0.0
588644,inf
421848,inf
564914,inf
546484,inf
263136,0.0
237632,inf
349958,inf
547212,inf
13188,inf
229121,inf
52430,inf
603049,inf
374374,inf
10667,inf
30577,0.0
202268,0.0
612222,inf
318028,inf
111042,inf
196496,inf
384793,0.0
379489,inf
639233,inf
159901,0.0
697102,inf
401299,inf
134444,0.0
269224,inf
423619,inf
104758,inf
519547,inf
48669,inf
689806,inf
201421,inf
506911,inf
71887,inf
375406,inf
194053,0.0
215020,inf
529182,inf
269589,0.0
336697,inf
331551,inf
568671,inf
410634,inf
653086,inf
657754,0.0
504451,inf
80648,inf
558249,0.0
303836,inf
269038,inf
149081,inf
269674,inf
423552,inf
508900,inf
163554,inf
315333,inf
674005,inf
377179,inf
528446,inf
557782,inf
395065,inf
115046,inf
370395,inf
524681,0.0
48930,inf
483488,inf
696358,inf
568471,inf
216559,inf
477251,inf
219260,inf
201033,0.0
115896,inf
697299,inf
599046,inf
453688,0.0
69613,inf
472273,inf
689637,0.0
524455,inf
334620,inf
226542,0.0
695457,inf
228368,inf
443410,inf
629608,inf
330719,inf
661778,inf
239675,inf
355317,inf
465119,inf
501362,inf
81150,0.0
668512,inf
382064,inf
647504,inf
654533,inf
426520,inf
376142,inf
201563,inf
153271,0.0
219132,inf
670699,inf
640282,inf
472206,inf
373330,inf
649247,inf
100034,inf
47886,inf
564887,inf
419342,inf
420826,inf
112107,inf
642878,inf
101407,inf
120707,inf
360676,inf
214164,inf
685248,inf
677871,inf
44204,inf
405664,0.0
680654,inf
153131,inf
529625,inf
330589,inf
109657,inf
573619,inf
138132,inf
335787,inf
18967,inf
171153,inf
160270,inf
370893,0.0
253132,inf
314858,inf
566609,inf
237972,inf
316667,0.0
1332,inf
624159,inf
349231,inf
2573,inf
448285,inf
489927,inf
687117,inf
328114,0.0
416729,inf
29695,0.0
613478,0.0
342789,inf
5482,inf
35744,inf
174568,inf
43583,inf
691720,inf
507977,inf
624589,inf
27948,inf
235158,inf
666810,inf
439530,inf
374383,inf
572234,inf
187827,inf
333925,inf
618314,inf
682139,inf
656041,inf
304405,inf
479309,0.0
436052,inf
242546,inf
454483,inf
493385,inf
315222,0.0
257007,inf
329326,inf
542889,0.0
662584,inf
457359,0.0
51964,inf
357809,inf
340775,inf
506502,inf
90067,inf
351850,inf
64228,inf
204886,inf
69612,inf
296327,inf
321325,inf
418077,inf
176641,0.0
446273,inf
620406,inf
81205,inf
219695,inf
73821,inf
521781,inf
484638,inf
510103,inf
263348,inf
482734,0.0
609745,inf
502870,inf
382129,0.0
133990,inf
137329,inf
78153,inf
308173,0.0
132775,inf
385818,inf
287055,inf
618157,inf
439053,inf
222855,inf
611428,inf
628256,inf
129001,inf
314257,inf
480596,inf
550243,0.0
603123,inf
518794,0.0
100346,inf
635062,inf
13103,inf
193808,inf
667420,inf
98495,0.0
354420,inf
167317,inf
42998,0.0
215023,inf
609753,inf
49561,inf
547737,inf
42063,0.0
189188,inf
226552,0.0
8613,inf
450721,inf
116621,0.0
56100,inf
416401,inf
574022,inf
319640,inf
267394,inf
610980,inf
383168,inf
703514,inf
690471,inf
464465,0.0
377643,inf
243024,inf
343443,inf
407927,0.0
606108,inf
557758,inf
24992,inf
662882,inf
593456,inf
220722,inf
273910,inf
67055,inf
616752,inf
467487,inf
689195,inf
603185,inf
270543,inf
293745,inf
576263,0.0
197446,inf
546325,inf
289748,inf
301219,inf
711593,inf
559890,inf
611038,inf
193509,inf
270369,inf
298333,inf
530074,inf
683227,inf
699410,inf
494118,inf
644118,inf
495312,inf
406934,inf
116722,inf
539621,inf
191875,inf
658357,inf
595299,inf
306197,inf
213592,inf
226935,inf
589731,inf
530206,inf
159346,inf
594340,inf
604224,inf
637378,inf
699125,0.0
189136,inf
135437,inf
418456,inf
93561,inf
121240,inf
279838,0.0
258256,inf
296677,inf
381623,inf
64033,inf
126884,0.0
238970,inf
98432,inf
230939,inf
510732,inf
482004,inf
332560,inf
227858,inf
320553,0.0
274513,inf
264617,0.0
313435,inf
200486,inf
457264,0.0
574090,inf
705259,inf
513493,inf
416350,inf
641496,inf
408543,inf
700824,inf
564279,inf
634938,inf
421038,inf
665370,inf
180246,inf
607014,0.0
701796,0.0
683479,inf
690992,inf
139474,inf
4127,inf
18464,inf
63047,inf
516458,inf
379009,0.0
117328,inf
233834,inf
484339,inf
50988,inf
686603,inf
261819,inf
178006,0.0
593908,inf
282111,inf
599712,inf
642218,inf
327344,0.0
638374,inf
86880,inf
609043,inf
587747,inf
151837,inf
668644,inf
64208,0.0
324725,0.0
172679,inf
638472,inf
352191,inf
312723,inf
633786,inf
682037,0.0
371340,inf
198610,inf
46437,inf
300457,inf
220663,0.0
450707,inf
355915,inf
624936,inf
657648,inf
346197,0.0
540497,0.0
334076,inf
697065,0.0
536815,inf
288994,0.0
348057,inf
316926,0.0
562134,inf
631088,inf
390597,inf
522804,0.0
573818,inf
586570,inf
21480,0.0
466351,inf
99115,0.0
301954,inf
168320,0.0
123544,inf
182200,0.0
523896,inf
385316,inf
226851,inf
22946,inf
330652,0.0
619410,inf
126920,inf
304306,inf
130099,inf
153624,inf
259634,0.0
266958,inf
479753,inf
580448,inf
394548,inf
603606,0.0
408628,inf
654598,inf
453827,inf
238005,inf
148554,inf
318370,inf
348871,inf
587569,0.0
541812,inf
513726,0.0
508930,inf
344125,inf
628979,0.0
444746,inf
22875,inf
121177,inf
471435,inf
177999,inf
3486,inf
617028,inf
685936,inf
249554,inf
533403,inf
24314,inf
46975,0.0
259795,inf
615434,0.0
49930,inf
139897,inf
556804,inf
461092,0.0
429174,0.0
626386,inf
511217,inf
150759,inf
385560,inf
126389,0.0
24872,inf
357847,inf
226546,inf
210823,inf
693287,inf
248743,0.0
665011,inf
335705,inf
347466,inf
468725,inf
485769,inf
171063,inf
128963,inf
394285,inf
447531,inf
345376,inf
492560,inf
159291,inf
135833,inf
651860,inf
237233,inf
122865,inf
134911,inf
83609,inf
303890,0.0
673602,inf
404261,inf
80236,inf
62500,inf
266606,inf
292284,0.0
13945,inf
634770,inf
591166,inf
286348,inf
92376,0.0
234556,0.0
51483,inf
294401,inf
107502,0.0
314115,0.0
121760,inf
544083,inf
219581,inf
695464,inf
289734,inf
376926,inf
660702,inf
439414,inf
463276,inf
62640,inf
352438,inf
518025,inf
297262,inf
177157,inf
282015,0.0
694926,inf
463052,inf
175977,inf
344838,inf
234579,inf
535913,inf
375971,inf
127377,inf
686668,inf
710820,inf
606228,inf
522613,inf
80202,inf
183023,inf
324795,inf
467660,0.0
236760,inf
494346,inf
26382,inf
127025,inf
235968,inf
342794,inf
358594,inf
636331,inf
600902,inf
311166,inf
437832,inf
567427,0.0
543729,inf
284326,inf
317421,inf
678840,inf
438571,inf
626142,inf
402630,inf
197659,inf
332912,inf
649087,inf
349653,inf
130868,inf
462779,0.0
682101,0.0
691011,inf
691155,inf
65087,0.0
387287,inf
243609,0.0
631359,inf
631636,inf
452451,inf
646645,inf
322922,inf
257547,inf
621449,inf
13544,0.0
631787,inf
15519,inf
473458,inf
114405,inf
436678,inf
553370,inf
208987,0.0
50330,inf
245241,inf
410636,inf
384119,inf
522481,inf
92817,inf
438630,inf
442335,inf
695799,0.0
464623,inf
577631,inf
625272,inf
35868,inf
680125,0.0
588267,inf
227784,inf
123805,inf
370123,0.0
165406,inf
603873,0.0
203786,inf
188413,inf
553481,inf
324757,inf
593638,inf
441604,0.0
503384,inf
476088,inf
125627,inf
516894,inf
441880,inf
340740,inf
567210,inf
199810,inf
689778,inf
224685,inf
673223,inf
444068,inf
213593,inf
658304,inf
450221,inf
316481,0.0
420490,inf
61848,inf
191415,inf
132718,inf
574516,inf
452437,inf
373651,inf
174353,inf
444565,inf
53703,0.0
389675,inf
416156,inf
97037,0.0
292344,0.0
456564,inf
648688,0.0
356937,inf
85720,0.0
317979,inf
28071,inf
172761,inf
125303,inf
203672,inf
292273,inf
299215,inf
129430,inf
411226,0.0
344572,inf
272935,inf
647647,inf
535770,inf
551116,0.0
486948,0.0
229880,inf
476213,inf
18417,0.0
109705,inf
247419,inf
709764,inf
540745,inf
107465,inf
96176,inf
333820,inf
190555,inf
355330,inf
686330,inf
636826,inf
133301,0.0
331891,inf
671963,inf
191355,inf
302438,inf
198087,0.0
457477,inf
658592,inf
629533,inf
524553,inf
598346,inf
152665,inf
589490,inf
665937,inf
460051,0.0
620341,inf
78875,inf
587866,inf
578826,inf
30922,inf
114412,inf
582681,inf
49800,inf
356789,inf
27821,inf
409935,0.0
288529,inf
623433,inf
80161,inf
168420,inf
275774,0.0
490026,inf
357980,inf
463673,inf
141642,inf
374549,inf
370296,0.0
669709,inf
17624,inf
372600,inf
488991,0.0
143719,inf
500595,inf
25662,inf
378819,inf
170804,inf
77300,0.0
244039,inf
178165,inf
142721,inf
110202,inf
481984,0.0
678739,inf
190253,inf
97107,inf
609723,inf
703128,inf
446602,inf
10700,inf
243457,inf
380414,0.0
5262,inf
350439,inf
541917,inf
702322,inf
640241,inf
549504,0.0
22096,inf
537853,inf
489096,inf
367719,inf
217307,inf
477450,0.0
417187,0.0
578918,inf
209274,inf
146949,inf
514014,inf
567249,inf
593270,inf
250936,inf
605419,inf
524109,inf
655631,inf
531304,inf
515570,inf
172053,0.0
143392,inf
363464,inf
313392,inf
441072,inf
501970,inf
97150,inf
62194,inf
483193,inf
404290,inf
338319,inf
217996,inf
298989,0.0
419455,0.0
318661,inf
128132,inf
598459,0.0
529871,inf
150867,inf
479113,0.0
185613,0.0
477585,inf
231749,inf
514384,inf
348141,inf
89432,inf
152045,inf
387785,inf
111071,0.0
449230,inf
22477,inf
198735,inf
610923,inf
710700,inf
243539,inf
225982,inf
430857,inf
116949,inf
554672,inf
434372,inf
363937,inf
605008,inf
37198,inf
187824,inf
529565,inf
23069,inf
292574,inf
584543,inf
85880,0.0
672617,inf
641227,0.0
442063,0.0
245030,inf
101273,inf
153973,inf
374884,inf
275948,0.0
501690,inf
683228,inf
487271,inf
64186,inf
177912,inf
633949,inf
43484,0.0
506960,inf
632071,inf
81716,inf
205967,inf
284820,inf
331200,inf
175254,0.0
700882,inf
609262,inf
386529,inf
612231,0.0
302753,0.0
10851,inf
273753,inf
653939,inf
57389,0.0
601563,0.0
50279,inf
17072,0.0
135102,inf
11081,inf
50946,0.0
427461,0.0
241436,inf
436875,inf
417453,inf
494327,inf
168269,inf
306183,inf
625410,inf
697424,0.0
642298,inf
231766,inf
169611,inf
508164,inf
505823,inf
652396,inf
688818,inf
281478,0.0
246687,inf
554687,inf
121137,inf
35853,inf
90199,inf
434483,inf
684086,inf
528316,inf
237988,0.0
500264,inf
125473,inf
521564,inf
496163,inf
567940,inf
132609,inf
538418,inf
408731,0.0
289000,inf
706754,inf
515068,inf
656311,inf
551434,inf
419049,inf
336356,0.0
181342,inf
489433,inf
52073,inf
376054,0.0
358096,0.0
96424,inf
307494,inf
532995,0.0
410267,inf
200116,0.0
706057,inf
504765,inf
74620,0.0
238147,inf
441702,inf
16021,inf
92565,0.0
371463,inf
328347,inf
371763,inf
282803,inf
548714,inf
117163,inf
550581,inf
291989,inf
438841,inf
641756,inf
540832,inf
1691,inf
283178,inf
80759,inf
69282,0.0
610886,inf
275927,inf
42535,inf
24923,inf
72830,inf
145384,inf
532529,inf
615030,inf
587862,inf
555222,inf
482574,inf
256533,inf
317156,inf
33248,inf
403002,inf
109683,inf
632127,inf
379920,0.0
425183,inf
72883,0.0
636890,inf
543092,inf
484760,inf
602481,inf
582604,inf
140001,inf
708823,0.0
197982,inf
65598,inf
108116,inf
387927,inf
591998,inf
400429,inf
274185,inf
186599,inf
640083,inf
95831,inf
306806,inf
371970,inf
177755,inf
64704,inf
431418,inf
578048,0.0
151400,inf
199314,inf
168570,inf
374939,0.0
108198,inf
639826,inf
307733,inf
140148,inf
514949,inf
436895,inf
552623,inf
326300,0.0
681462,inf
633260,inf
567794,0.0
159659,inf
7267,inf
374865,0.0
186142,inf
339916,inf
213792,0.0
247226,inf
664354,inf
685721,inf
648088,0.0
287877,inf
571587,inf
668840,inf
267365,inf
121347,0.0
48282,inf
309313,0.0
335498,inf
79777,inf
329855,inf
467314,inf
3436,inf
155454,0.0
615051,inf
13520,0.0
437537,inf
622317,inf
43061,inf
576234,0.0
667002,0.0
173616,inf
55618,inf
548312,inf
679867,inf
517917,inf
70440,inf
44403,inf
313931,0.0
251333,inf
316736,inf
487534,0.0
657809,inf
411097,inf
555516,inf
533347,inf
627157,inf
139940,inf
383509,inf
261507,inf
197567,inf
174916,inf
535915,inf
354484,inf
272232,inf
111938,inf
151271,inf
267041,inf
209414,inf
666595,inf
273273,inf
331710,inf
554994,inf
39137,inf
304605,inf
356177,inf
233640,inf
286183,inf
379557,inf
256391,0.0
220903,inf
171923,0.0
90144,inf
550267,0.0
548110,inf
632449,inf
161778,inf
475398,0.0
104267,inf
674588,0.0
332668,inf
483146,0.0
520084,0.0
494589,inf
293208,inf
116680,inf
560459,inf
305517,inf
580696,inf
599357,inf
386666,inf
158867,0.0
44803,inf
52690,inf
113050,inf
552569,inf
586426,inf
636570,inf
23595,inf
470304,inf
260457,inf
227284,inf
37596,inf
569405,inf
273251,inf
112970,inf
638365,inf
562391,inf
272458,inf
212027,inf
702095,inf
319538,inf
652101,inf
608229,inf
581048,inf
28074,inf
646154,0.0
537394,0.0
646226,inf
578187,inf
64727,0.0
150399,0.0
249691,inf
610211,inf
593192,inf
73351,inf
301283,inf
56162,inf
504841,inf
582437,inf
601840,inf
76487,inf
131685,inf
570899,inf
624354,inf
554198,inf
384066,inf
451469,0.0
29990,0.0
156475,inf
159948,inf
586786,inf
74500,inf
212868,inf
701821,inf
418666,inf
79577,inf
636092,inf
606896,inf
619191,inf
646239,inf
48648,inf
76440,inf
649729,inf
413899,inf
347046,inf
561752,0.0
322321,inf
246845,0.0
238025,inf
682676,0.0
669212,0.0
592233,inf
558143,inf
170103,inf
536435,inf
611156,inf
339967,inf
663078,inf
691110,inf
80469,inf
118544,inf
298869,inf
498517,inf
5253,inf
277842,inf
201260,inf
460336,inf
632344,0.0
195432,inf
654145,inf
521805,inf
22471,0.0
331780,inf
378600,inf
532171,0.0
9220,inf
114478,inf
270405,inf
96035,inf
108491,0.0
513979,inf
231715,inf
297492,inf
441522,0.0
672139,inf
640606,inf
265030,inf
59470,inf
460808,inf
557732,inf
431039,inf
253385,inf
134632,inf
595298,inf
440765,inf
276219,inf
369157,inf
296354,inf
195632,inf
666843,inf
452195,inf
369197,inf
575579,inf
15080,inf
374573,0.0
427223,inf
350998,inf
178261,inf
126382,0.0
440505,inf
417771,inf
365057,inf
382993,inf
484322,inf
102392,inf
231931,inf
705511,inf
413701,inf
302042,inf
8732,inf
96740,inf
452479,inf
93535,inf
643939,inf
338830,inf
318649,inf
457191,inf
69521,inf
564343,inf
460543,inf
646627,0.0
208188,inf
98280,inf
468100,inf
47642,inf
552846,0.0
426035,inf
331186,inf
462524,0.0
231407,inf
55194,0.0
701975,inf
194684,inf
581369,inf
224797,inf
698684,inf
440500,0.0
407068,inf
357370,inf
391701,inf
676747,0.0
193279,0.0
148187,0.0
13271,0.0
204140,inf
239664,inf
486882,inf
17924,inf
440382,inf
351038,inf
291235,inf
283930,inf
177900,0.0
702024,inf
449984,inf
509434,0.0
116631,inf
458696,inf
362368,inf
584176,inf
435921,inf
316005,inf
709428,inf
138590,inf
165401,inf
611484,inf
487936,0.0
147638,inf
281977,inf
26791,inf
461349,inf
348757,inf
395492,inf
635116,inf
35194,inf
593634,0.0
559303,inf
29796,inf
223146,inf
378504,inf
284364,inf
466538,inf
623436,inf
186868,0.0
619332,inf
291955,inf
384926,inf
468891,inf
488031,0.0
121412,inf
139310,inf
211323,inf
50213,inf
402233,inf
130022,inf
364290,inf
81342,inf
626360,inf
658685,inf
482627,inf
596433,inf
561471,inf
430330,inf
611466,inf
592177,inf
54952,inf
711357,inf
252904,inf
549680,inf
3708,inf
206494,0.0
553123,inf
244490,inf
3617,inf
646929,inf
682268,inf
505407,inf
409831,inf
396407,inf
114552,inf
666440,0.0
339776,inf
15721,inf
365944,inf
610679,inf
174280,inf
676310,inf
476425,0.0
153189,inf
539150,inf
597833,inf
468922,inf
711052,inf
217843,inf
483265,0.0
553015,inf
508136,0.0
60183,inf
355315,inf
547709,inf
670106,inf
245290,inf
517261,inf
308225,inf
440586,inf
118634,inf
351815,inf
337836,inf
369912,inf
437210,0.0
697374,inf
487217,inf
662246,inf
451945,inf
60859,inf
672458,inf
686333,inf
552981,inf
340145,inf
123694,inf
423856,inf
265281,inf
501390,inf
15344,0.0
158552,inf
588756,inf
231903,inf
616506,0.0
92561,inf
387787,0.0
538755,inf
378281,inf
545268,0.0
467409,0.0
530020,inf
186005,inf
288762,inf
369165,inf
193339,0.0
231800,inf
683514,inf
435088,inf
633860,inf
709080,inf
163746,inf
96203,inf
183418,inf
454025,inf
238150,inf
669899,inf
472861,inf
201997,0.0
28603,inf
56732,0.0
610307,inf
211841,inf
392724,inf
90475,inf
563599,0.0
164375,inf
251687,inf
574760,inf
48736,0.0
508756,inf
204839,inf
323899,inf
693529,0.0
368250,0.0
226532,inf
451120,inf
312300,0.0
349717,0.0
491458,inf
141101,inf
656038,inf
50590,inf
517310,inf
559752,inf
343310,inf
353555,inf
225182,inf
88009,inf
607392,inf
703577,inf
628437,inf
498095,inf
603985,0.0
382155,inf
82381,inf
625940,inf
199855,inf
431721,inf
25559,inf
76064,0.0
472481,inf
232938,inf
24670,inf
359803,inf
436450,inf
280516,0.0
226998,inf
397933,inf
607498,inf
91892,inf
222518,inf
614490,inf
483604,0.0
113215,inf
263201,inf
440883,inf
39942,inf
709599,inf
112803,inf
519238,0.0
548018,inf
639039,inf
508806,inf
257715,0.0
371462,inf
593419,inf
478158,inf
552007,inf
256748,inf
677142,inf
37440,inf
420903,0.0
440351,inf
130228,inf
541941,inf
118107,inf
206464,inf
247201,inf
393157,inf
128447,inf
176124,inf
71362,0.0
342145,inf
600179,inf
287160,inf
235693,inf
533381,0.0
83584,inf
110900,inf
667435,inf
437610,inf
132477,inf
275252,inf
660724,inf
412818,inf
693588,inf
624949,inf
617582,inf
183718,inf
307904,inf
266325,0.0
314576,inf
636058,inf
423157,inf
618932,0.0
308859,inf
179099,inf
615623,inf
591150,inf
464256,0.0
558364,0.0
255091,0.0
112759,inf
645603,inf
122756,inf
675628,inf
429058,0.0
204517,0.0
289372,inf
521049,inf
696689,inf
322996,inf
547901,inf
29822,inf
553376,inf
350322,inf
433653,inf
612731,0.0
153652,inf
156421,0.0
596835,0.0
902,0.0
326991,inf
149142,inf
525087,inf
49749,inf
192777,inf
137637,inf
202522,inf
125330,0.0
508910,inf
580422,inf
2600,inf
195343,0.0
604180,inf
460645,inf
521892,inf
119617,inf
160352,0.0
587287,inf
645803,inf
454459,0.0
592464,inf
436914,inf
688900,inf
375047,0.0
249581,inf
511136,inf
455913,inf
478399,inf
77844,inf
294769,inf
331051,inf
519897,inf
707699,inf
177248,inf
449077,inf
218179,inf
342434,inf
226908,inf
698687,inf
543494,0.0
393401,inf
393750,inf
657885,0.0
404175,inf
177511,inf
490783,inf
515122,inf
523793,inf
260121,0.0
418344,inf
454813,inf
149403,0.0
583273,inf
660930,inf
23703,inf
572746,0.0
552648,inf
420960,inf
709178,inf
510882,inf
417361,0.0
145363,inf
508965,inf
499449,inf
670433,inf
280962,inf
33976,0.0
385742,inf
170291,inf
685255,inf
262103,inf
312876,inf
344287,inf
703540,0.0
182512,inf
218070,inf
111040,inf
459643,inf
361724,inf
332068,0.0
521306,0.0
479674,inf
439191,inf
630438,inf
257992,inf
353040,inf
496283,inf
709854,inf
494013,inf
109398,inf
397417,inf
236722,inf
295512,inf
339972,inf
543200,inf
139268,inf
31038,inf
604779,inf
576625,inf
547408,inf
495253,inf
95542,0.0
363042,inf
42957,0.0
191541,inf
146797,inf
486050,inf
674813,inf
266364,inf
207717,0.0
521299,0.0
654427,inf
264919,inf
599041,inf
221357,inf
533348,inf
604412,inf
457098,inf
1853,inf
5238,inf
262289,inf
79976,0.0
269729,0.0
469256,inf
85699,inf
450950,inf
675462,inf
408023,inf
151506,0.0
408627,inf
537554,inf
257863,0.0
597801,inf
306707,0.0
329889,inf
668343,inf
208099,inf
676830,inf
600205,inf
43291,inf
457735,inf
17286,0.0
295233,0.0
333896,inf
65485,inf
152128,0.0
394977,inf
370545,inf
35038,inf
82441,inf
471229,0.0
361659,inf
696687,inf
553554,inf
578629,0.0
578205,inf
499990,inf
593888,inf
214505,inf
302487,inf
377182,0.0
401340,inf
704771,inf
15743,inf
203167,inf
155541,inf
580637,0.0
674468,inf
218396,inf
564075,0.0
543315,inf
134278,inf
513393,inf
674559,inf
500795,inf
114437,inf
423509,inf
421653,inf
127841,0.0
45869,0.0
301398,inf
625703,inf
589040,inf
708082,inf
643917,inf
307911,inf
399422,0.0
375090,inf
312824,inf
614771,inf
6185,inf
583239,inf
668366,inf
665344,inf
591419,inf
168075,inf
174360,0.0
144474,inf
186709,inf
76995,inf
274476,inf
144057,inf
225194,inf
492565,inf
594840,inf
120256,inf
492316,inf
463965,inf
112051,inf
700242,inf
221705,inf
67727,inf
446678,inf
646925,0.0
466589,0.0
540109,inf
84319,inf
120822,inf
336325,inf
368528,inf
166587,inf
670261,inf
117749,inf
80128,inf
441025,inf
219310,0.0
123357,inf
177264,inf
359039,inf
620917,inf
397287,inf
155604,inf
710168,inf
158301,inf
542195,inf
636878,inf
659455,inf
534503,0.0
372133,0.0
20449,inf
607473,inf
399968,inf
684675,0.0
279966,0.0
137218,inf
463147,inf
477056,0.0
631086,inf
326341,inf
153113,0.0
312815,inf
194462,inf
698116,inf
623348,inf
383527,inf
389194,inf
699164,inf
677153,0.0
351118,inf
436630,inf
467603,inf
296108,inf
226578,0.0
12031,inf
131212,inf
501085,inf
611237,inf
236685,inf
502365,inf
593113,inf
272629,inf
291241,inf
254351,inf
76772,inf
222603,inf
658034,inf
275136,inf
572217,inf
510854,inf
678941,inf
88945,inf
389865,inf
371820,0.0
670955,inf
133224,inf
39148,inf
542079,inf
224515,0.0
148422,inf
293455,inf
664110,0.0
703067,inf
426957,inf
556910,inf
457464,inf
434148,inf
455673,inf
616916,inf
16786,0.0
357068,inf
200918,inf
83248,0.0
344057,inf
490751,inf
516648,0.0
465843,inf
660958,inf
134538,inf
556532,inf
164200,inf
487909,inf
559709,inf
371542,inf
159623,inf
241740,inf
416058,inf
394597,inf
457693,0.0
426178,inf
371384,inf
708018,inf
31745,0.0
42692,inf
638457,0.0
563506,inf
186507,inf
346669,0.0
429206,0.0
686624,inf
423363,inf
439893,inf
521870,inf
21140,0.0
50709,inf
318864,inf
243469,inf
508206,inf
385518,0.0
557287,inf
219950,inf
132705,inf
529998,inf
433387,0.0
509482,inf
698922,inf
629246,inf
133534,inf
431282,inf
627234,inf
535196,inf
371718,inf
625451,inf
367743,inf
262706,inf
397759,inf
661817,inf
165917,0.0
215816,inf
197254,0.0
178684,0.0
118043,inf
251002,inf
77479,0.0
274610,inf
161736,0.0
580073,inf
310689,inf
422214,inf
672515,inf
649218,inf
508775,0.0
637904,inf
508507,inf
563782,inf
212958,inf
541195,0.0
606630,inf
621921,inf
130879,inf
699132,inf
670012,0.0
134311,inf
286061,inf
154716,inf
711734,inf
532405,inf
487662,inf
22255,inf
26090,inf
538739,inf
583323,inf
570732,inf
553113,inf
663403,inf
192191,0.0
248533,inf
168739,inf
679712,inf
45910,inf
129225,inf
567702,inf
654590,inf
3707,inf
230900,inf
456896,inf
286663,inf
191426,inf
44781,inf
423205,inf
403275,inf
175683,0.0
702979,inf
352613,inf
703997,inf
233188,inf
605189,0.0
317316,inf
129568,inf
76645,inf
569948,inf
339386,inf
231687,inf
428987,inf
57139,0.0
388730,0.0
320675,inf
657616,inf
299209,inf
135744,inf
128565,0.0
454562,inf
453977,inf
223516,inf
636720,0.0
443330,0.0
349869,inf
143286,0.0
278535,inf
281367,inf
481291,inf
304234,inf
217696,inf
474842,inf
491927,inf
565666,inf
434300,0.0
285128,0.0
635007,inf
515366,inf
487308,inf
67788,inf
612409,0.0
480038,inf
352835,inf
536821,inf
479475,inf
601114,inf
129882,inf
219973,inf
486011,inf
13431,inf
652316,0.0
440970,0.0
340557,inf
349469,0.0
101062,0.0
357899,inf
357623,inf
297586,inf
253564,inf
363790,inf
367062,inf
65494,inf
334890,0.0
387899,inf
434252,inf
518853,0.0
301183,0.0
572269,inf
116589,inf
203410,inf
505850,inf
321361,inf
642357,inf
212034,inf
193400,inf
610004,inf
21305,inf
478939,inf
559551,inf
133300,inf
88890,inf
41376,inf
82111,inf
447433,inf
265357,inf
667147,inf
172389,inf
468421,inf
634137,inf
20688,inf
163257,inf
331112,inf
437436,inf
386641,inf
394741,inf
489127,inf
270759,inf
466839,inf
337540,inf
590440,inf
601953,0.0
431873,inf
374601,inf
218353,inf
259023,inf
98039,inf
164484,inf
514233,inf
40932,0.0
463928,inf
313998,inf
686712,inf
456255,inf
605271,0.0
327251,inf
109891,0.0
450091,0.0
359594,inf
34288,inf
116565,inf
202010,inf
489359,inf
104579,inf
555062,0.0
601668,inf
657322,inf
315934,inf
389820,inf
620730,inf
234489,0.0
127506,inf
7363,0.0
422968,0.0
156394,inf
162775,inf
399514,inf
87796,0.0
151508,0.0
248093,0.0
596828,inf
392258,inf
678727,inf
111962,0.0
467849,inf
677469,inf
395833,inf
69953,inf
484003,inf
535567,inf
415526,inf
99358,0.0
191231,inf
84466,inf
268534,inf
95704,inf
34874,inf
241619,inf
455255,inf
146950,inf
442438,0.0
301409,inf
541420,inf
426314,inf
137791,inf
302064,inf
690418,inf
127534,inf
323087,inf
191009,inf
37859,inf
123534,0.0
61274,0.0
425478,0.0
529136,0.0
503452,inf
501916,inf
232574,inf
131926,inf
401670,inf
108212,inf
232023,inf
647129,inf
287841,inf
206016,inf
149811,inf
516585,inf
143072,inf
546197,inf
515221,inf
642547,0.0
523211,inf
314287,inf
362014,0.0
629905,inf
235261,inf
625712,inf
400094,0.0
313981,inf
593518,inf
258688,inf
325408,inf
188640,inf
434322,inf
616862,inf
345060,inf
297281,0.0
460292,0.0
585743,0.0
108841,0.0
86091,inf
357179,inf
443814,inf
176835,inf
154538,0.0
261751,inf
214267,inf
241371,inf
293402,inf
327529,inf
143369,inf
555960,inf
646002,inf
270768,inf
378398,inf
632560,inf
641928,inf
637821,inf
96601,inf
659451,inf
125120,inf
653867,inf
407032,inf
630014,inf
504552,inf
15116,inf
131694,inf
578962,0.0
155372,inf
581921,inf
405479,0.0
40875,inf
562465,0.0
189546,inf
314650,inf
88010,inf
109595,inf
556961,inf
544517,inf
556360,0.0
157209,inf
698003,inf
427871,inf
136274,inf
572653,inf
236356,inf
606666,inf
655242,inf
56952,inf
700662,inf
323897,inf
381479,inf
235014,inf
481718,inf
76445,inf
89369,inf
652595,0.0
341041,0.0
286603,inf
513245,inf
705809,inf
454204,inf
251365,inf
638300,inf
61392,inf
207806,inf
20572,inf
611147,inf
49387,inf
167615,0.0
644133,inf
256282,0.0
532299,inf
147893,0.0
43078,inf
107940,inf
341759,0.0
214287,inf
694912,inf
252568,inf
357950,inf
577909,inf
519012,inf
486435,inf
403970,inf
164419,inf
212987,inf
224842,0.0
190442,0.0
134572,inf
48759,inf
508260,inf
140839,inf
672581,inf
263308,inf
647372,inf
479566,inf
503540,inf
274155,inf
315050,inf
185346,inf
358044,inf
277975,inf
278354,0.0
362830,inf
217118,inf
40136,inf
66959,inf
167125,inf
475974,inf
299745,inf
218222,0.0
224730,inf
669202,0.0
709757,inf
32687,inf
633691,inf
227781,inf
337069,inf
706223,inf
251901,0.0
172254,0.0
474604,inf
109877,0.0
209605,inf
186340,0.0
444282,inf
125529,inf
454068,inf
446529,inf
394229,0.0
217535,inf
131191,inf
489404,inf
35379,inf
616910,inf
289636,0.0
396185,inf
444111,inf
45,inf
466220,inf
426651,inf
238811,inf
73097,inf
463815,inf
328483,inf
471488,inf
171224,inf
573744,inf
525798,inf
708661,inf
522894,inf
503886,inf
406894,inf
504032,inf
624135,0.0
88551,inf
492480,inf
709809,0.0
682154,inf
487802,inf
560655,0.0
242924,inf
710635,inf
561890,inf
81423,inf
227498,inf
324781,inf
232665,inf
340854,inf
559744,inf
394173,inf
314906,inf
532890,inf
19838,0.0
151819,inf
38382,inf
550680,inf
231631,inf
284862,inf
406154,inf
581870,inf
487993,inf
344736,inf
703034,inf
418905,inf
421796,inf
216589,0.0
228877,inf
331776,0.0
629503,inf
175519,inf
40103,inf
557271,inf
579181,0.0
286640,inf
698579,inf
429200,inf
408500,0.0
173628,inf
335188,inf
152968,inf
424262,0.0
667552,inf
194538,inf
427817,inf
248866,inf
256307,inf
537635,inf
525666,inf
491454,inf
613622,inf
688940,inf
697321,inf
9652,inf
612256,inf
380294,0.0
566663,inf
289663,inf
268023,inf
148662,inf
313440,inf
471327,inf
256176,0.0
126012,inf
370144,inf
30020,inf
187528,inf
641789,inf
265871,0.0
137278,inf
465660,inf
37539,inf
86738,inf
248000,inf
160985,inf
539738,inf
138898,inf
646977,inf
521243,inf
614058,0.0
658391,inf
63236,inf
27491,inf
76901,inf
356352,inf
631306,inf
221538,0.0
8905,0.0
667639,inf
549520,inf
459598,0.0
559192,inf
114819,inf
397357,inf
192015,inf
218009,inf
96354,0.0
691888,inf
97116,inf
336788,inf
12426,inf
99966,inf
20577,inf
291209,inf
314707,inf
135887,inf
69875,inf
213848,inf
523271,inf
649635,inf
515775,inf
413754,inf
179269,inf
45982,inf
282174,inf
703390,inf
72259,0.0
150287,inf
581698,0.0
408871,inf
254999,inf
453756,0.0
524736,inf
110671,inf
511409,inf
47575,inf
245525,0.0
412008,inf
614995,inf
300037,inf
561482,inf
364635,inf
172465,0.0
59840,0.0
355772,0.0
184740,inf
89711,inf
621301,inf
639486,inf
302859,inf
521518,inf
682495,inf
478643,inf
541021,inf
458050,inf
646303,0.0
497872,inf
349470,inf
607952,inf
104992,inf
243044,inf
650142,inf
235004,inf
556789,inf
72302,inf
144079,inf
15613,inf
254908,inf
500984,inf
552747,inf
126794,inf
210542,inf
447215,inf
135777,inf
293916,inf
59392,inf
710262,inf
144687,inf
346113,inf
52228,0.0
168362,inf
96652,inf
409383,inf
244771,inf
291900,0.0
185050,0.0
34862,0.0
456320,inf
668331,inf
241772,inf
54070,inf
179359,0.0
519751,inf
322888,inf
654794,inf
556446,inf
573473,inf
387241,inf
106202,inf
71838,inf
514135,0.0
49443,inf
551736,inf
359972,inf
196865,0.0
254490,inf
156058,inf
124522,inf
422277,inf
453791,inf
316267,inf
159320,inf
308456,inf
210147,inf
372772,0.0
536999,inf
360649,inf
157635,inf
516412,inf
80733,inf
260040,inf
335838,inf
241423,inf
74497,inf
535167,inf
224346,inf
638710,inf
626228,inf
483703,0.0
319044,inf
378848,inf
83462,inf
448098,inf
378225,inf
436253,0.0
681089,inf
696584,inf
672409,inf
697560,0.0
156991,inf
80296,inf
437209,inf
588442,inf
527252,inf
206269,inf
483779,inf
147951,0.0
488050,inf
326661,inf
396830,inf
18753,inf
533310,0.0
249749,inf
598980,inf
194550,inf
143736,0.0
137411,inf
201124,inf
452228,inf
273062,0.0
543939,inf
228720,0.0
288167,0.0
321359,0.0
477385,inf
677481,inf
476047,inf
158935,inf
399302,0.0
11673,inf
471060,inf
274767,inf
228134,inf
664765,inf
312000,inf
291160,inf
665789,inf
38929,inf
344294,0.0
521015,inf
435085,inf
479837,inf
127641,inf
565509,inf
408232,0.0
646409,inf
400386,inf
442442,0.0
376282,inf
523849,inf
352751,inf
413744,inf
547121,inf
172163,inf
376690,0.0
108312,inf
567068,inf
259309,inf
517374,inf
18330,inf
214925,0.0
450509,inf
614627,0.0
161710,0.0
99605,inf
575562,0.0
245061,inf
627649,inf
692136,inf
294010,inf
378596,inf
678441,inf
330684,inf
607005,inf
386842,inf
246836,inf
445617,inf
29919,inf
285480,inf
71566,inf
258279,0.0
182189,0.0
199503,inf
625816,inf
3340,inf
282151,inf
105266,inf
407491,inf
199197,0.0
477258,inf
431121,inf
557607,inf
87314,inf
441001,inf
486265,0.0
203969,0.0
60617,inf
600197,0.0
526336,0.0
37956,inf
65481,0.0
36036,inf
350656,inf
691770,0.0
335564,inf
708092,inf
709724,inf
499864,0.0
521953,inf
685584,inf
627497,inf
414316,inf
458459,inf
599827,inf
316280,inf
529219,0.0
14677,inf
128959,inf
99248,inf
146380,inf
275243,inf
52463,inf
619428,inf
268183,inf
323244,inf
399159,inf
305286,0.0
115497,inf
53849,inf
20702,0.0
166305,inf
688527,inf
647644,inf
179801,inf
270911,inf
264355,inf
240794,inf
647443,inf
573996,inf
240191,inf
572732,inf
456530,inf
414406,inf
141299,0.0
35955,inf
453600,inf
312067,inf
440800,inf
623848,inf
85292,inf
569358,0.0
118058,inf
298877,inf
515018,inf
227248,inf
66356,inf
474328,0.0
277756,inf
636770,inf
368039,0.0
188906,inf
273945,inf
72431,inf
418563,inf
264770,0.0
281134,inf
368483,inf
404617,inf
520858,inf
569926,inf
7399,inf
654898,inf
256410,inf
356943,inf
329999,inf
636434,inf
51179,inf
664994,inf
42241,inf
537217,inf
489977,0.0
61386,inf
123813,inf
155829,inf
466450,0.0
40526,inf
54214,0.0
134738,inf
586356,inf
140909,inf
291013,inf
172290,inf
505067,inf
68966,inf
600350,inf
68277,inf
630933,inf
552464,0.0
236162,inf
355221,inf
175860,inf
151965,inf
298802,inf
234675,inf
468444,inf
486546,0.0
398893,inf
643281,inf
125369,inf
273839,0.0
638757,inf
332516,inf
25683,0.0
451735,inf
678955,inf
665650,inf
375866,inf
179958,inf
699336,inf
78236,inf
111588,inf
439375,inf
242781,inf
429667,inf
262156,inf
652844,inf
352923,inf
86071,inf
120270,inf
471335,inf
570877,0.0
666674,inf
93216,inf
633935,inf
237767,inf
443475,inf
205822,inf
300984,0.0
85617,inf
443590,inf
507389,inf
172892,inf
25241,inf
703664,inf
668194,inf
652979,inf
450057,inf
156229,0.0
100119,inf
453035,inf
345680,inf
403399,inf
301487,inf
403469,inf
626988,0.0
167001,inf
553597,0.0
303989,inf
463203,inf
553100,0.0
615688,inf
51477,inf
703222,0.0
293226,inf
168819,inf
114944,inf
150207,inf
122070,inf
134434,inf
128355,inf
438091,0.0
313569,0.0
318344,inf
171234,inf
487328,inf
96352,inf
519491,inf
590529,0.0
256428,inf
506436,inf
299870,inf
259127,inf
48393,inf
684991,inf
143283,inf
283472,inf
271038,inf
553650,inf
481757,inf
412031,0.0
317976,inf
354141,inf
406259,inf
32800,0.0
362421,inf
279793,inf
456619,0.0
635185,inf
205265,0.0
314485,inf
616310,0.0
324045,inf
377707,inf
477214,inf
418355,0.0
240632,inf
563227,inf
145428,inf
637603,inf
600738,0.0
519323,inf
643227,inf
684316,0.0
443375,inf
164129,inf
622996,inf
665017,inf
434837,inf
476200,inf
470987,inf
612536,inf
606329,inf
467261,inf
302529,0.0
141341,inf
610890,inf
87846,inf
641194,0.0
546307,inf
609565,inf
641954,inf
504865,0.0
604626,inf
676694,inf
72135,inf
470855,inf
459558,inf
441018,inf
561580,inf
644867,inf
88970,inf
484627,inf
432650,inf
611153,inf
41679,inf
196982,inf
248457,inf
19450,inf
185788,inf
645776,inf
412816,inf
466711,inf
43942,inf
153578,inf
112846,inf
333059,inf
491142,inf
259825,inf
406465,inf
197168,inf
428596,inf
111145,inf
502639,0.0
111631,inf
637706,inf
15756,inf
353872,inf
108597,0.0
430067,inf
438507,inf
480304,inf
68293,inf
21052,inf
407596,inf
217197,inf
558672,inf
120912,inf
440457,inf
311897,inf
30323,inf
113337,inf
36030,inf
30453,inf
659363,inf
6932,0.0
349970,inf
618643,inf
229878,inf
476018,inf
348431,inf
375697,inf
340899,inf
603566,inf
147471,0.0
431343,0.0
75595,inf
69320,inf
365946,0.0
555836,inf
476944,inf
669358,inf
487189,0.0
29127,inf
166030,inf
248325,0.0
480682,inf
401201,inf
353443,inf
152931,inf
360163,inf
215888,inf
693123,inf
113756,inf
236757,inf
361187,0.0
217355,inf
383716,inf
707795,inf
502642,inf
614476,0.0
697922,inf
89464,inf
560361,inf
211050,inf
376686,0.0
319379,inf
409767,0.0
4042,0.0
326665,0.0
335262,inf
208761,inf
442544,inf
652117,inf
361320,inf
294515,inf
580970,inf
233865,inf
615079,inf
450067,0.0
553149,inf
693467,inf
174109,inf
10526,inf
352496,inf
384146,inf
588708,0.0
631955,inf
497696,inf
150217,inf
703104,inf
350574,0.0
27627,inf
49580,inf
688567,inf
49479,inf
210405,inf
351426,inf
387154,0.0
440110,inf
25517,inf
559433,inf
239818,inf
337258,inf
534394,inf
161662,inf
65615,inf
351288,0.0
261791,inf
216371,inf
34936,0.0
20744,inf
267949,inf
659071,inf
573792,inf
18496,inf
288460,0.0
408533,inf
299073,0.0
25836,inf
427349,inf
339335,inf
583516,0.0
190379,inf
629012,inf
294530,inf
524365,inf
136663,inf
580296,inf
71305,inf
81491,inf
450059,inf
464607,inf
472657,inf
576447,inf
393977,inf
255507,inf
594405,inf
374743,inf
426199,inf
646290,inf
559474,inf
593644,inf
710303,inf
645557,inf
710223,inf
699,inf
561326,inf
388869,inf
250644,0.0
552322,inf
185747,0.0
107893,0.0
75586,0.0
98453,inf
702351,inf
627161,inf
345999,inf
681678,inf
236586,inf
344749,inf
412757,inf
173825,inf
144991,inf
584665,0.0
130350,inf
51681,inf
90167,inf
250410,inf
337738,inf
322054,inf
653298,inf
251876,inf
511924,inf
693406,0.0
248473,inf
354031,inf
197414,inf
186750,0.0
7112,0.0
21102,0.0
306229,inf
352643,inf
646979,inf
224701,inf
311637,inf
676306,inf
639755,inf
401892,inf
562249,inf
555142,inf
84,inf
562584,0.0
50606,inf
418654,inf
167332,inf
228247,inf
548225,inf
325958,inf
614676,inf
247930,0.0
634454,inf
11256,inf
487439,inf
341866,0.0
618878,inf
369771,0.0
475401,inf
314938,inf
237617,inf
390603,inf
330443,inf
360670,inf
510227,inf
192047,inf
331352,inf
227894,inf
3142,inf
352587,inf
300871,inf
474923,inf
540719,inf
494528,inf
651511,0.0
196551,inf
569051,0.0
595575,inf
96892,0.0
344228,0.0
151537,inf
237715,0.0
579943,0.0
312859,0.0
649818,inf
393392,inf
204268,inf
541320,inf
108313,inf
295113,inf
41124,0.0
417357,inf
78330,inf
67447,inf
706975,inf
52170,inf
167461,0.0
469794,inf
187591,inf
92572,inf
488007,inf
164909,inf
584828,inf
466954,inf
387496,0.0
110292,inf
12346,0.0
379323,inf
699084,inf
137624,0.0
649471,inf
556340,inf
263017,inf
264463,inf
184164,inf
509910,inf
332642,inf
440337,inf
106681,inf
590919,inf
263834,inf
473271,inf
145401,inf
180805,0.0
391956,inf
561528,inf
72948,inf
526054,inf
657270,inf
211445,0.0
439517,inf
671713,inf
213901,inf
103160,inf
157572,inf
630279,inf
330046,inf
460643,inf
711966,inf
82145,0.0
118846,inf
91844,inf
590613,inf
337070,0.0
351943,inf
491365,inf
447922,inf
589231,inf
660362,inf
180938,inf
193510,inf
653006,inf
333331,inf
543309,0.0
582280,inf
350365,inf
611217,inf
155894,inf
172000,0.0
284011,inf
654638,inf
353369,inf
200774,inf
656951,inf
250674,inf
635747,inf
234292,inf
489702,inf
573535,inf
306811,inf
96492,0.0
619818,inf
21261,inf
404232,inf
309875,inf
488014,0.0
13777,inf
312776,inf
514467,inf
337522,inf
149778,inf
258007,inf
83212,inf
61159,inf
595961,inf
144093,inf
168087,inf
7126,inf
537044,inf
62682,inf
210674,inf
380817,inf
44056,inf
334854,0.0
497694,0.0
94158,inf
157033,inf
73478,0.0
490279,inf
601336,inf
56994,inf
574914,0.0
245242,0.0
608882,inf
439877,inf
560462,inf
17668,0.0
253723,0.0
101592,inf
49876,inf
439864,inf
520086,inf
208732,inf
445791,inf
544178,inf
92425,inf
14990,0.0
248284,inf
294956,inf
388300,inf
25501,inf
311373,inf
439149,inf
535330,0.0
215333,inf
54382,inf
64802,0.0
49287,inf
359190,0.0
614823,inf
620813,inf
34169,inf
548046,inf
699665,inf
476004,inf
389225,inf
259892,0.0
29747,inf
382914,inf
475009,inf
187006,inf
99620,inf
124831,inf
284404,inf
357895,inf
281655,inf
279975,inf
58517,inf
516365,inf
168690,inf
689644,inf
636019,inf
346513,inf
442505,0.0
513172,inf
502497,inf
208809,0.0
587891,inf
357930,inf
145877,inf
297587,inf
600922,inf
455281,0.0
459418,inf
341353,inf
690657,inf
501932,inf
193850,inf
696302,inf
669850,inf
424098,inf
145577,inf
154994,inf
575980,inf
247774,inf
482489,inf
9909,inf
673774,inf
611082,inf
58956,inf
279782,inf
315295,inf
440888,inf
166807,0.0
211294,inf
363039,inf
457543,inf
419677,inf
151729,inf
227686,0.0
514412,inf
468162,inf
153813,inf
101421,inf
337764,inf
661810,inf
365654,inf
572659,inf
680787,inf
594269,0.0
364439,inf
472954,inf
347678,inf
554958,inf
309170,inf
472524,inf
48323,inf
387021,inf
660382,inf
196123,0.0
390984,inf
505849,inf
361678,inf
281388,0.0
297394,inf
92504,inf
191815,inf
30318,inf
511613,inf
596669,inf
266909,inf
501757,inf
460898,inf
403671,inf
530213,inf
410070,inf
353581,inf
159981,inf
112755,inf
379561,0.0
515680,inf
17817,inf
624766,inf
338903,0.0
613732,inf
588903,inf
291776,inf
298736,0.0
35278,inf
126105,inf
514089,inf
214,0.0
385943,inf
147173,inf
450306,inf
644549,inf
668643,inf
514163,inf
433429,inf
525946,inf
78757,inf
678122,inf
92621,0.0
431740,inf
222820,0.0
430229,inf
290924,inf
166588,inf
534982,inf
545997,inf
87713,inf
120630,inf
299792,inf
52656,inf
209549,inf
240329,inf
283081,inf
498138,inf
91095,inf
414047,inf
183009,inf
292155,inf
36040,inf
467302,inf
660462,inf
447223,inf
242975,inf
470734,0.0
176360,inf
218810,inf
57186,inf
131111,inf
499750,inf
8094,inf
537033,inf
480604,inf
68656,inf
238704,inf
581120,inf
548956,inf
79962,0.0
512270,0.0
297450,inf
126,inf
112142,inf
572837,inf
505254,inf
483016,0.0
20031,inf
583487,inf
174764,inf
529177,inf
673652,0.0
587463,inf
265740,inf
90616,inf
591666,inf
552079,0.0
572152,inf
114728,inf
528465,inf
265531,inf
566895,inf
410224,0.0
484082,inf
303126,inf
212569,inf
132655,inf
686564,inf
258360,inf
520502,inf
622316,inf
175086,inf
510683,0.0
367389,inf
79557,inf
658009,inf
264280,inf
497351,inf
216749,inf
50721,inf
247885,inf
144645,inf
178886,inf
700335,inf
109897,inf
287562,0.0
599788,0.0
575839,inf
393143,inf
124793,inf
168665,inf
484294,inf
173879,0.0
20592,inf
685820,inf
413346,inf
621638,inf
292345,inf
211919,inf
427790,0.0
190492,inf
363186,inf
108939,inf
203491,inf
468745,inf
593194,inf
616649,inf
530167,0.0
552871,0.0
632298,inf
62847,inf
355451,inf
696054,inf
300540,inf
301027,inf
45192,inf
429197,inf
265216,inf
265571,0.0
54466,inf
247228,inf
147396,inf
487335,inf
444511,0.0
463901,inf
270869,inf
481389,inf
403779,0.0
561213,inf
117946,inf
408662,inf
699349,inf
150517,inf
650989,inf
327239,inf
241285,inf
274021,inf
297608,inf
174942,inf
458285,inf
248371,inf
678412,0.0
666417,inf
247145,inf
598444,inf
159817,inf
133002,inf
79766,0.0
615745,inf
246506,inf
567282,0.0
31667,inf
105242,inf
357845,0.0
132444,inf
152332,inf
139781,inf
553804,inf
385708,inf
44292,inf
301137,inf
696248,inf
656600,inf
237583,inf
81671,0.0
639262,inf
399404,inf
225156,inf
651182,inf
34348,inf
435684,inf
57402,0.0
645008,0.0
451075,inf
645761,inf
236814,inf
15970,inf
628302,inf
637847,inf
12281,inf
511220,inf
399695,inf
596751,0.0
42959,inf
354220,inf
421060,inf
587903,inf
292060,inf
174008,inf
372719,inf
266654,inf
49384,inf
480391,inf
12443,0.0
589023,inf
141258,inf
479648,0.0
391461,0.0
508117,0.0
605217,inf
58174,inf
592766,0.0
173165,inf
353004,0.0
150107,inf
119244,inf
205169,inf
24053,inf
118725,inf
74622,inf
693778,inf
274856,0.0
337705,0.0
122525,inf
57962,0.0
114579,inf
278870,inf
407267,inf
384652,inf
654989,inf
336041,inf
45189,inf
499027,0.0
551952,inf
19833,0.0
77746,inf
92661,inf
436899,0.0
685340,inf
228801,inf
351316,inf
624498,inf
338222,inf
573358,inf
80214,inf
423225,inf
400027,inf
511315,inf
98194,inf
334696,inf
351905,inf
100357,0.0
674543,inf
438718,inf
576396,0.0
362693,inf
484719,inf
222863,inf
273179,0.0
159101,0.0
565302,inf
5497,inf
645187,inf
103500,inf
346684,inf
503316,inf
655971,inf
462507,inf
649974,0.0
429316,0.0
631282,inf
317514,inf
587778,inf
516357,inf
709107,inf
672216,inf
54848,0.0
421336,inf
313439,0.0
173056,inf
35519,inf
252707,inf
425617,inf
709341,0.0
286732,inf
340788,inf
671561,inf
394206,inf
378746,inf
676628,0.0
548867,inf
667532,inf
209313,0.0
57637,inf
163129,inf
348017,0.0
461182,inf
6973,0.0
165208,inf
147474,inf
510457,inf
210256,inf
420614,inf
405935,inf
348455,0.0
430586,0.0
706395,inf
607703,0.0
246515,inf
535778,0.0
576007,inf
182833,inf
259620,inf
602575,inf
100561,inf
347584,inf
400579,0.0
403911,inf
366315,inf
535451,0.0
532401,inf
310938,inf
65329,inf
362449,0.0
618786,0.0
670838,0.0
238583,inf
264421,inf
14886,inf
520001,inf
486393,inf
166400,inf
655805,inf
627545,0.0
667993,inf
420762,inf
211091,inf
484818,inf
606389,inf
332634,inf
458647,inf
709183,0.0
184022,inf
217847,0.0
564269,inf
640884,inf
49952,inf
386921,0.0
65479,inf
558669,inf
331847,inf
419172,inf
54091,inf
209872,0.0
480245,inf
154032,0.0
398555,inf
396472,inf
640826,inf
410602,inf
185260,inf
401632,0.0
286426,inf
322672,inf
159881,inf
510341,inf
694598,inf
666402,inf
697290,0.0
675437,inf
551647,0.0
636103,inf
500743,inf
274846,inf
359649,0.0
574917,inf
64461,inf
91770,inf
662316,inf
618039,inf
202209,inf
400916,inf
69872,inf
274613,inf
98189,inf
159585,inf
599692,inf
281331,0.0
587341,0.0
306828,0.0
347298,inf
53477,inf
656158,0.0
229902,0.0
622196,inf
476121,inf
526438,inf
159041,inf
601548,inf
29917,0.0
592894,0.0
34861,0.0
159905,0.0
237347,inf
323602,inf
131536,inf
267360,inf
701746,inf
682556,inf
271199,inf
586735,inf
466865,inf
65200,inf
457646,0.0
599661,inf
673818,inf
79199,inf
416092,inf
320147,0.0
598367,inf
510598,inf
374350,inf
543690,inf
26584,inf
111523,inf
195487,inf
214814,inf
183891,inf
488070,inf
691957,inf
112777,inf
535438,inf
233810,0.0
638426,inf
103195,inf
332575,inf
61001,inf
229974,inf
621458,inf
388943,inf
355744,inf
335742,inf
184194,0.0
617559,0.0
13117,inf
153196,inf
303223,inf
658095,inf
312566,inf
302198,inf
636184,0.0
468294,inf
272519,inf
186420,inf
369934,inf
419574,inf
44540,inf
413968,inf
516234,0.0
676387,0.0
244269,inf
595750,inf
136517,inf
412400,inf
640601,0.0
290545,inf
139874,0.0
588460,0.0
224806,0.0
621612,inf
229085,inf
147567,inf
222059,inf
185803,inf
453166,inf
132170,0.0
679859,0.0
623508,inf
600410,inf
327512,0.0
65276,inf
518416,inf
129383,inf
496629,inf
694553,inf
110889,inf
546947,0.0
663751,inf
176108,inf
418832,inf
312262,inf
359194,inf
311134,inf
365260,inf
3989,inf
84999,inf
291020,inf
78638,0.0
188063,inf
388583,inf
183074,inf
81757,inf
469466,inf
262584,inf
454405,inf
614416,inf
549197,inf
6331,0.0
368891,inf
167360,inf
615848,0.0
274855,inf
702141,inf
466491,inf
95290,inf
375840,0.0
532141,inf
56966,0.0
107042,inf
302571,0.0
424582,inf
132764,inf
38298,inf
540651,inf
562161,inf
387314,inf
374550,inf
181179,inf
144279,inf
701579,inf
419223,0.0
475270,0.0
199899,inf
428065,inf
696167,inf
134059,inf
194671,inf
220891,inf
14368,0.0
316599,0.0
456643,inf
579492,inf
193291,0.0
28641,inf
542661,inf
675678,inf
289134,inf
71931,inf
59244,inf
654046,0.0
354044,0.0
214987,inf
600131,0.0
338073,inf
691963,inf
625209,inf
362536,inf
415770,0.0
189300,inf
353401,inf
537569,inf
455606,0.0
2997,inf
175667,inf
294187,inf
518226,inf
183139,inf
377727,inf
664364,inf
390853,inf
261586,inf
80887,inf
123119,inf
510950,inf
659633,inf
388946,inf
518129,inf
626112,inf
138462,inf
691012,inf
111362,inf
210317,inf
668735,inf
20058,inf
311776,inf
194191,inf
376979,inf
293981,inf
541330,inf
517323,inf
544608,0.0
698702,0.0
19407,inf
232411,inf
136203,inf
481706,inf
381565,inf
132750,inf
634039,inf
487393,inf
666433,inf
553910,inf
629847,0.0
379838,inf
120701,inf
420999,inf
654296,inf
77622,0.0
86912,inf
245335,inf
622233,inf
291508,inf
396050,inf
126873,inf
602377,inf
145682,0.0
51801,inf
439398,inf
423891,0.0
492454,inf
511085,inf
292709,inf
185765,inf
82971,0.0
702183,inf
173288,inf
468942,inf
70893,inf
167838,inf
672097,inf
94018,0.0
394953,inf
287128,inf
684748,0.0
584566,inf
710942,0.0
149046,inf
112053,inf
99335,inf
209039,inf
407982,inf
614022,inf
339088,inf
229918,inf
614560,inf
557506,inf
628503,inf
36220,inf
711285,inf
438996,inf
649202,inf
590641,inf
178720,inf
415489,inf
60602,inf
682673,inf
465328,inf
467980,inf
407919,inf
83592,inf
400036,0.0
499418,0.0
126898,inf
62206,0.0
235802,inf
5210,inf
656067,inf
632576,inf
135624,inf
434474,inf
200300,inf
178652,inf
79955,0.0
388466,inf
607956,inf
384854,0.0
150099,inf
134616,inf
311280,inf
622381,inf
286250,inf
372011,inf
496164,inf
191754,inf
140113,inf
38180,inf
504039,inf
89259,inf
83445,inf
6287,inf
301864,0.0
576908,inf
152970,inf
185258,inf
414464,inf
502345,inf
612815,inf
522332,inf
706550,inf
536883,inf
162125,inf
209823,inf
628867,inf
677660,0.0
334980,inf
265526,inf
258247,inf
152556,0.0
206297,inf
149855,inf
226631,0.0
116083,inf
334156,inf
182264,0.0
679780,inf
235867,inf
564707,inf
628422,inf
93991,inf
224239,inf
474081,0.0
394255,inf
145008,0.0
367254,inf
274074,inf
601580,inf
592505,inf
36177,inf
198712,0.0
645183,inf
644395,inf
22443,inf
282620,inf
244086,inf
401285,inf
207194,inf
64190,inf
176220,inf
689343,inf
490080,inf
103270,inf
506004,inf
102626,inf
578017,inf
361087,inf
596404,0.0
145447,0.0
418558,inf
517721,inf
111779,inf
148628,inf
578964,inf
511634,inf
536950,inf
345179,inf
13713,inf
642062,inf
342415,inf
477164,inf
142992,inf
154148,0.0
84683,0.0
205272,inf
315657,0.0
527189,inf
61481,inf
394237,inf
179473,inf
684968,inf
515198,inf
104163,0.0
493457,inf
119306,inf
609308,inf
81434,inf
541009,inf
114777,inf
678212,inf
363317,0.0
607157,inf
353851,inf
287078,inf
173344,inf
440200,inf
691761,0.0
140394,inf
591912,0.0
317186,inf
273014,inf
708517,inf
22026,inf
301929,inf
175927,inf
322860,inf
625885,0.0
274599,inf
215180,inf
676060,inf
31000,inf
433677,inf
440117,inf
456044,inf
562209,inf
330272,inf
40156,inf
292135,inf
200149,inf
280863,inf
56836,inf
89184,0.0
182608,inf
331471,inf
478032,inf
555714,inf
391689,0.0
81034,inf
185476,inf
363540,inf
90864,0.0
156507,inf
8838,inf
669255,inf
678571,inf
78531,inf
6890,inf
656856,inf
20678,0.0
137415,inf
363025,inf
537677,0.0
57503,0.0
434214,inf
414624,inf
189305,inf
156049,inf
106926,inf
164212,inf
679532,0.0
317214,0.0
597411,inf
275647,inf
432105,inf
536592,0.0
661445,inf
361430,0.0
528935,0.0
398620,inf
214497,inf
614146,inf
128332,inf
659617,0.0
350146,inf
40312,inf
276845,inf
24860,0.0
618532,inf
587369,inf
274252,0.0
423045,inf
573061,0.0
288865,0.0
324130,inf
77269,inf
228271,inf
553872,inf
258295,inf
300442,inf
418205,inf
561299,inf
273713,0.0
524895,inf
178064,0.0
256231,inf
131501,inf
400805,0.0
338119,inf
80496,inf
543051,inf
457447,inf
575521,inf
674592,inf
530301,0.0
585819,0.0
684275,inf
697344,inf
1968,inf
320658,0.0
94758,0.0
444641,inf
558405,inf
603341,inf
82356,inf
559745,inf
188702,inf
464687,inf
458642,inf
222631,inf
247452,inf
467514,0.0
103681,inf
57704,inf
258966,inf
419481,0.0
410035,inf
615901,inf
621606,inf
172852,inf
145338,inf
40727,0.0
567333,inf
633431,0.0
48158,0.0
342057,inf
154950,0.0
90446,inf
363471,inf
624068,inf
504605,inf
128165,inf
487807,inf
370923,inf
672325,inf
539843,inf
62004,inf
428965,inf
372326,0.0
672004,inf
383230,inf
513678,inf
109268,inf
677191,inf
310279,0.0
228083,inf
549444,0.0
382403,inf
228449,inf
201427,inf
548533,0.0
186041,inf
551084,0.0
696165,inf
319625,inf
661533,inf
237975,inf
191935,inf
48045,inf
689776,inf
169899,inf
362987,inf
711528,0.0
155043,inf
582920,0.0
483564,inf
59325,inf
521816,inf
44866,inf
44138,inf
207137,inf
78406,inf
609781,0.0
330570,inf
108203,inf
489156,inf
17165,inf
366565,inf
88845,inf
137062,inf
698463,inf
322254,inf
365500,inf
669847,inf
290885,inf
75156,inf
296785,inf
494089,inf
479121,inf
680244,inf
148650,inf
242193,inf
539347,inf
226111,inf
501094,inf
674371,inf
37767,inf
37632,inf
47925,inf
339093,inf
198706,inf
588628,inf
404047,inf
170491,inf
422714,inf
612883,inf
81607,inf
449425,inf
372513,inf
374061,0.0
232131,inf
74989,inf
201057,inf
222719,inf
468030,inf
13671,inf
369953,inf
191624,inf
34268,inf
107763,inf
178443,inf
174665,inf
85455,inf
161366,inf
152761,inf
188388,inf
19392,inf
509273,inf
605590,inf
272294,inf
226885,inf
671355,inf
111969,inf
178108,inf
349413,inf
672491,inf
667414,inf
596421,inf
282029,inf
291305,inf
569630,inf
43468,inf
66515,inf
693014,inf
586108,inf
575055,inf
342351,inf
204051,inf
193299,inf
387041,inf
481411,inf
412987,inf
392759,inf
387439,inf
167086,inf
17655,inf
349387,inf
34431,0.0
544598,inf
617886,inf
241212,inf
432274,inf
419626,inf
677368,inf
62930,inf
166703,inf
15815,inf
261979,0.0
177083,inf
220844,inf
603774,inf
646499,inf
102722,inf
335978,inf
613511,0.0
705955,inf
550553,inf
256159,inf
593453,inf
107007,inf
625610,inf
403176,0.0
284501,0.0
72713,0.0
450722,inf
347110,inf
402957,inf
42785,inf
448467,inf
490659,inf
416003,inf
346018,inf
319317,inf
90500,inf
435930,inf
277079,inf
567012,inf
36464,0.0
22907,inf
96764,inf
9444,0.0
504844,inf
624421,inf
38231,0.0
360703,inf
192148,inf
600733,inf
702861,inf
225497,inf
685161,inf
195101,inf
394890,0.0
148143,0.0
131161,inf
461631,inf
455931,inf
233223,inf
476956,inf
247373,inf
417478,inf
612151,inf
305301,inf
23512,0.0
656804,0.0
211199,inf
12358,inf
709118,inf
377449,inf
89040,inf
303485,0.0
277810,inf
673960,inf
179117,0.0
143551,inf
396976,inf
585757,0.0
135101,inf
250652,inf
312149,inf
183840,0.0
554877,0.0
180827,inf
466171,inf
437633,inf
180116,inf
439061,inf
367871,inf
310566,inf
609311,inf
358163,inf
498425,0.0
506662,inf
233584,inf
243214,0.0
9682,0.0
53981,inf
111572,inf
465873,inf
370674,inf
379702,inf
224506,inf
431577,inf
291997,inf
107832,inf
7936,inf
530472,inf
173805,inf
337631,inf
671147,0.0
392079,inf
267584,inf
619642,inf
430198,inf
680428,0.0
67734,inf
41593,inf
534228,inf
607055,inf
635238,inf
175840,inf
169458,inf
88902,inf
540961,inf
316822,inf
103131,inf
651223,inf
470416,inf
217459,inf
547012,inf
637319,inf
81827,inf
595378,inf
370819,inf
32187,inf
328295,0.0
553847,0.0
305775,inf
351996,inf
252370,inf
123243,0.0
306420,inf
321159,inf
73782,inf
283597,inf
692533,inf
30569,inf
73238,inf
591020,inf
165149,inf
642301,0.0
552768,inf
617481,inf
291008,inf
255639,inf
477379,inf
263702,inf
479248,inf
493269,inf
577587,inf
590236,0.0
18322,inf
424727,inf
86859,inf
193774,inf
206819,inf
52726,inf
220226,0.0
316928,inf
678689,0.0
340520,inf
232853,inf
511657,inf
211422,inf
142077,inf
121005,inf
67195,inf
101681,inf
497430,0.0
645076,inf
286771,inf
692767,inf
552832,inf
369155,inf
407752,0.0
657391,inf
212837,inf
395765,inf
575669,0.0
693984,inf
476904,0.0
485054,inf
107443,inf
180405,0.0
277010,inf
633432,inf
401894,0.0
36702,inf
571765,inf
318664,inf
455146,inf
232051,inf
164174,inf
436740,inf
245885,inf
244276,inf
326937,inf
710814,inf
179539,0.0
623730,inf
693236,inf
550081,0.0
15803,0.0
468357,inf
642744,0.0
347947,inf
227371,inf
524730,inf
710035,inf
417073,inf
129654,inf
364056,inf
684477,inf
232467,0.0
52582,inf
563351,0.0
445109,inf
694794,inf
49067,inf
235713,inf
690801,inf
557798,inf
97151,0.0
68007,inf
92057,inf
78841,inf
421023,inf
89873,inf
259042,inf
550941,inf
139334,inf
159639,inf
327199,inf
196404,inf
544152,inf
658233,inf
656550,inf
175299,inf
143354,inf
535273,inf
423299,inf
329495,inf
216816,inf
309945,inf
659608,0.0
428198,inf
549303,inf
430263,0.0
104708,0.0
390283,inf
248373,inf
74496,0.0
92093,inf
140111,inf
79010,inf
22270,inf
198692,0.0
587227,inf
66450,inf
523230,0.0
653253,inf
237203,inf
597704,inf
688662,inf
332139,inf
319122,inf
451665,0.0
192228,inf
178700,inf
277848,inf
420249,inf
643804,0.0
354432,inf
545360,inf
641403,inf
108884,inf
239701,inf
595156,inf
247854,inf
234539,inf
433571,inf
270585,inf
336825,inf
610025,inf
617492,inf
380480,0.0
459117,inf
427740,0.0
67948,inf
317353,0.0
389511,inf
89685,inf
359401,0.0
235258,inf
89829,inf
575510,inf
183101,inf
312528,inf
628124,inf
7007,inf
223033,inf
166888,inf
408065,inf
272432,inf
379073,inf
605648,inf
710798,0.0
35227,inf
634368,inf
658228,inf
130623,inf
5087,inf
535440,inf
300722,inf
309660,inf
625232,inf
143765,inf
214734,inf
119311,0.0
22861,inf
127542,0.0
54963,inf
508077,0.0
702694,inf
91309,inf
322663,inf
633932,inf
469674,0.0
523872,inf
43865,inf
399041,inf
386440,0.0
218808,inf
406575,inf
23860,inf
248565,0.0
14351,inf
546687,inf
540231,0.0
588725,inf
610374,inf
638706,inf
270085,inf
343028,inf
167467,inf
618337,inf
43713,inf
129102,inf
708521,0.0
683879,inf
496385,inf
363753,inf
604414,inf
263856,inf
483895,inf
341825,inf
16008,inf
494784,inf
552862,inf
680421,inf
548224,inf
404277,inf
335065,inf
282423,0.0
3635,inf
493941,inf
232493,inf
704649,inf
182041,inf
367299,inf
312832,inf
263687,inf
317169,inf
600521,0.0
631017,inf
52514,inf
433070,inf
36826,0.0
612720,inf
472886,inf
538235,0.0
453194,0.0
23429,inf
617143,inf
503677,0.0
591955,inf
650835,inf
112604,inf
437818,inf
118504,0.0
413167,inf
137281,inf
403282,0.0
390571,inf
230085,inf
674377,inf
379147,inf
215735,0.0
148692,inf
429079,inf
19054,inf
637854,inf
102621,inf
684095,inf
637225,0.0
527629,inf
6369,inf
536304,inf
388413,inf
592125,0.0
625283,inf
160510,inf
385044,inf
517609,inf
291039,inf
642671,inf
89926,inf
275127,0.0
675979,inf
138729,inf
676693,inf
81692,0.0
347471,inf
82791,inf
299724,inf
465399,0.0
111801,0.0
32384,inf
415829,inf
72610,inf
498260,inf
590870,0.0
399752,inf
562331,inf
193454,inf
510105,inf
411471,inf
520257,inf
611740,0.0
425403,inf
36206,inf
423512,inf
372929,inf
457963,inf
604861,inf
77675,0.0
629078,inf
320033,0.0
392763,inf
417094,inf
482161,inf
180748,inf
569497,inf
302754,inf
104785,inf
556619,inf
567061,inf
73078,inf
51324,inf
21776,0.0
366172,0.0
398440,inf
96410,inf
192678,0.0
520763,inf
668018,inf
367200,inf
164541,inf
65327,inf
357964,inf
99640,inf
295145,inf
626804,0.0
158987,inf
637492,inf
369460,inf
149667,inf
360268,inf
64502,inf
466464,inf
508611,inf
339416,inf
500501,inf
273482,inf
127751,inf
664444,inf
455969,0.0
696612,inf
599035,0.0
572939,inf
485640,inf
351444,inf
605619,inf
41255,0.0
54428,inf
589172,inf
453869,inf
122587,inf
498271,inf
564194,inf
282156,inf
574256,inf
531911,inf
528171,inf
524382,inf
347978,inf
491601,inf
615215,0.0
258012,inf
498775,inf
463042,inf
427276,inf
72968,inf
485524,0.0
548850,inf
123393,inf
488146,0.0
586859,inf
196023,inf
362759,inf
682891,inf
445865,inf
455053,inf
688392,0.0
465290,0.0
601600,inf
269142,inf
186293,inf
340116,inf
435436,0.0
656479,inf
282828,inf
436973,inf
151557,0.0
156359,inf
689755,0.0
624626,0.0
32629,inf
169166,inf
411846,inf
428195,inf
453216,inf
377649,inf
476672,0.0
500155,0.0
416978,0.0
15318,inf
217826,inf
87243,inf
656669,inf
696820,inf
642895,inf
254347,inf
554031,0.0
2887,inf
672120,inf
30557,inf
569131,inf
337600,inf
143332,inf
547499,inf
140624,inf
605230,inf
373835,0.0
570751,0.0
285076,0.0
347164,inf
617869,inf
380962,inf
134517,inf
243570,inf
145507,0.0
53834,inf
526209,inf
166923,inf
630758,inf
565149,inf
456131,inf
112585,inf
202500,inf
549288,inf
276758,inf
566884,inf
166903,inf
553044,inf
531875,inf
150233,inf
507609,0.0
271073,inf
620464,inf
672286,inf
519574,inf
4071,inf
379476,inf
89011,inf
687914,inf
152562,inf
232551,inf
634078,inf
577658,inf
148179,0.0
685864,inf
610760,inf
545534,inf
55684,inf
213198,inf
43100,inf
15100,inf
436388,0.0
448334,inf
253786,inf
311987,0.0
267456,inf
337802,inf
20838,inf
512361,inf
691941,inf
235965,inf
605982,inf
258835,inf
179445,0.0
284057,inf
94985,inf
346645,inf
535045,inf
451198,inf
366831,inf
84636,0.0
3746,inf
141283,inf
234347,inf
699602,inf
411009,inf
68210,inf
475918,0.0
659013,inf
495378,inf
98818,inf
307578,inf
576496,inf
275811,inf
384307,inf
203179,inf
675555,inf
72129,inf
204027,inf
240503,0.0
446927,inf
448554,inf
286686,0.0
2580,inf
115924,inf
547327,inf
502377,inf
36431,inf
301304,inf
156578,0.0
385463,inf
329713,0.0
136586,inf
72487,inf
498498,inf
126380,inf
93062,inf
157807,inf
170676,inf
10899,0.0
686767,0.0
77858,0.0
179305,inf
560994,inf
468306,inf
91045,inf
180945,inf
513457,inf
172296,inf
708053,inf
537641,inf
255312,inf
296845,inf
121827,inf
344410,inf
93539,inf
598452,inf
173131,inf
608534,inf
306766,inf
555028,inf
635270,inf
679525,inf
284633,0.0
600340,inf
266595,inf
198168,0.0
597199,inf
688189,inf
587022,0.0
396054,inf
433153,inf
120249,inf
33529,inf
584502,inf
205421,0.0
479906,0.0
334751,inf
200215,inf
360396,inf
23245,inf
376687,0.0
626877,0.0
517454,inf
28631,inf
260669,inf
614648,inf
12338,inf
474977,inf
374804,inf
215915,inf
701784,inf
673239,inf
473579,inf
214094,0.0
194961,inf
174469,inf
310176,inf
259992,inf
250049,inf
185408,inf
471238,inf
642223,inf
509437,inf
31710,inf
657303,inf
473120,0.0
151139,inf
280243,inf
407208,0.0
329373,inf
113436,inf
693909,inf
686431,inf
695626,0.0
314240,inf
355560,0.0
644250,inf
155345,inf
555923,inf
10513,inf
398533,inf
292537,inf
574654,inf
4994,inf
8590,inf
377,inf
301993,inf
172695,inf
156503,inf
294875,inf
285145,0.0
143203,inf
537351,inf
225477,inf
711397,inf
477717,0.0
279148,inf
301663,inf
84373,inf
551037,inf
123434,inf
198518,inf
198302,inf
474561,inf
557366,0.0
348604,0.0
400420,inf
598025,inf
160535,inf
107591,0.0
523421,inf
141081,inf
426226,inf
652342,inf
338829,inf
270321,0.0
446557,inf
679083,inf
162495,inf
40741,0.0
322846,inf
303614,0.0
525961,0.0
77669,inf
261867,inf
10208,inf
296577,inf
273613,inf
60090,inf
528169,inf
608466,inf
483791,0.0
500137,0.0
541611,0.0
330234,inf
622216,inf
4286,inf
345289,inf
83696,inf
448567,0.0
183229,inf
690936,inf
536153,0.0
419983,inf
84801,0.0
123429,inf
25880,inf
176910,inf
434656,inf
111929,0.0
159833,inf
440694,inf
391950,inf
349076,inf
596035,inf
132191,inf
483805,inf
223991,inf
229959,inf
706374,inf
205137,inf
41182,inf
329265,inf
125037,inf
209974,0.0
2884,inf
481913,inf
387331,inf
226212,inf
100068,0.0
389413,0.0
85507,inf
688344,inf
321784,inf
303438,inf
396532,inf
25797,inf
527525,inf
1394,inf
39659,inf
432904,inf
637145,inf
284492,0.0
40330,inf
537684,inf
383155,inf
198397,inf
305600,inf
250462,0.0
228981,0.0
224266,inf
161492,inf
56693,inf
529776,inf
667240,inf
187696,inf
458609,inf
78677,inf
559966,inf
585065,inf
105086,inf
360315,inf
271567,0.0
91941,inf
673853,0.0
357558,inf
48105,inf
668222,inf
294338,inf
509802,inf
446365,0.0
657494,inf
264491,0.0
698746,0.0
438363,inf
328540,0.0
565232,inf
440398,inf
580369,inf
462483,inf
602203,inf
488887,0.0
58990,inf
705826,inf
29337,inf
260208,inf
50144,inf
563328,inf
595642,inf
668912,0.0
69501,0.0
123873,0.0
17988,inf
475875,inf
518050,inf
35813,inf
352789,inf
291273,inf
263641,inf
480790,inf
294949,inf
397345,inf
73371,inf
539445,inf
84246,inf
647803,inf
90929,inf
474385,inf
504588,inf
448306,inf
146987,inf
636435,inf
516368,inf
599267,inf
307967,inf
577663,inf
147134,0.0
85124,inf
41177,0.0
635388,inf
305206,0.0
661544,inf
505182,inf
191493,inf
580597,inf
148494,inf
26984,inf
119967,0.0
60726,inf
561523,0.0
288787,0.0
567102,inf
654724,inf
139503,inf
711786,inf
468183,inf
544514,inf
154065,0.0
178212,0.0
500228,inf
614688,inf
159746,inf
419589,inf
433467,inf
325348,inf
367665,inf
405693,0.0
318271,inf
392877,inf
92591,inf
301653,inf
556502,inf
514920,inf
33417,0.0
475245,inf
194852,inf
300599,inf
96018,inf
297094,inf
577129,inf
40171,inf
146452,inf
447392,inf
259011,inf
391022,inf
682566,inf
692773,inf
147861,inf
444492,inf
511369,inf
224247,inf
165592,inf
165315,inf
706375,inf
116815,inf
148905,inf
104520,inf
180206,inf
67815,inf
207328,inf
427554,inf
592167,inf
137964,inf
453358,inf
602197,inf
706088,inf
252248,inf
11641,inf
371944,inf
611881,inf
291031,inf
235761,inf
409114,inf
384963,inf
77060,inf
126123,inf
526010,inf
239467,inf
564526,inf
601346,inf
371444,inf
185654,inf
22715,inf
105982,inf
468620,inf
15013,inf
78381,inf
40415,inf
215651,0.0
502930,inf
593699,inf
352740,inf
639079,inf
246227,inf
409393,inf
307626,inf
135658,inf
234610,inf
664850,inf
169115,inf
508897,inf
112316,inf
383602,inf
545596,inf
314662,inf
531099,inf
514537,inf
528691,0.0
213009,inf
302450,inf
325632,0.0
632044,0.0
48008,0.0
24000,inf
665768,inf
224088,inf
70069,inf
567526,inf
578158,inf
127439,inf
250968,inf
125607,inf
107126,0.0
419848,inf
46857,0.0
166659,inf
437666,0.0
624811,inf
531708,inf
573830,inf
564913,inf
406826,inf
626991,inf
547186,inf
257784,inf
22725,inf
682859,inf
116330,inf
383688,inf
601208,inf
337726,inf
588506,inf
608826,inf
301776,0.0
706217,inf
174746,inf
458510,inf
316275,0.0
55137,inf
194860,inf
641930,inf
660358,0.0
228561,inf
595959,inf
62422,inf
29660,inf
334422,inf
253666,0.0
681595,inf
553505,0.0
603006,inf
491298,0.0
474347,inf
529029,inf
479514,inf
326051,inf
542609,inf
194975,inf
56653,inf
11949,inf
480393,inf
663440,inf
18408,inf
563630,inf
385151,inf
653381,inf
660890,inf
400378,inf
245512,inf
36774,inf
502671,inf
464726,inf
326350,inf
506541,inf
418906,inf
696763,inf
648236,inf
29818,inf
570393,inf
460007,inf
379651,inf
158648,inf
431240,inf
327994,inf
450601,inf
630262,inf
439005,0.0
261186,inf
499146,inf
418561,inf
87159,0.0
527507,0.0
629753,inf
322281,inf
625263,0.0
212075,inf
72029,inf
443437,inf
303113,0.0
418732,inf
155869,inf
282849,inf
101817,inf
236519,inf
34411,inf
277949,inf
100359,inf
198204,0.0
296179,inf
471137,inf
299138,inf
496637,inf
665740,inf
446081,inf
89115,0.0
61548,inf
234989,inf
486639,inf
527926,inf
573051,inf
520183,inf
67654,inf
328929,inf
689554,inf
142190,0.0
113177,inf
118651,inf
142352,0.0
166390,inf
292887,inf
264557,inf
635832,inf
605432,inf
215177,inf
314463,inf
302914,inf
217722,inf
249339,inf
88243,0.0
54449,inf
443588,0.0
207138,inf
468331,inf
160755,inf
253568,0.0
73836,inf
74702,inf
312708,inf
177694,0.0
520244,inf
352020,inf
294427,inf
646647,inf
335397,inf
224863,inf
650072,inf
591098,inf
309548,inf
313632,inf
394748,inf
90140,inf
681632,0.0
206260,0.0
316208,0.0
455116,inf
482740,inf
554605,inf
305367,inf
92092,inf
666140,inf
41687,inf
100419,inf
431010,inf
123936,inf
118413,inf
117970,inf
180632,inf
27351,inf
102452,0.0
234288,inf
321844,inf
261239,0.0
3030,inf
220877,0.0
150659,inf
66536,inf
337134,inf
584207,inf
295756,inf
42756,0.0
293826,inf
104857,inf
645244,inf
246825,inf
450323,inf
585450,inf
399467,inf
364223,0.0
193917,inf
119668,inf
206994,inf
373572,inf
562278,inf
177100,inf
569386,0.0
471624,inf
421647,0.0
142071,inf
231382,inf
3456,inf
378513,inf
317789,0.0
416291,inf
304667,0.0
563876,inf
565275,inf
171830,inf
17567,inf
558254,0.0
395046,inf
674082,inf
39970,inf
361497,inf
342644,inf
432298,inf
101784,inf
571193,inf
207284,inf
367845,inf
504825,0.0
316282,inf
574000,inf
572149,inf
434698,inf
137471,inf
449740,inf
324565,inf
60288,inf
180955,inf
293751,inf
240568,inf
604389,inf
218536,inf
248659,inf
30138,inf
183277,inf
496201,inf
205242,0.0
523539,inf
605017,inf
572860,inf
704468,inf
242431,inf
190004,inf
410353,inf
79284,inf
664289,inf
87075,0.0
499737,0.0
689476,inf
678758,0.0
6707,inf
58708,inf
677702,inf
35748,inf
215968,inf
280226,inf
454788,0.0
347245,inf
372982,inf
436566,0.0
538204,inf
457999,inf
270615,inf
603915,inf
25065,inf
572898,inf
241454,0.0
568150,0.0
104784,inf
554959,inf
266246,0.0
681250,inf
387533,inf
393495,inf
117578,inf
24030,0.0
174479,inf
392283,inf
679848,inf
291772,inf
219152,inf
181291,inf
317788,inf
522409,inf
59261,inf
648631,inf
386782,inf
555344,inf
221322,inf
650024,inf
490581,0.0
574801,inf
366662,inf
366569,inf
130325,inf
398022,inf
702734,inf
153266,inf
28890,inf
111316,inf
556078,inf
449150,inf
402780,0.0
455483,inf
669839,inf
621643,inf
512463,inf
367575,inf
149479,inf
339540,inf
119429,0.0
165300,inf
508840,inf
679427,inf
401023,inf
494548,inf
501934,0.0
448537,inf
539023,inf
177357,inf
703942,inf
119161,inf
248042,inf
367777,0.0
200833,inf
278382,inf
440605,inf
216690,inf
361004,inf
168935,inf
174694,inf
309895,inf
282372,inf
88870,inf
371022,inf
26327,inf
304478,inf
535014,0.0
539659,inf
561174,inf
121833,inf
570564,inf
366588,inf
120147,0.0
624217,inf
80444,0.0
560636,inf
461786,inf
467473,inf
220441,inf
83913,0.0
477684,inf
641854,inf
102761,inf
576039,inf
120468,inf
174413,inf
96700,inf
425864,inf
99456,0.0
286023,inf
85904,inf
293935,inf
223794,inf
685907,0.0
625730,inf
311484,inf
213294,0.0
496003,0.0
413052,inf
49407,0.0
334979,inf
127345,inf
536566,inf
2830,inf
429743,inf
40326,inf
410360,inf
269313,inf
223818,0.0
680887,inf
579669,inf
459304,0.0
78535,inf
352619,0.0
192856,inf
341768,inf
254470,inf
408468,inf
272342,inf
258320,inf
158773,inf
485169,inf
291129,inf
686554,inf
370902,inf
47342,inf
250173,inf
601820,inf
586314,inf
96876,inf
203421,inf
376934,0.0
116887,0.0
618917,inf
309555,inf
342226,inf
610626,inf
233800,inf
709090,0.0
411063,inf
185351,inf
214857,0.0
614479,inf
694687,inf
373958,inf
662527,inf
309810,inf
431397,inf
151249,inf
383139,inf
348736,0.0
573202,inf
599926,inf
531085,inf
422767,0.0
33802,inf
307211,inf
451439,inf
323563,inf
290854,inf
233851,0.0
594504,inf
653125,inf
40891,inf
647721,inf
145037,0.0
692259,inf
124343,inf
492647,0.0
320527,inf
72002,0.0
103279,inf
213870,0.0
664386,inf
37764,inf
426540,inf
534493,inf
185262,inf
408010,inf
111925,inf
482977,0.0
97237,inf
708844,inf
685310,inf
488848,inf
375513,inf
329616,inf
36626,inf
321730,inf
626891,0.0
689819,inf
526833,0.0
204876,inf
706218,inf
687822,inf
646761,inf
530430,inf
113023,inf
645738,inf
123609,inf
163144,inf
541550,inf
573037,inf
189385,0.0
17856,inf
379293,0.0
502614,inf
517409,inf
610920,inf
534157,inf
570249,inf
674594,inf
623016,inf
275100,inf
256435,inf
465529,inf
118438,0.0
118219,inf
444723,inf
413597,inf
365204,inf
672932,inf
337869,inf
615293,inf
457896,inf
273188,inf
611541,inf
99726,inf
651430,0.0
626715,inf
290275,0.0
120977,inf
164115,inf
657487,0.0
380663,inf
314304,inf
363513,0.0
54092,inf
497122,inf
112164,inf
322610,inf
277423,inf
27579,inf
690292,inf
485564,inf
566044,inf
206766,inf
531659,inf
515576,inf
625784,inf
512269,inf
509540,inf
494413,inf
677151,inf
31674,inf
172493,inf
205095,inf
135307,inf
619334,0.0
383686,inf
336703,inf
495893,inf
160685,inf
649449,inf
535483,inf
188953,inf
653209,inf
552796,inf
576248,inf
373856,inf
277861,inf
673152,inf
627647,inf
328209,inf
543471,0.0
235801,inf
77845,inf
379762,inf
281693,inf
663178,inf
642918,inf
614640,inf
142315,inf
509478,0.0
92864,inf
270410,inf
230377,inf
225121,inf
673670,inf
562624,inf
507412,inf
512067,inf
678238,inf
27569,inf
351938,0.0
8181,inf
200516,inf
657385,inf
192394,inf
219736,inf
627592,inf
669806,inf
585890,inf
366719,inf
335647,0.0
183799,inf
118236,inf
681215,0.0
482457,inf
488392,0.0
697184,inf
592657,inf
526751,inf
77321,inf
627169,inf
380551,0.0
137113,inf
107949,inf
523646,0.0
195831,inf
38759,inf
254740,inf
581801,inf
609288,inf
500575,0.0
53088,0.0
512483,inf
6720,inf
380238,inf
588261,inf
515033,0.0
628343,inf
483365,inf
236222,inf
580110,inf
213720,0.0
398607,inf
394740,inf
481640,inf
156920,inf
638083,0.0
258152,inf
212169,inf
325671,inf
214879,0.0
280230,0.0
444243,inf
343513,inf
126885,inf
663999,0.0
279445,inf
167918,inf
638615,inf
216952,inf
101474,inf
246281,inf
506766,inf
177163,inf
59225,inf
452880,inf
403647,inf
138257,inf
308379,inf
643149,inf
376580,inf
455369,inf
478242,inf
460674,inf
468416,inf
416679,inf
32635,inf
279271,0.0
637345,inf
201926,inf
463804,inf
376843,inf
218500,0.0
676863,0.0
391710,inf
16055,inf
91940,inf
543400,inf
699854,inf
524220,inf
302742,inf
39943,0.0
375836,inf
428554,inf
53805,inf
706389,inf
388448,inf
184076,inf
338344,inf
118186,inf
399820,inf
29256,inf
440941,inf
257892,inf
25883,0.0
114661,inf
605929,0.0
312690,inf
627634,inf
301576,inf
592860,0.0
343030,inf
417159,inf
339497,inf
539355,inf
129653,inf
248345,inf
219174,inf
241440,inf
665731,inf
509921,inf
164395,inf
30971,inf
41960,inf
392699,0.0
318844,inf
555370,inf
243448,inf
491358,0.0
411179,inf
61433,0.0
645530,0.0
567719,inf
258002,inf
571124,inf
641239,0.0
32319,0.0
306875,inf
649325,inf
597545,inf
320366,inf
544115,inf
117736,inf
209726,inf
436410,inf
540977,inf
14999,0.0
9802,inf
83170,inf
574722,inf
619470,inf
193619,inf
208324,inf
52510,inf
706667,inf
500472,0.0
392983,inf
462195,inf
246746,0.0
624611,inf
372435,0.0
265552,0.0
128305,inf
91772,0.0
344811,inf
457455,inf
640899,inf
709735,inf
664038,0.0
3283,0.0
1523,inf
155647,0.0
75301,inf
641475,inf
44261,inf
520707,inf
541836,0.0
38410,inf
277525,inf
37326,inf
67177,inf
651675,inf
481571,inf
201316,inf
428665,inf
594702,inf
129852,inf
74321,inf
380321,inf
489719,inf
160795,inf
447932,0.0
548075,0.0
697903,inf
508590,inf
196691,0.0
558430,inf
202990,0.0
300905,inf
371610,inf
685207,inf
64431,inf
469102,inf
74064,0.0
330585,inf
335903,inf
492642,inf
652797,inf
5431,inf
453992,inf
394420,inf
105150,inf
272917,inf
650523,inf
637134,inf
335786,inf
697935,inf
559590,inf
531534,inf
501426,inf
45391,inf
483476,inf
358348,inf
92856,inf
180547,inf
518079,inf
503692,inf
18264,inf
259837,inf
30555,inf
368410,inf
69919,inf
706396,inf
663585,inf
337138,inf
426533,inf
242104,inf
513985,inf
44934,inf
481819,inf
283174,inf
383597,inf
247692,inf
228006,0.0
296683,inf
476152,inf
518332,0.0
410117,inf
44046,inf
185361,0.0
567824,0.0
515173,inf
261053,inf
711578,inf
349649,inf
363589,inf
98185,inf
560033,inf
560293,0.0
490586,inf
99145,inf
109647,inf
473527,0.0
216586,inf
321826,0.0
664374,inf
223490,inf
503095,inf
312306,inf
698705,inf
409503,inf
285302,inf
144839,inf
608892,inf
414353,inf
312556,inf
393341,inf
97347,inf
617900,inf
594009,inf
162578,inf
633194,inf
471994,0.0
242282,inf
698204,inf
613665,inf
508096,inf
2228,inf
528833,0.0
491162,inf
220966,inf
559051,inf
41172,inf
171766,inf
35743,inf
124977,inf
557167,0.0
595809,inf
212281,inf
573095,inf
577336,inf
507770,0.0
244268,0.0
258370,0.0
189035,inf
629780,0.0
450511,inf
196842,inf
392631,inf
289713,inf
175914,inf
286793,inf
186315,inf
250744,inf
221161,0.0
141478,inf
66073,inf
552195,inf
349345,inf
704969,inf
531535,inf
224526,inf
579345,inf
480920,inf
491981,inf
279570,inf
606866,inf
184677,inf
156357,inf
586193,inf
23254,inf
175647,inf
119853,inf
172118,inf
69563,inf
504400,inf
336925,inf
629638,inf
125879,inf
202150,inf
380532,inf
10402,0.0
198949,inf
180877,inf
184034,inf
166107,0.0
314953,inf
537481,inf
692878,inf
28685,inf
95578,inf
349575,inf
311066,inf
465538,0.0
297759,inf
559275,0.0
27168,inf
260832,inf
507747,inf
119755,inf
169386,inf
468737,inf
7334,inf
628943,inf
453389,0.0
523847,inf
397427,0.0
252440,inf
400104,inf
183018,inf
159758,inf
622263,0.0
464202,0.0
415305,inf
143920,inf
390225,inf
36404,inf
559115,inf
97163,inf
251719,inf
77738,inf
129017,inf
607568,inf
410572,inf
41134,inf
317652,inf
607155,inf
351907,inf
46284,inf
535231,inf
476234,inf
49560,inf
443348,0.0
107404,inf
690071,inf
239220,0.0
340855,inf
128612,inf
249772,inf
122067,inf
575880,inf
352852,inf
37299,inf
447449,inf
41895,inf
227950,inf
230290,inf
12210,inf
581346,inf
617947,0.0
527421,inf
59267,inf
147157,inf
625126,inf
589068,inf
1470,inf
524415,inf
471159,inf
489106,inf
127407,inf
647117,inf
476175,0.0
170702,0.0
621425,inf
615172,inf
116472,inf
107658,inf
364234,inf
356211,inf
29049,inf
514864,0.0
372790,0.0
610699,0.0
129455,inf
88073,0.0
435008,inf
77899,inf
22816,inf
563937,inf
375168,inf
406070,inf
503658,inf
190528,inf
445810,inf
636128,0.0
492641,inf
462192,inf
565225,inf
129906,inf
184098,0.0
221199,inf
259888,inf
624849,inf
564003,inf
436646,inf
491475,inf
403049,0.0
503338,inf
342259,inf
541442,inf
478945,inf
271235,inf
425880,inf
420747,inf
631828,inf
454535,inf
194489,0.0
155430,inf
153290,0.0
135965,inf
377510,inf
232539,inf
264332,inf
708203,inf
473033,inf
234611,inf
342828,0.0
581279,inf
1261,0.0
127188,inf
37294,inf
640825,inf
445299,inf
319033,inf
86123,0.0
161529,inf
126661,inf
622105,inf
269939,inf
399997,inf
252508,inf
243903,inf
404044,inf
10988,inf
113362,inf
504311,0.0
357894,inf
78338,inf
498232,0.0
480194,inf
318015,0.0
312979,inf
685385,inf
248322,inf
296213,inf
358342,inf
707933,0.0
123748,inf
167375,inf
219425,inf
652589,inf
535607,inf
496700,0.0
638135,inf
667707,inf
170409,inf
659390,0.0
701180,inf
346405,inf
388678,inf
47970,inf
389206,0.0
574068,inf
675755,inf
437658,inf
265394,inf
415947,inf
31305,inf
387354,0.0
138167,inf
447896,0.0
293167,inf
570553,inf
476194,inf
90453,inf
439651,inf
389795,inf
582924,inf
685151,inf
313216,inf
224697,inf
144287,inf
528546,0.0
521371,inf
378916,inf
460527,inf
406531,0.0
616144,inf
9341,inf
259012,inf
67800,inf
440118,inf
328443,inf
368991,inf
611815,0.0
702589,inf
371217,0.0
468514,inf
590594,inf
362564,inf
690219,inf
626864,inf
510515,inf
427124,inf
247411,inf
546610,inf
76415,inf
493369,inf
673445,inf
552596,inf
77739,inf
201919,inf
642074,inf
342971,inf
303643,inf
709930,inf
557584,0.0
684220,inf
547775,inf
109368,inf
595,inf
109500,inf
542680,inf
577770,0.0
105434,0.0
247520,0.0
123927,inf
519201,inf
315256,inf
480703,inf
279778,inf
257890,inf
252715,inf
697217,inf
659209,0.0
674706,inf
404154,inf
533958,inf
437927,0.0
98962,inf
221973,inf
561702,inf
747,inf
514140,inf
239822,inf
571061,inf
207296,inf
270091,inf
640498,inf
130979,inf
353491,0.0
655533,inf
653322,inf
688727,0.0
668779,0.0
139763,inf
30273,inf
652870,inf
527122,inf
389878,inf
243151,inf
500203,inf
231794,inf
248986,inf
187511,inf
646538,inf
558680,inf
117374,inf
87785,inf
451525,inf
602640,inf
363516,inf
431605,inf
455696,inf
467249,inf
41367,inf
670654,inf
402403,inf
30810,inf
624855,inf
13458,inf
477117,inf
459898,inf
177165,inf
352602,inf
677928,inf
60810,0.0
673844,inf
168534,inf
497098,inf
506330,inf
225908,inf
282234,inf
386018,inf
406458,0.0
428118,0.0
502093,inf
373397,inf
465782,inf
618617,0.0
308106,inf
31168,inf
40661,inf
436044,0.0
291004,inf
524355,inf
80477,inf
570011,inf
29105,inf
443299,inf
667178,0.0
396622,inf
608127,inf
599531,0.0
673647,inf
356390,inf
486139,inf
556471,inf
473697,inf
316648,0.0
303275,inf
580295,inf
679434,inf
533877,0.0
220435,inf
365337,inf
98922,0.0
507088,inf
32708,inf
609581,inf
325538,inf
440927,inf
410885,inf
202778,inf
448073,inf
652169,inf
39159,inf
158347,0.0
699484,inf
606750,inf
274864,inf
48268,inf
390493,inf
355903,inf
465748,inf
488955,inf
599207,0.0
49612,inf
709834,inf
602162,inf
172878,inf
448329,0.0
417782,inf
587588,inf
25651,inf
19824,inf
594183,inf
609814,inf
565327,inf
569394,0.0
517332,inf
84640,inf
243200,inf
313667,inf
414451,inf
674753,inf
370154,inf
232953,inf
545557,inf
646629,inf
351078,inf
262687,inf
557657,inf
228879,inf
377923,inf
250511,inf
234386,inf
458661,inf
603054,0.0
447693,inf
347076,inf
596257,inf
219376,inf
372720,inf
210835,inf
218860,inf
683085,inf
367862,inf
65842,0.0
258659,inf
78317,0.0
74710,inf
696362,inf
61456,inf
146009,inf
387385,inf
151633,inf
689135,inf
338954,0.0
442589,inf
220327,inf
434183,0.0
655081,inf
186486,0.0
454235,inf
304256,inf
291296,inf
121429,inf
493201,0.0
21950,inf
543462,0.0
167978,inf
436506,inf
339069,inf
587400,inf
663924,inf
234927,inf
225540,0.0
311784,inf
168897,inf
257239,inf
445948,inf
533738,inf
554373,0.0
401517,inf
627177,inf
617756,0.0
678631,0.0
710516,inf
669400,inf
635655,inf
151630,inf
643327,inf
544323,inf
402854,inf
146302,inf
204341,0.0
574288,inf
470242,inf
623338,inf
648578,inf
80285,inf
685269,inf
375563,inf
608095,0.0
137865,inf
252005,inf
575171,inf
5921,inf
11774,inf
168698,0.0
171151,inf
402728,inf
507245,inf
531012,0.0
179261,inf
83932,inf
177482,0.0
463002,inf
648689,inf
413805,inf
583044,inf
688210,inf
561876,inf
107134,inf
617238,inf
550100,inf
482204,inf
614584,inf
402223,inf
596901,inf
295586,inf
649556,inf
5826,inf
434886,inf
56490,inf
372551,inf
419247,inf
63019,inf
457827,inf
269264,inf
275724,inf
70164,0.0
112575,inf
542541,inf
57022,inf
26643,0.0
624377,inf
636326,inf
121753,inf
564447,0.0
267722,inf
516955,inf
495652,inf
690523,inf
415510,inf
402667,inf
307218,inf
467669,0.0
16297,inf
25524,inf
377460,inf
270553,0.0
139415,inf
655763,inf
85112,inf
356244,inf
132698,0.0
425994,inf
323137,inf
605421,inf
370578,inf
587105,inf
620809,inf
587910,inf
341240,inf
58790,inf
611008,0.0
667210,inf
266627,inf
122934,inf
33281,inf
327083,inf
298707,inf
53063,inf
447238,0.0
386837,inf
580697,inf
60556,inf
38684,inf
335976,inf
7342,inf
291502,inf
680738,0.0
327669,inf
563850,inf
479732,inf
374328,inf
660018,inf
706439,inf
125633,0.0
571758,inf
270451,inf
669305,inf
585527,inf
626052,inf
596286,0.0
210236,inf
617241,inf
559844,inf
593966,inf
356474,inf
557846,inf
592939,inf
110126,inf
473223,inf
646984,0.0
58542,inf
131524,inf
448746,inf
90507,inf
353310,inf
579186,inf
652579,inf
575265,inf
169671,inf
692438,0.0
521318,inf
163976,inf
675511,inf
492266,inf
283537,inf
85072,inf
628552,inf
219278,inf
423665,inf
538972,0.0
626919,inf
690452,inf
239986,inf
605273,inf
275309,inf
228651,0.0
148474,inf
400982,0.0
289990,inf
497651,inf
30648,0.0
629790,inf
273304,0.0
494674,inf
651671,0.0
650669,inf
146155,inf
661943,inf
10568,inf
258291,inf
138461,inf
185318,inf
269288,inf
353947,inf
643986,inf
48016,inf
647964,inf
113153,inf
196327,inf
581633,inf
162154,inf
262130,inf
411048,inf
500236,inf
233774,inf
686941,inf
400226,0.0
74944,inf
11501,inf
586170,inf
304771,inf
567014,inf
689918,inf
596594,inf
612621,inf
684084,inf
477729,inf
350474,inf
638972,inf
180549,inf
709638,inf
151191,inf
166820,inf
382503,inf
524130,0.0
425934,inf
465984,inf
519858,inf
236462,0.0
652751,inf
530995,inf
654785,inf
689482,inf
619242,inf
405329,inf
367023,inf
268643,inf
81513,inf
415871,inf
444018,inf
357732,inf
199613,inf
145512,inf
101630,inf
350624,inf
636010,inf
253907,0.0
651361,inf
145968,inf
369286,inf
489167,inf
53383,inf
685748,0.0
307867,inf
710177,inf
156723,inf
321154,0.0
591260,0.0
447588,inf
178601,inf
150533,inf
499139,inf
38468,inf
289867,0.0
499435,inf
413117,inf
594528,inf
676878,inf
270695,0.0
423254,inf
20195,inf
55639,inf
131201,inf
416158,inf
246333,inf
588945,0.0
170202,0.0
435216,inf
489818,inf
504545,inf
253438,0.0
26280,inf
542813,inf
141974,inf
648300,inf
654457,inf
471513,inf
632930,inf
201403,0.0
338508,0.0
657421,0.0
427102,inf
43671,inf
139202,inf
73134,inf
616199,inf
380016,inf
360390,inf
523726,0.0
103906,inf
369385,inf
152066,inf
133339,inf
327972,inf
97282,0.0
694953,inf
127545,inf
113061,0.0
177582,inf
112455,inf
404118,inf
584949,inf
630867,inf
675277,inf
262060,0.0
388376,inf
274071,inf
343608,inf
199453,inf
506118,0.0
366541,0.0
616040,inf
467014,inf
188021,inf
96136,inf
569212,inf
151685,inf
384235,inf
91369,inf
131892,inf
236931,inf
193408,inf
130672,inf
219884,inf
429018,0.0
99038,inf
448697,inf
578351,inf
161058,inf
526806,inf
45165,inf
117797,0.0
257279,inf
545247,inf
85263,inf
620557,inf
191293,inf
422336,inf
563741,inf
453902,inf
432480,inf
523469,0.0
460193,inf
90373,inf
527282,inf
82854,inf
313350,inf
629729,0.0
229615,inf
389815,inf
703198,inf
618310,inf
707381,inf
150339,inf
361707,inf
192103,inf
255569,inf
629200,inf
314613,0.0
588516,inf
264571,0.0
79268,inf
37819,inf
663051,inf
522645,inf
452568,inf
275276,inf
25486,inf
106741,inf
532933,inf
355471,inf
14225,inf
74726,inf
233172,inf
632864,inf
597577,inf
163516,0.0
451117,inf
669938,0.0
144898,0.0
707680,inf
605716,0.0
246438,inf
260069,inf
310139,inf
42298,inf
69671,inf
482660,0.0
558838,inf
222297,inf
294192,0.0
514043,inf
35217,inf
126769,inf
436964,inf
542979,inf
653454,inf
525506,inf
574637,inf
302029,0.0
92159,inf
317458,inf
369292,0.0
292049,inf
274101,inf
14313,inf
17577,inf
566356,inf
399174,inf
222414,inf
529951,inf
419118,inf
185132,inf
142976,inf
590773,inf
667968,inf
292418,inf
109035,inf
411831,inf
321734,inf
184763,inf
482950,inf
355335,inf
563474,inf
209626,0.0
654496,inf
150817,0.0
225005,inf
76341,inf
346208,inf
228484,inf
326013,inf
693818,inf
691645,inf
682817,inf
185682,inf
318163,inf
652110,inf
355289,inf
392335,inf
391577,0.0
210126,0.0
595783,inf
612724,inf
196445,inf
264036,0.0
698359,inf
500002,0.0
599142,inf
699468,inf
12800,0.0
395010,inf
351936,inf
451559,inf
79381,inf
144658,inf
494031,0.0
37014,inf
149346,inf
670405,inf
686345,inf
160320,inf
111989,inf
230232,0.0
229207,inf
195870,inf
312538,inf
593932,inf
391369,inf
649764,inf
410487,inf
474659,inf
662912,inf
75064,inf
397556,inf
246993,inf
399511,inf
400818,inf
258574,inf
17289,inf
345261,inf
88949,inf
594441,inf
280753,inf
214351,inf
19640,inf
570538,inf
501719,inf
468966,inf
545852,inf
501297,inf
357247,inf
559441,inf
145472,inf
653246,inf
628753,inf
338143,inf
520936,inf
549120,0.0
623807,inf
178820,inf
248382,0.0
3749,inf
128572,inf
86853,inf
81524,inf
58969,inf
598912,inf
675360,inf
461508,inf
402516,inf
696448,inf
193644,inf
50443,inf
611716,inf
224783,inf
378410,0.0
493859,inf
205531,inf
84362,inf
469381,inf
107005,inf
32870,0.0
163579,inf
520595,inf
634028,inf
436921,inf
374179,0.0
250857,inf
194228,inf
602229,0.0
552857,inf
435885,inf
462160,inf
416408,inf
254488,0.0
709742,inf
108641,inf
101065,inf
357592,inf
477149,inf
412964,inf
229298,inf
450065,0.0
430833,0.0
628245,0.0
180503,inf
399297,inf
239958,inf
178835,inf
466131,inf
92830,inf
110346,inf
192499,inf
497343,inf
18674,0.0
377013,0.0
166724,inf
334116,0.0
303710,inf
344077,inf
263478,inf
82487,inf
199381,inf
183412,inf
238642,0.0
426421,inf
144439,inf
92783,inf
322353,inf
618872,0.0
386331,inf
592141,inf
381963,inf
589399,inf
709058,0.0
42324,inf
194036,0.0
466593,inf
325884,inf
537512,inf
502918,0.0
622692,inf
641059,inf
102696,inf
650590,inf
583891,inf
386214,0.0
426937,inf
88872,inf
263801,inf
386275,inf
204078,inf
402220,inf
67611,inf
196310,0.0
141291,inf
308315,inf
523087,inf
633827,inf
439242,inf
316167,inf
159792,inf
167977,inf
22601,inf
573303,inf
400987,inf
538335,inf
685274,inf
638928,inf
436825,inf
92177,inf
281820,inf
657471,inf
625345,inf
320395,inf
77432,0.0
178293,0.0
175038,inf
70319,inf
289508,inf
546569,inf
12703,inf
430869,0.0
478996,inf
310463,inf
247227,inf
205237,0.0
478137,inf
626296,inf
104166,inf
93655,0.0
315468,inf
269110,0.0
102112,inf
353440,inf
46769,inf
77571,inf
697741,0.0
348087,inf
460567,0.0
561227,inf
126369,inf
346093,inf
138025,0.0
134472,inf
561997,inf
335173,inf
255263,inf
570883,inf
504880,0.0
3856,inf
348649,inf
426157,inf
361392,inf
646233,inf
687660,inf
627120,inf
374920,0.0
175078,inf
139923,inf
668268,inf
369588,inf
174492,0.0
406109,inf
290273,inf
160804,inf
464722,0.0
630104,inf
553162,inf
184941,inf
273985,inf
84323,inf
359077,0.0
584316,inf
459676,inf
614456,inf
452686,inf
670329,0.0
387487,0.0
547484,inf
148478,inf
346279,inf
571959,inf
637844,inf
15934,0.0
321794,inf
484309,inf
694238,inf
544729,inf
352351,inf
625069,inf
133677,inf
574486,inf
666865,inf
679615,inf
710661,0.0
645578,inf
55979,inf
445238,inf
110048,inf
562072,inf
457722,0.0
605266,inf
213179,inf
635060,inf
275412,0.0
454855,inf
695728,inf
168572,inf
520163,inf
660967,0.0
630286,inf
307606,inf
408434,inf
181775,inf
573504,inf
700903,0.0
48927,inf
669368,inf
625889,inf
569451,0.0
107867,inf
548079,inf
428704,0.0
288344,inf
704492,inf
197580,inf
504586,inf
347643,inf
558770,inf
141396,inf
601204,inf
21912,inf
282112,inf
641255,inf
679440,inf
384117,inf
240334,inf
516057,inf
195472,inf
422546,inf
191543,inf
582233,inf
157962,inf
573221,0.0
371715,inf
470944,inf
169567,inf
611457,inf
484660,inf
82141,0.0
529165,inf
278512,0.0
608750,inf
400986,0.0
28530,inf
300518,inf
463609,0.0
283489,0.0
216656,inf
39888,inf
525614,inf
327124,inf
221165,inf
127738,inf
134040,inf
635682,inf
54812,inf
506798,0.0
708343,inf
310081,inf
11440,inf
251859,inf
473063,inf
559096,inf
192267,0.0
491226,inf
336426,0.0
535921,inf
78664,inf
316549,inf
562006,inf
687287,inf
588205,0.0
22699,inf
304587,0.0
692090,inf
298475,inf
516522,inf
467537,inf
157035,inf
145596,inf
294304,inf
596419,inf
236754,inf
54308,inf
522243,inf
111159,inf
574495,0.0
669959,inf
139150,inf
48379,inf
226005,inf
590742,inf
343306,inf
368637,inf
646250,inf
494310,inf
710165,inf
105175,inf
265516,inf
678527,inf
151116,inf
325278,inf
23864,0.0
110800,0.0
206006,inf
449154,inf
623235,inf
264528,inf
138841,inf
481147,0.0
528883,inf
465000,0.0
163254,inf
516880,0.0
518972,inf
402707,inf
532322,inf
359313,inf
679309,inf
247877,0.0
664761,inf
276052,inf
600711,inf
109822,inf
507848,inf
310460,inf
10039,inf
176941,inf
475242,0.0
203471,inf
581860,inf
303436,inf
565339,inf
251770,0.0
656252,inf
515571,inf
200611,inf
279047,inf
139107,inf
609127,inf
432090,inf
47605,inf
545347,inf
268120,0.0
651584,inf
269217,inf
562220,inf
467084,inf
711508,inf
177567,inf
149934,inf
400661,inf
172058,inf
365647,inf
703012,0.0
54489,inf
602034,inf
29094,0.0
36180,inf
674572,inf
553239,inf
403172,inf
147752,inf
312430,inf
546359,inf
563637,inf
317550,inf
6550,inf
155456,inf
420439,inf
80617,0.0
4774,inf
124364,inf
407449,inf
440328,inf
416487,inf
152530,inf
593721,inf
699707,inf
156694,inf
453006,inf
174787,inf
350956,inf
696721,inf
118558,inf
641465,inf
528926,inf
435749,0.0
287981,inf
661985,inf
52219,inf
392477,inf
293160,inf
651317,inf
150754,0.0
263135,inf
603417,inf
631817,inf
584096,inf
342604,inf
703419,inf
695928,inf
478471,inf
218833,inf
17465,inf
652940,inf
469092,inf
541514,inf
703962,inf
213694,0.0
8167,inf
310876,0.0
484682,inf
502652,inf
381453,inf
44462,inf
637998,inf
582443,inf
423266,inf
576791,0.0
112677,inf
467857,inf
6280,inf
149980,inf
281240,0.0
601507,inf
168761,inf
708997,inf
655492,inf
318160,inf
358307,0.0
468326,inf
489297,inf
462012,inf
163669,inf
23652,inf
257955,inf
116543,inf
574647,inf
475087,inf
91533,inf
521876,inf
499049,inf
165365,0.0
471528,0.0
637151,inf
695402,inf
96576,inf
367340,inf
390906,0.0
560777,0.0
637590,inf
82401,inf
554024,inf
496020,inf
405580,inf
698939,inf
711197,0.0
295891,inf
68309,inf
220406,inf
79345,inf
200969,inf
474404,inf
507113,inf
309200,0.0
195436,inf
400449,inf
679543,inf
92454,0.0
633907,inf
606649,inf
298028,inf
634435,inf
701597,0.0
12606,inf
378401,inf
596707,inf
259652,inf
495534,0.0
637931,inf
631500,inf
127181,inf
402444,inf
143742,0.0
446876,inf
132528,inf
250109,0.0
312213,inf
549263,inf
148468,inf
677069,inf
661104,inf
320358,inf
458811,inf
229004,inf
464192,inf
348065,inf
224640,inf
117597,inf
511450,0.0
518571,inf
422866,inf
346124,inf
700077,inf
403573,inf
343675,0.0
156800,inf
258700,inf
310396,inf
262253,inf
446587,inf
47069,0.0
237941,inf
274740,inf
380688,inf
74945,inf
98846,inf
341409,inf
503827,inf
140613,inf
428327,inf
359151,inf
302919,inf
456493,inf
258491,inf
107666,inf
554397,0.0
192245,inf
480716,inf
479593,inf
595702,inf
173057,inf
664674,inf
323344,inf
417767,inf
217037,inf
675741,inf
526232,inf
509132,0.0
243125,inf
688404,inf
660941,inf
584342,inf
527239,inf
421131,0.0
529179,inf
440852,inf
39383,inf
134055,inf
625435,inf
69387,inf
405977,0.0
255964,inf
271132,inf
553941,inf
368568,inf
523647,0.0
504903,inf
496800,0.0
211370,inf
456704,inf
102175,inf
680143,inf
585272,0.0
259960,inf
576684,inf
623147,inf
457532,inf
104196,inf
524832,inf
235666,inf
534146,inf
104662,inf
440431,inf
400301,inf
188080,0.0
65778,0.0
191591,0.0
424578,0.0
599804,0.0
16750,inf
184373,inf
226227,0.0
373820,inf
666031,inf
662190,inf
643101,inf
175318,inf
481614,0.0
454565,inf
370629,inf
455060,inf
174065,inf
134570,0.0
475999,inf
37418,inf
385416,inf
546046,inf
657378,inf
322347,inf
295922,inf
456645,inf
288542,inf
348525,inf
700653,inf
651885,inf
521973,inf
540874,0.0
286151,inf
100000,inf
309999,inf
263899,inf
429335,inf
362424,inf
427800,0.0
456829,inf
153211,0.0
486929,0.0
414931,inf
130632,0.0
152714,inf
88941,inf
442772,inf
192857,inf
611279,inf
463337,inf
511874,inf
592294,0.0
458220,inf
179067,inf
243150,inf
74184,inf
473138,inf
268073,inf
172120,inf
577456,inf
645397,inf
73458,inf
250851,inf
127490,inf
700027,inf
488295,inf
36777,inf
658776,0.0
403408,inf
166886,inf
202783,inf
449895,inf
505056,inf
211115,inf
494447,inf
452079,0.0
49256,inf
47923,inf
72057,inf
145308,inf
189016,0.0
533859,inf
45639,0.0
300473,inf
611117,inf
662315,inf
690849,inf
65013,0.0
452884,inf
544307,0.0
309832,inf
192239,inf
241114,inf
88884,0.0
515870,inf
127141,inf
589250,inf
14115,inf
244855,0.0
339979,inf
66455,inf
198268,inf
563576,inf
585066,inf
146500,inf
595561,0.0
26089,inf
428446,inf
352255,inf
186216,inf
402329,inf
134508,inf
634639,inf
264712,inf
564552,inf
536752,0.0
64213,inf
97372,inf
165780,inf
687262,inf
51847,inf
409517,inf
393209,inf
507219,inf
242143,0.0
587421,0.0
361310,inf
634755,0.0
42619,inf
269978,inf
315367,0.0
625735,inf
232063,inf
169355,inf
480474,inf
275070,0.0
294921,0.0
111392,inf
48991,inf
211104,inf
627399,inf
382555,inf
157112,inf
381492,inf
598062,inf
665029,inf
635327,0.0
438347,inf
76260,0.0
99292,0.0
609936,inf
488954,inf
106094,0.0
436310,inf
401089,inf
604120,inf
358717,inf
143856,inf
91515,inf
634584,inf
40131,inf
7266,inf
290598,inf
306538,inf
278414,inf
179936,0.0
415670,inf
702432,inf
267466,inf
620605,inf
620162,inf
467903,inf
407975,inf
631723,inf
371783,0.0
692955,0.0
33859,inf
682216,inf
196093,inf
672209,0.0
462435,inf
326657,inf
422044,inf
605516,inf
505971,0.0
644781,inf
658755,0.0
200926,inf
428156,inf
136775,inf
161158,inf
217923,inf
517576,inf
277483,inf
647736,inf
494423,inf
556819,inf
312249,0.0
10779,0.0
203259,inf
467723,0.0
207495,inf
567233,inf
442711,0.0
397969,inf
463516,inf
70949,inf
196419,0.0
511406,0.0
567780,0.0
156619,inf
325519,inf
131403,inf
570374,0.0
569335,inf
314218,inf
513266,inf
100485,inf
613260,inf
567703,inf
432280,inf
202907,inf
269214,inf
421867,inf
367288,0.0
77404,inf
449080,inf
129282,0.0
351228,inf
424063,inf
637057,inf
421288,inf
157239,inf
215513,inf
311811,inf
321517,inf
108726,0.0
259449,0.0
638254,inf
107922,inf
424327,inf
691212,0.0
636485,inf
338018,inf
526355,inf
636024,inf
691528,inf
44333,inf
674516,inf
672133,0.0
603338,inf
407955,inf
471321,inf
475165,inf
510289,inf
325445,inf
90505,inf
600209,inf
428222,inf
270113,inf
25221,inf
517934,inf
243981,inf
475041,inf
412566,0.0
305595,inf
477944,inf
458830,0.0
482647,inf
368391,0.0
20421,inf
330257,0.0
126603,inf
354506,inf
703417,inf
591201,inf
368710,inf
130489,inf
189480,inf
621169,inf
345720,inf
646535,inf
671900,inf
530741,inf
50175,inf
700168,inf
392975,inf
191747,0.0
28761,inf
707052,inf
131612,inf
579875,inf
269338,inf
610960,inf
206180,inf
295885,inf
575853,inf
116092,0.0
92070,0.0
233838,inf
336221,0.0
666464,inf
82600,inf
107809,inf
492546,inf
390830,inf
165231,inf
209464,inf
380384,inf
314043,inf
34949,inf
599251,inf
417155,0.0
643262,inf
491447,inf
132862,inf
688369,inf
124340,inf
384074,inf
293568,inf
576636,inf
521565,inf
588704,inf
629862,inf
233203,inf
637783,0.0
220802,inf
297917,inf
143299,0.0
5419,inf
539572,inf
585836,inf
163660,inf
704227,inf
647785,inf
149538,inf
698833,inf
270268,inf
192778,inf
33981,inf
178905,inf
105227,0.0
670074,inf
361192,inf
622886,inf
409034,inf
22216,inf
619017,inf
105225,inf
35337,inf
689657,inf
591944,inf
445672,inf
499243,0.0
326824,0.0
373368,inf
122830,inf
314215,inf
70067,0.0
85530,inf
169949,inf
314290,0.0
404661,inf
642626,inf
146411,0.0
368089,inf
45923,inf
404649,0.0
164534,inf
38513,inf
74665,inf
349934,inf
165748,inf
547807,inf
542851,inf
288597,inf
179047,inf
606303,inf
231814,inf
78125,inf
118884,inf
188245,0.0
125707,inf
326066,inf
542981,inf
451575,inf
134855,inf
113124,inf
473406,inf
462248,inf
653851,inf
431579,inf
442252,inf
228252,inf
227255,inf
387093,inf
259457,inf
314369,0.0
255572,inf
344707,inf
661207,inf
29246,inf
67565,inf
265270,inf
439783,inf
378062,inf
239710,inf
607574,inf
604990,inf
360747,inf
347161,inf
49018,inf
581923,inf
488314,0.0
79,inf
386050,inf
55507,inf
172698,inf
311259,inf
71544,0.0
303145,inf
678186,inf
427281,inf
462087,inf
602122,inf
325720,inf
187708,inf
359944,inf
469911,0.0
310752,inf
527424,inf
202608,inf
344244,inf
513800,inf
332086,inf
552340,inf
632598,inf
111940,inf
642241,0.0
293474,inf
179793,inf
646856,inf
232391,inf
638505,inf
641604,inf
374790,inf
505043,inf
248864,inf
73765,0.0
263910,inf
248397,inf
539815,inf
80475,inf
329571,inf
637287,inf
446504,0.0
670761,inf
277867,0.0
49651,inf
113268,inf
88816,inf
83025,inf
45488,inf
570798,0.0
168560,inf
600566,inf
397515,inf
703458,inf
84114,inf
260028,inf
645702,inf
43404,0.0
116757,inf
50147,inf
318653,inf
512894,inf
448310,inf
217883,inf
300969,inf
291059,inf
339959,inf
370024,inf
630511,inf
94755,0.0
37433,0.0
336679,inf
50398,inf
321832,inf
559220,inf
567421,inf
673557,inf
681624,inf
662216,inf
430401,inf
638665,inf
609064,inf
296112,inf
362299,inf
317658,inf
493415,inf
659420,0.0
641970,inf
251738,inf
56731,inf
161883,inf
585650,inf
314136,inf
48290,inf
463404,inf
18466,inf
183393,0.0
60855,inf
330776,inf
71082,inf
328875,inf
542553,0.0
475057,inf
130856,inf
34941,inf
209342,inf
641509,inf
424308,inf
147532,inf
665472,0.0
213031,inf
291635,inf
425985,inf
310109,0.0
516278,inf
498224,inf
282404,inf
589445,inf
644482,inf
472884,inf
597295,inf
193675,inf
652864,inf
127697,inf
356153,0.0
155827,inf
655897,inf
96571,inf
438286,inf
622038,inf
142421,inf
556750,inf
291602,inf
266981,0.0
589582,0.0
526790,inf
652002,inf
557395,0.0
120834,inf
591303,inf
545645,inf
363403,0.0
353731,inf
644168,inf
433546,inf
439424,0.0
227381,0.0
642110,inf
155652,inf
187194,inf
458523,inf
25532,inf
524843,inf
195355,inf
398634,inf
114713,inf
476487,inf
581096,0.0
308483,0.0
459029,inf
129269,inf
353479,inf
483294,inf
157076,inf
2651,inf
488437,inf
555700,inf
40774,0.0
622054,inf
361991,inf
672599,inf
685263,inf
577168,inf
394346,inf
171093,inf
219728,inf
679122,inf
75014,inf
91754,inf
273563,inf
174974,inf
76188,inf
252984,inf
330139,inf
53052,inf
363108,inf
421636,inf
199526,inf
92627,inf
376447,inf
610359,inf
210744,inf
444906,0.0
526849,inf
568995,inf
138298,inf
620456,inf
311543,inf
20971,inf
195306,inf
457851,inf
46593,inf
85160,0.0
240260,inf
219259,inf
695974,inf
343025,0.0
650108,0.0
279735,0.0
150673,inf
320754,inf
209363,inf
275850,inf
200304,inf
218155,0.0
172508,inf
353344,inf
294245,inf
470047,inf
522263,inf
373360,0.0
653421,inf
446347,inf
706980,inf
506431,inf
317732,inf
334575,inf
334149,inf
457618,inf
362598,inf
626502,inf
464616,inf
636585,inf
188349,inf
286326,0.0
545698,inf
383714,inf
1384,inf
640502,inf
390596,inf
244185,inf
125085,inf
323435,inf
665072,inf
244477,inf
678999,inf
435726,0.0
466725,inf
147722,inf
515855,0.0
31631,inf
687162,0.0
548085,inf
608698,inf
474492,inf
708841,inf
62502,inf
367212,0.0
289578,0.0
232535,0.0
78732,0.0
632834,inf
164063,inf
680301,inf
378483,inf
673177,0.0
313549,0.0
659245,inf
691992,0.0
511838,inf
2115,inf
234268,inf
198546,0.0
262679,inf
254992,inf
291337,inf
102186,inf
599801,0.0
234351,inf
692283,inf
99237,inf
506746,inf
509820,inf
685143,inf
65049,inf
206853,0.0
45258,inf
304591,inf
172039,inf
428214,inf
370842,inf
137242,inf
663372,inf
87983,inf
357913,inf
364274,inf
337516,inf
323206,0.0
334646,inf
444871,inf
156429,0.0
329316,inf
421782,0.0
273685,0.0
333641,inf
51214,0.0
155168,inf
625765,0.0
120000,inf
497502,inf
208813,inf
103802,inf
216271,0.0
9348,inf
587902,0.0
615652,0.0
35283,inf
548709,0.0
286394,inf
587116,0.0
702718,inf
303426,inf
443411,inf
60438,0.0
223828,inf
514122,inf
539506,inf
63590,inf
627500,inf
504788,inf
63111,inf
621255,inf
605555,inf
590525,inf
337496,inf
211356,0.0
349461,inf
20010,inf
528822,inf
432453,inf
499700,inf
368137,inf
298124,inf
179289,inf
564509,inf
628120,inf
593033,inf
119019,0.0
220954,inf
191064,inf
347594,inf
710192,0.0
276230,inf
187540,inf
405029,inf
67651,inf
208004,inf
310773,inf
490932,inf
259988,inf
321755,inf
464673,inf
520293,inf
528427,0.0
275798,inf
55416,0.0
380963,inf
526147,inf
495986,inf
50493,inf
610797,inf
140638,0.0
239042,inf
344624,0.0
634197,inf
114052,inf
353003,inf
90888,0.0
416556,0.0
695662,inf
425409,0.0
381647,inf
514900,inf
417085,inf
604616,inf
86368,inf
135843,inf
348443,0.0
668308,inf
308018,inf
428448,inf
125691,inf
428726,inf
686822,inf
440997,inf
656410,inf
10006,inf
161676,inf
166472,inf
39218,inf
400574,0.0
94249,inf
71105,inf
102443,inf
457558,inf
266405,inf
589054,inf
257068,inf
309079,inf
627884,inf
402682,inf
586783,inf
356851,inf
193241,inf
640954,0.0
349262,inf
380808,0.0
537671,inf
11878,inf
176105,inf
336584,inf
171964,0.0
486831,inf
3434,inf
511184,inf
557872,inf
131393,inf
37295,inf
444117,inf
383733,inf
578663,inf
150371,inf
588278,inf
484372,inf
124122,inf
45826,inf
513694,inf
225990,inf
238597,inf
570844,inf
293558,inf
382218,inf
292689,inf
4878,0.0
293085,inf
95942,inf
690761,inf
470422,inf
685610,inf
196828,0.0
65678,inf
227342,inf
459936,inf
172990,inf
523233,inf
58217,inf
257887,inf
625764,inf
270238,inf
38435,inf
200739,inf
419148,inf
660435,inf
87531,0.0
110911,inf
642779,inf
156627,inf
256455,inf
448394,inf
113808,inf
91307,inf
170447,inf
53030,inf
231817,inf
76806,inf
474365,inf
615582,inf
648996,inf
294423,inf
674694,inf
639884,inf
340246,inf
665943,inf
29269,inf
340963,inf
210163,inf
16071,0.0
143001,inf
398242,inf
108873,inf
652853,inf
519697,inf
27513,inf
325300,inf
698321,inf
201797,inf
374913,inf
329376,inf
655516,inf
634491,inf
361594,inf
254539,inf
508453,0.0
677682,inf
73042,inf
633243,inf
179493,inf
360089,0.0
311187,inf
409428,0.0
223552,0.0
538717,inf
48307,inf
120003,inf
415805,inf
68469,inf
578293,inf
334783,inf
656142,inf
556263,inf
464032,0.0
77888,inf
549596,inf
355102,0.0
541545,inf
178812,inf
576306,inf
569720,inf
686268,0.0
301002,inf
545071,inf
558753,inf
35049,inf
118356,inf
620656,inf
226078,inf
625372,inf
238978,inf
419535,inf
53164,inf
537429,inf
621583,inf
261198,inf
91588,0.0
146651,0.0
446712,0.0
574611,0.0
169978,inf
487340,0.0
82408,inf
391620,inf
584783,inf
354114,inf
601427,inf
204652,inf
159025,inf
332111,inf
69903,inf
392900,inf
324730,inf
379752,inf
23802,inf
363389,inf
699989,0.0
507938,inf
54399,0.0
639648,inf
272870,0.0
25159,inf
180273,inf
672531,0.0
422333,inf
532636,inf
200265,inf
295673,inf
439602,inf
361912,inf
487286,inf
317275,inf
330933,inf
545232,inf
445921,inf
4215,inf
609480,inf
463213,0.0
140165,inf
306114,inf
134421,inf
455083,inf
139769,inf
247653,0.0
657625,inf
173735,0.0
391081,inf
441679,inf
385190,inf
573028,inf
427190,inf
617400,0.0
245552,0.0
668242,0.0
660559,inf
25705,inf
226139,inf
298501,inf
85771,inf
298166,inf
442894,inf
110171,inf
403219,inf
43107,inf
384995,inf
526421,inf
134403,inf
543903,inf
687501,inf
464857,inf
203919,inf
479276,inf
123895,inf
549709,inf
90731,inf
662931,inf
127763,0.0
490891,inf
42128,inf
60538,inf
511983,inf
343067,inf
224301,inf
709384,inf
295577,inf
6009,inf
287953,inf
298706,inf
103098,inf
509159,inf
366511,inf
67458,inf
466262,inf
342134,inf
478922,inf
645359,inf
703173,inf
461510,inf
234122,0.0
157082,inf
269075,inf
269484,0.0
183957,inf
583469,inf
338254,inf
488885,inf
296491,0.0
135302,inf
270953,inf
42101,inf
174378,inf
320843,inf
687916,inf
378299,inf
455886,inf
86524,inf
300138,inf
18884,inf
436891,0.0
31137,inf
311270,inf
272425,inf
656049,inf
609828,0.0
189165,inf
389213,inf
20923,inf
6923,inf
700675,inf
355920,inf
493833,0.0
106441,inf
326481,inf
405903,inf
703769,inf
256982,inf
308874,inf
640629,inf
432704,inf
16031,inf
283994,inf
237317,inf
183553,0.0
67659,0.0
564306,inf
306562,0.0
609061,inf
309123,inf
521523,inf
604662,inf
485186,inf
569307,inf
82068,inf
486090,0.0
548286,inf
142088,inf
488429,0.0
88492,inf
363652,inf
562993,0.0
381427,inf
543282,0.0
66390,inf
281393,inf
684312,inf
234186,inf
430349,inf
323761,inf
47718,inf
29799,inf
302536,inf
249465,inf
546968,inf
449953,inf
302615,0.0
278272,0.0
625590,inf
277662,0.0
168243,inf
656251,inf
567863,inf
583961,inf
237858,inf
95625,inf
146825,0.0
525763,0.0
438281,inf
413760,inf
568287,inf
85562,inf
699697,0.0
142911,inf
642740,inf
189036,0.0
412469,0.0
257233,inf
550838,inf
549601,inf
623198,inf
510719,inf
624567,inf
16087,inf
466056,inf
33915,inf
68290,inf
583156,inf
689922,inf
567298,inf
449879,inf
477154,inf
675914,0.0
524571,inf
697090,inf
533227,inf
294549,inf
371546,inf
574406,inf
249406,inf
501753,inf
340027,inf
360476,0.0
587989,inf
650399,inf
706272,0.0
114366,inf
607711,inf
274064,inf
9785,inf
557436,inf
287905,inf
287857,0.0
158153,inf
555853,inf
83141,inf
707494,inf
365007,inf
179314,inf
618577,inf
342168,inf
13233,inf
24345,inf
220592,inf
285023,inf
397111,inf
116168,inf
139318,inf
36042,inf
124733,0.0
168688,inf
38162,0.0
105138,inf
44782,inf
263810,inf
564027,inf
604552,inf
348815,inf
60700,0.0
180133,0.0
574098,inf
141387,inf
622567,inf
236491,inf
434295,inf
33956,inf
120184,inf
425713,inf
522623,inf
497636,inf
654642,0.0
402974,0.0
528025,inf
123178,0.0
198412,inf
143321,inf
28342,inf
177552,inf
578436,inf
255673,inf
59786,inf
704983,inf
175578,inf
522938,inf
223209,inf
682741,inf
699763,inf
548972,inf
375571,inf
188129,inf
602139,inf
128475,inf
478859,inf
707142,inf
187230,inf
586961,inf
410738,0.0
558466,inf
312867,inf
421455,inf
312865,inf
232251,inf
225608,inf
387766,inf
172580,inf
457901,inf
382806,inf
576463,inf
308815,0.0
331942,0.0
378100,inf
224258,inf
610184,inf
77236,inf
442834,inf
85091,inf
100878,inf
114053,0.0
27400,inf
574589,inf
366539,inf
464341,inf
324723,inf
479944,0.0
520921,inf
419258,0.0
19973,inf
157063,0.0
298432,inf
619919,inf
512403,inf
96436,inf
559824,inf
599022,inf
295991,0.0
529537,inf
107542,inf
570134,inf
72001,inf
471264,inf
507962,inf
537560,inf
626395,inf
552035,0.0
12532,inf
507928,inf
132630,inf
436892,0.0
41856,inf
183608,inf
520090,inf
677673,inf
381877,0.0
538651,inf
667323,inf
305130,inf
583826,inf
49675,inf
676017,inf
245075,inf
193371,inf
704357,inf
345313,inf
513742,0.0
506589,inf
50428,0.0
349052,inf
167078,inf
248032,inf
333885,inf
61272,inf
286556,inf
353537,inf
211546,inf
26923,inf
392687,inf
406464,inf
309623,inf
661137,0.0
460405,inf
621876,0.0
372353,0.0
703801,inf
68143,inf
11242,0.0
7713,inf
594833,inf
232218,inf
232730,inf
534904,0.0
639872,inf
440332,0.0
383667,inf
217873,inf
100132,0.0
62106,inf
61707,inf
95546,inf
222862,inf
158865,inf
688047,inf
41377,inf
225453,inf
407909,inf
355327,inf
9985,inf
464370,inf
217869,inf
289311,inf
433007,inf
590918,inf
366252,inf
93055,0.0
464704,inf
470620,inf
116641,inf
611817,inf
22589,inf
55853,inf
618174,0.0
556045,inf
252060,0.0
294985,inf
128653,0.0
544398,inf
138112,inf
196680,inf
327387,inf
57844,inf
671931,inf
216244,0.0
610529,0.0
551765,inf
169817,inf
251459,inf
153524,inf
129917,inf
638091,inf
335939,inf
541066,0.0
349591,inf
47840,inf
367701,inf
76891,inf
16000,inf
509276,inf
121129,inf
547985,inf
180288,0.0
96910,inf
625,inf
396233,inf
23138,0.0
113563,inf
57067,0.0
162459,inf
482569,inf
352065,inf
609404,0.0
161134,inf
608755,inf
434413,inf
510236,inf
656182,inf
467641,inf
692890,inf
16149,inf
393181,0.0
390978,inf
689457,0.0
182432,inf
53035,inf
485580,inf
639401,inf
475028,inf
455776,inf
14689,0.0
628648,0.0
397671,inf
235135,inf
469039,0.0
692965,inf
118998,inf
706908,inf
182382,0.0
90887,inf
575386,inf
439953,inf
442753,inf
262959,inf
633187,inf
505508,0.0
626208,inf
261009,inf
75787,inf
659450,inf
277506,inf
608597,inf
326847,inf
355378,inf
496039,inf
289214,0.0
545121,inf
545593,inf
202728,inf
375096,inf
536458,inf
569520,inf
296837,0.0
354953,inf
634958,0.0
704320,inf
270327,inf
220576,inf
402861,inf
460231,0.0
80711,inf
685066,inf
206578,0.0
524131,inf
553495,inf
421542,inf
590201,inf
379601,inf
198755,0.0
413893,inf
106093,inf
463536,inf
83411,0.0
6946,inf
520484,0.0
500912,inf
692949,0.0
380513,inf
101443,inf
600575,0.0
424576,inf
614109,inf
418622,inf
681872,inf
333359,inf
153320,inf
106380,0.0
268609,inf
477302,inf
520934,inf
519527,inf
56026,inf
649003,inf
348330,inf
8483,0.0
617269,inf
13687,0.0
434846,inf
149407,inf
332476,inf
202848,0.0
653028,0.0
448406,0.0
29038,inf
555470,inf
453771,inf
44229,inf
35983,inf
165217,inf
376939,0.0
643250,inf
518467,inf
146419,inf
327909,inf
445596,inf
617605,0.0
643806,0.0
460222,inf
484951,inf
276810,inf
323407,inf
280419,inf
551064,0.0
199186,inf
443286,inf
133359,inf
680618,inf
659501,inf
133651,inf
346501,inf
54388,inf
680632,inf
305990,inf
345007,inf
19073,inf
117442,0.0
471452,inf
397728,inf
341368,inf
164483,inf
126254,0.0
255051,inf
616420,inf
355055,inf
474543,inf
81215,0.0
675639,0.0
317462,inf
335663,inf
392180,inf
325223,inf
180249,inf
403953,inf
295836,inf
612119,0.0
159144,inf
500019,inf
100070,inf
618187,inf
189461,inf
466039,inf
79370,inf
181951,0.0
422224,0.0
268531,inf
652917,inf
535147,inf
230786,0.0
77137,inf
572419,0.0
168179,inf
644805,inf
1075,inf
674016,inf
602707,inf
156271,inf
99975,0.0
165846,inf
600097,0.0
78786,0.0
134351,inf
319093,inf
256129,inf
569769,inf
544567,inf
386764,inf
527527,0.0
668,inf
359209,inf
241595,inf
7263,inf
265305,0.0
60101,inf
135308,inf
372057,0.0
199437,inf
238008,inf
573465,inf
598396,0.0
285614,inf
536398,inf
178057,inf
7986,inf
528327,inf
142986,inf
139553,inf
318722,0.0
176212,0.0
313222,inf
165631,inf
88480,inf
182163,inf
627538,inf
310271,inf
697962,inf
369521,0.0
360628,inf
49776,inf
434888,inf
271713,inf
523447,inf
566494,0.0
393117,inf
316196,inf
31251,0.0
471917,inf
507880,0.0
23457,inf
215086,inf
435019,inf
362352,inf
678370,inf
160455,0.0
614708,inf
50049,0.0
277041,inf
253829,inf
378973,0.0
675573,inf
467550,inf
391522,0.0
255415,inf
493635,inf
624652,inf
536058,inf
112152,0.0
537111,inf
248773,inf
478903,inf
270528,inf
492751,0.0
440893,inf
289449,inf
347160,inf
175303,inf
462431,inf
444680,inf
193203,inf
499922,0.0
396935,inf
472670,inf
557508,inf
464917,inf
493568,inf
36361,inf
446392,inf
302629,inf
344474,inf
632493,inf
242692,inf
202822,inf
382266,0.0
406986,inf
473304,inf
526627,0.0
437359,inf
166225,0.0
267830,inf
686006,inf
501020,0.0
111446,inf
711286,inf
258216,inf
434037,inf
47053,inf
666523,inf
295697,inf
2254,inf
470628,inf
343860,inf
550868,inf
56802,inf
545468,inf
430953,inf
616477,inf
198034,0.0
242106,inf
477654,inf
301941,inf
329477,inf
55314,inf
142953,inf
71001,inf
299488,inf
246346,inf
157537,inf
395460,inf
86143,inf
218031,inf
228437,inf
326623,0.0
415106,0.0
106906,inf
676489,inf
119517,inf
512053,inf
483356,inf
347549,inf
5914,inf
522141,0.0
659921,inf
439913,0.0
448344,0.0
695039,inf
380938,inf
320344,inf
503970,0.0
97296,inf
90153,0.0
125480,0.0
79442,inf
583486,inf
54961,inf
319086,0.0
597346,inf
630905,inf
379000,inf
525812,inf
664268,inf
181278,0.0
105263,inf
528024,0.0
568468,inf
311608,inf
66211,0.0
411093,inf
586601,inf
275224,inf
544199,inf
55984,inf
706716,0.0
533707,inf
341165,inf
143600,inf
648198,inf
644405,inf
15278,inf
570066,inf
103108,inf
422799,inf
355479,inf
666039,inf
374700,inf
204216,inf
316094,inf
365723,inf
22674,inf
243818,inf
252242,inf
542729,inf
553799,0.0
109210,inf
665697,0.0
111250,inf
100177,0.0
15633,0.0
126126,inf
185364,inf
665639,inf
92338,inf
259653,0.0
73607,inf
699976,inf
558808,inf
70885,inf
290590,inf
353229,inf
178329,inf
359092,inf
273303,inf
503865,inf
236735,inf
9207,inf
464612,inf
216031,inf
43750,0.0
637027,0.0
288939,0.0
85028,inf
408660,0.0
594489,inf
79857,inf
13738,inf
182404,inf
606535,0.0
581727,inf
30352,0.0
490537,0.0
675619,inf
601151,0.0
591665,inf
389121,inf
149467,inf
14589,inf
312108,0.0
336168,inf
422493,inf
192722,inf
338034,0.0
313465,0.0
203983,0.0
667709,inf
639914,inf
50343,inf
701400,inf
569858,inf
34403,0.0
334246,inf
450990,0.0
106397,0.0
44140,0.0
36527,inf
397751,inf
567754,inf
309649,inf
161063,inf
276765,0.0
419521,0.0
409221,inf
435946,0.0
281851,inf
435408,0.0
313127,inf
671701,inf
159149,inf
17141,inf
77161,inf
473173,inf
549800,inf
135064,inf
86005,inf
15814,inf
410969,inf
380067,inf
612688,0.0
477285,inf
435641,inf
216002,0.0
610880,inf
333687,inf
386165,inf
179989,inf
295656,inf
617703,inf
632359,inf
594163,inf
404677,inf
60081,inf
615631,inf
82785,inf
75691,0.0
521826,0.0
568898,inf
103641,inf
431855,inf
266751,0.0
660597,inf
61369,inf
359438,inf
471483,0.0
41325,inf
427894,0.0
268482,inf
502152,inf
219771,inf
423152,0.0
23724,inf
37278,inf
444949,inf
450310,inf
462179,inf
609530,inf
619951,inf
410778,inf
85472,0.0
527612,0.0
19484,inf
258870,inf
359444,inf
339766,inf
650614,inf
335489,inf
50532,inf
570571,inf
502976,inf
305309,0.0
428307,inf
339193,inf
18494,inf
595006,inf
527284,0.0
82135,inf
46908,inf
392001,0.0
411708,inf
15651,inf
106455,inf
326770,inf
302655,inf
109526,inf
708941,inf
663675,inf
633032,inf
362713,inf
350279,inf
513386,inf
316555,0.0
357613,inf
518038,inf
687177,inf
43938,inf
230109,inf
136571,inf
503578,inf
533058,inf
518739,inf
397956,inf
476253,inf
13149,inf
517491,inf
444328,0.0
356372,inf
363113,inf
552635,inf
256746,0.0
31442,inf
383432,inf
315294,0.0
157738,inf
614212,inf
645866,inf
198751,inf
623241,inf
574181,inf
172940,inf
680698,0.0
608918,inf
106733,0.0
631341,inf
238144,inf
317182,inf
260067,inf
673099,inf
500962,inf
315138,inf
272905,inf
315797,inf
124579,inf
412241,inf
377767,inf
312493,0.0
704636,inf
533720,inf
393364,inf
419031,inf
415389,inf
444310,inf
627038,inf
431241,inf
174741,0.0
160283,0.0
500531,inf
455518,inf
24474,inf
55529,inf
470756,inf
535542,inf
90480,inf
157155,inf
711772,inf
706214,inf
352595,inf
90580,inf
519339,0.0
691743,inf
294365,inf
282668,0.0
644895,inf
13702,inf
209721,inf
214647,inf
702467,inf
244721,inf
178938,inf
426562,inf
466081,inf
433865,inf
707213,inf
278626,inf
505233,inf
670580,inf
654213,inf
249630,inf
640295,0.0
238065,inf
662114,inf
249338,inf
625939,0.0
107205,inf
663679,0.0
130307,inf
600707,inf
709715,inf
114458,inf
562622,0.0
9506,inf
544600,0.0
387267,inf
250940,inf
277953,inf
689853,0.0
85291,inf
550522,inf
619315,inf
168440,inf
172710,inf
398743,inf
259977,inf
480343,inf
438297,inf
13110,inf
279388,0.0
239239,0.0
643297,inf
389304,0.0
40797,inf
331117,inf
688970,inf
221430,inf
332942,inf
124212,0.0
299202,inf
590377,0.0
27732,inf
402224,inf
695268,inf
274220,inf
361154,0.0
119207,inf
280122,inf
110541,0.0
368222,inf
277796,inf
598117,inf
534639,inf
20115,0.0
342438,inf
324127,inf
412397,inf
535684,inf
7005,inf
226089,inf
193955,inf
628440,0.0
633152,inf
81939,inf
569763,0.0
657100,inf
171764,inf
562196,inf
129304,0.0
3931,0.0
92607,0.0
661973,inf
672845,inf
206650,inf
290816,inf
574431,0.0
95824,0.0
622503,inf
220732,inf
14109,inf
221012,inf
612920,inf
489883,inf
480755,inf
579228,inf
493452,inf
511218,0.0
637167,0.0
6408,inf
314127,inf
332454,inf
444369,inf
529367,inf
187274,inf
203231,inf
574157,0.0
37917,inf
389079,inf
646147,inf
307301,inf
79847,inf
631829,inf
154210,inf
594197,inf
337587,inf
437080,inf
390814,inf
92359,inf
154150,inf
364610,inf
289861,inf
135728,inf
243827,inf
288598,0.0
195463,inf
327329,inf
372976,inf
618700,inf
420519,inf
245957,inf
672611,inf
662733,inf
126901,inf
636112,inf
212627,inf
586455,inf
108210,inf
70212,0.0
440717,inf
557159,inf
685783,inf
386182,inf
162162,inf
657405,inf
367623,inf
220656,inf
70624,0.0
625726,inf
152201,inf
57126,0.0
170550,inf
666285,inf
15367,inf
51332,inf
241112,inf
33382,inf
403586,inf
566623,inf
522433,inf
450442,inf
377686,inf
690845,inf
36533,inf
78452,inf
118537,inf
111092,inf
122190,0.0
499063,inf
312674,inf
13871,0.0
628488,inf
490319,inf
15146,inf
415673,inf
308959,inf
398616,0.0
571383,inf
532003,0.0
708529,0.0
511535,inf
528454,0.0
426643,0.0
576657,inf
214559,inf
588341,inf
599312,inf
242474,inf
280774,0.0
597394,inf
47907,inf
640512,inf
22330,inf
360460,inf
77249,0.0
470795,0.0
124908,inf
453519,inf
687236,inf
434064,inf
43025,inf
276034,inf
346349,0.0
279283,inf
29582,inf
359161,inf
556291,inf
645312,inf
553340,inf
555368,0.0
65708,inf
689034,0.0
35601,inf
398650,inf
517113,inf
359574,inf
321213,inf
628519,inf
469038,inf
637104,inf
593616,0.0
11050,inf
559768,0.0
428745,inf
45240,0.0
155773,inf
470813,0.0
202553,inf
454046,inf
204244,inf
487231,inf
180520,inf
57016,0.0
147021,0.0
120910,inf
225686,inf
660340,inf
213869,inf
461095,inf
310098,inf
455124,inf
366049,0.0
387515,0.0
567440,inf
90665,inf
481380,0.0
301578,inf
102422,0.0
572402,inf
499610,inf
301998,inf
558782,inf
686825,inf
678500,inf
638439,inf
564921,inf
466322,inf
527151,inf
512856,inf
16689,inf
448351,inf
207305,0.0
215208,inf
50247,inf
180617,inf
399783,inf
101961,0.0
168674,inf
141467,inf
135266,0.0
639664,inf
573260,inf
13517,inf
543598,inf
397558,inf
473468,inf
629036,inf
678270,0.0
68016,inf
659479,inf
220956,inf
211213,0.0
72877,inf
269179,inf
694103,inf
510146,inf
232909,inf
656149,inf
559784,inf
236431,inf
385710,inf
334165,inf
654784,inf
495128,inf
186913,0.0
232966,inf
165681,inf
635439,0.0
665884,inf
302251,inf
304671,inf
182867,0.0
147823,inf
608316,inf
518299,inf
599263,inf
510769,inf
476260,inf
698060,inf
134457,0.0
267256,0.0
337223,0.0
222742,inf
564140,inf
189663,inf
626453,inf
187857,inf
573548,0.0
566160,inf
566985,inf
479394,inf
450324,inf
1923,inf
448576,0.0
159106,inf
640943,inf
397854,inf
521517,inf
638509,inf
670680,inf
634889,inf
710200,inf
399072,inf
43749,0.0
387038,inf
358268,inf
86367,inf
15446,0.0
547447,inf
85492,inf
54455,inf
456566,inf
362350,inf
685496,inf
631110,inf
64803,inf
12963,inf
424444,inf
410919,0.0
372327,inf
16648,inf
110938,0.0
504026,0.0
180898,0.0
219710,0.0
143754,inf
151489,0.0
549420,inf
15775,inf
684009,inf
271837,inf
433395,inf
664804,0.0
75293,inf
29248,0.0
269618,inf
457814,inf
53443,inf
108423,inf
465808,inf
289826,inf
104663,inf
5988,inf
487336,inf
260858,inf
5132,0.0
144975,inf
466924,inf
511588,inf
565995,inf
591836,inf
674406,inf
23293,inf
385101,inf
57972,inf
113851,inf
651040,inf
402666,inf
83365,inf
78296,inf
121553,inf
687975,inf
168807,inf
533164,inf
458882,inf
172199,inf
646724,inf
267601,inf
478482,inf
250142,inf
691766,inf
92708,inf
687830,inf
183832,inf
673252,inf
190720,inf
280960,inf
665586,inf
381652,inf
92219,inf
418175,inf
392641,0.0
673322,inf
152052,inf
543247,inf
229743,inf
693894,inf
109144,inf
318139,0.0
233569,inf
317044,0.0
407319,inf
135389,inf
460551,0.0
395588,inf
330141,inf
168477,inf
228430,inf
29461,inf
309011,0.0
158746,inf
188614,inf
549807,inf
369884,0.0
14147,inf
558658,inf
637927,inf
494585,inf
669431,inf
700209,inf
227051,inf
126946,0.0
525443,inf
489618,inf
508992,inf
172960,0.0
357508,inf
644624,inf
572946,inf
3864,inf
613461,inf
293752,inf
504724,inf
317521,inf
50616,inf
430735,0.0
461930,inf
114369,inf
59621,inf
239468,0.0
6842,0.0
158290,inf
519939,inf
343888,inf
683383,inf
101669,inf
385061,inf
245412,inf
20568,inf
184765,inf
347797,inf
508631,inf
273916,inf
462324,inf
549193,0.0
685438,inf
45407,inf
683109,inf
8430,0.0
291535,inf
448721,inf
450885,0.0
12507,inf
300532,0.0
543078,inf
110780,inf
433267,inf
707875,0.0
666275,inf
132488,inf
554167,inf
639240,inf
35796,inf
582807,inf
140122,inf
207277,inf
518940,inf
599826,inf
61025,inf
599291,inf
161459,0.0
415600,0.0
354795,inf
84315,inf
394814,inf
179417,inf
419919,inf
239186,inf
230432,0.0
471770,inf
695441,inf
513537,inf
518550,inf
208719,inf
485089,inf
556416,inf
3920,inf
41053,inf
416961,inf
185575,inf
120599,0.0
201026,inf
195012,inf
147847,inf
629700,inf
23644,inf
475110,0.0
658328,inf
297462,inf
110311,inf
188033,inf
85014,inf
475325,inf
688601,inf
141580,inf
681481,inf
495544,inf
415264,inf
461328,0.0
274210,inf
574513,inf
451929,inf
587031,inf
160327,inf
215187,0.0
696542,inf
530932,inf
279351,0.0
411940,inf
657321,inf
560346,inf
277112,inf
423589,0.0
421118,0.0
420438,inf
256614,inf
274425,inf
134418,inf
462560,inf
155581,inf
592112,inf
308648,inf
77304,inf
705729,inf
294599,inf
29674,0.0
66538,inf
193123,0.0
30662,inf
399878,inf
230216,0.0
81126,0.0
196403,inf
24767,inf
490646,0.0
55467,inf
231722,inf
177355,inf
435217,inf
400089,inf
395133,0.0
493353,inf
5793,inf
3813,inf
504674,0.0
545435,inf
639784,inf
310661,0.0
596614,inf
569494,inf
256831,inf
160496,inf
305610,inf
692494,inf
643973,inf
424048,inf
196856,inf
383976,inf
401457,inf
81892,inf
425038,inf
648140,inf
245086,inf
222526,inf
302556,inf
126996,inf
412242,inf
84783,inf
557762,inf
96096,inf
464548,inf
27687,inf
410707,inf
682774,0.0
508291,inf
660485,inf
688253,0.0
271163,inf
632710,0.0
348650,inf
570790,inf
196307,inf
625327,inf
692740,inf
430357,0.0
222888,0.0
345326,inf
695602,inf
434728,inf
636686,0.0
106459,inf
587954,inf
656235,inf
614057,0.0
439190,0.0
633929,inf
604516,0.0
167379,inf
322528,inf
277777,inf
193473,0.0
443055,inf
693855,inf
152553,inf
622171,inf
501409,inf
531157,inf
458278,inf
478414,inf
478690,inf
534769,inf
45400,inf
529730,0.0
670947,0.0
628000,inf
349880,inf
653940,inf
200306,inf
523522,inf
385025,inf
187321,inf
470691,inf
50653,inf
693832,inf
534183,inf
205834,inf
344415,inf
336709,inf
75098,0.0
301113,inf
508746,inf
108578,inf
502411,inf
353542,inf
660217,inf
693063,inf
378271,inf
293079,inf
187893,inf
30288,inf
480041,inf
267769,inf
631476,inf
262360,inf
500738,inf
227698,inf
454729,inf
422461,inf
258687,inf
441796,inf
205385,0.0
278889,inf
32364,inf
477601,inf
697581,inf
172454,0.0
276875,inf
326901,inf
218465,inf
614172,inf
698122,inf
677952,inf
120266,inf
44000,inf
173798,inf
542253,inf
580000,0.0
67516,inf
181667,0.0
594651,0.0
19923,inf
277586,0.0
669978,0.0
44636,inf
475861,inf
136787,inf
148312,inf
24190,0.0
346801,inf
650434,inf
521977,0.0
148319,inf
371928,inf
265453,inf
445182,inf
226834,inf
59615,0.0
15093,inf
484641,inf
533180,0.0
107400,inf
147349,0.0
535660,inf
61218,inf
604840,inf
457146,inf
251894,inf
581299,inf
319392,inf
173369,inf
433854,inf
647732,0.0
203602,inf
25480,0.0
25756,inf
310924,inf
439534,inf
5890,inf
525099,inf
82290,inf
450605,inf
273364,0.0
546441,0.0
592722,0.0
384518,inf
430458,inf
3200,inf
109391,0.0
470060,inf
704329,inf
547549,inf
566259,inf
641685,inf
331524,inf
108950,0.0
150190,inf
259294,inf
208820,inf
532892,inf
423656,inf
545895,inf
556146,inf
419623,inf
641868,inf
535474,inf
630926,0.0
380410,inf
565140,inf
149847,inf
604103,inf
434167,inf
229201,inf
305414,inf
195072,inf
307067,inf
376572,inf
691641,inf
670511,inf
61271,inf
76739,inf
76222,inf
193911,0.0
13812,inf
19004,inf
388105,inf
98116,inf
35522,0.0
373909,inf
456638,inf
184759,inf
627323,inf
160358,inf
451517,inf
638795,inf
324235,inf
212517,inf
608245,inf
423928,inf
88456,inf
709973,inf
553193,inf
684164,inf
677218,inf
539251,inf
547523,inf
63780,inf
638597,inf
30805,0.0
621996,inf
294849,inf
248106,inf
490045,0.0
82304,0.0
400288,inf
142605,inf
223576,inf
343621,inf
661515,inf
582836,inf
532042,inf
653219,inf
622559,inf
331536,inf
541428,inf
436845,inf
407880,0.0
633409,inf
124962,inf
538069,0.0
389197,0.0
328841,0.0
366803,inf
130194,inf
180229,inf
470779,inf
325196,0.0
192283,inf
708610,inf
32109,inf
372122,inf
39495,inf
359929,inf
419248,0.0
463830,inf
522619,inf
178587,inf
498810,inf
572481,inf
683253,0.0
35219,0.0
498042,inf
482491,0.0
290663,inf
339477,inf
373857,inf
318816,inf
497837,inf
74164,inf
621134,inf
69085,inf
173046,inf
668229,inf
76152,inf
633869,inf
80701,inf
306947,inf
389398,0.0
586649,inf
279138,inf
90465,inf
496745,0.0
373283,inf
20966,inf
353224,inf
608389,inf
250964,inf
505609,inf
60029,0.0
604792,inf
460478,inf
467868,inf
448807,inf
665487,0.0
391766,inf
69435,inf
420921,inf
209372,inf
46546,inf
190962,inf
468515,inf
287145,inf
273534,0.0
261628,inf
588610,inf
550396,inf
457902,inf
186185,inf
372730,inf
605534,inf
514736,inf
204787,inf
1129,inf
148313,inf
134195,inf
371790,0.0
522528,inf
411306,inf
526320,inf
479673,0.0
617081,inf
266430,inf
414981,inf
388188,inf
477082,0.0
486800,0.0
702280,inf
465507,inf
348822,inf
641965,inf
489952,0.0
518493,inf
271647,inf
659827,inf
18705,inf
628548,inf
236945,inf
435449,inf
419584,inf
350313,inf
230657,inf
190900,inf
377303,inf
226033,inf
559840,inf
364464,inf
219200,inf
535408,0.0
216740,inf
157663,0.0
245830,inf
87470,inf
325576,inf
598881,inf
241559,inf
156002,inf
17818,inf
397646,inf
63544,inf
363635,inf
268266,0.0
702643,inf
231886,0.0
231955,inf
439525,0.0
318227,0.0
247096,inf
24603,0.0
92073,inf
314286,inf
68388,0.0
642823,inf
577298,0.0
428710,inf
644556,inf
422443,inf
111732,inf
485487,inf
153975,inf
103037,inf
4894,inf
306869,inf
362228,inf
694656,inf
402427,inf
69170,inf
625588,inf
357350,inf
65769,inf
556929,inf
90803,inf
398297,inf
160066,inf
258848,inf
711393,inf
196309,inf
323103,inf
327970,0.0
700585,0.0
208563,inf
69027,inf
190047,0.0
406337,inf
110160,inf
549725,inf
611702,inf
1546,inf
339252,inf
176007,inf
578159,inf
557685,inf
639323,inf
162846,inf
672996,inf
573776,inf
689865,inf
627774,inf
160350,0.0
506441,inf
632587,inf
77947,inf
134563,0.0
649427,inf
593282,inf
395721,inf
243440,inf
144561,inf
301229,inf
660955,0.0
125428,inf
174794,inf
695627,inf
339328,inf
124189,inf
463421,inf
523270,0.0
47227,inf
666364,inf
445693,inf
230779,inf
459926,inf
335500,inf
567912,inf
453439,0.0
347284,inf
554803,inf
326233,inf
344381,inf
31401,inf
98637,inf
190690,0.0
263388,inf
181343,inf
184899,0.0
249390,inf
468784,inf
247499,inf
209859,inf
625193,inf
621314,inf
485645,inf
335394,inf
598856,inf
600776,0.0
245080,inf
531341,0.0
539388,inf
266028,inf
483209,inf
606100,inf
320140,inf
415060,inf
703821,inf
317926,inf
505244,0.0
30685,0.0
444838,inf
439490,0.0
603671,inf
421947,inf
155096,inf
596897,inf
623175,inf
676572,inf
10811,inf
74280,inf
210489,inf
515329,inf
76938,inf
326894,0.0
9482,inf
183544,inf
663497,inf
36027,inf
656404,inf
135898,inf
12464,inf
129443,inf
615487,0.0
366623,inf
78022,inf
224450,inf
547261,0.0
40448,inf
621337,inf
80988,inf
468997,inf
522486,inf
10917,inf
431919,0.0
500185,inf
29513,inf
153649,inf
236471,inf
32236,inf
372974,inf
577175,0.0
329817,inf
53909,inf
6448,inf
428696,inf
13686,inf
282450,inf
409269,inf
555139,inf
706632,inf
486516,inf
446404,inf
15973,0.0
212743,0.0
500718,0.0
281863,0.0
481236,inf
95203,0.0
419964,inf
337553,0.0
436438,inf
275882,0.0
246799,inf
657601,0.0
50257,inf
104141,0.0
414954,0.0
81798,inf
476363,0.0
612852,inf
629941,inf
261810,0.0
360652,0.0
366244,inf
393857,inf
702818,inf
115598,inf
427881,inf
364136,inf
65907,inf
247451,inf
594692,inf
162416,inf
202080,0.0
550061,inf
335515,inf
616399,inf
85815,inf
358582,inf
494324,inf
371426,inf
166751,0.0
357734,inf
661827,inf
7920,inf
198920,inf
419256,inf
173577,inf
656213,inf
430731,inf
380926,inf
45735,inf
599805,inf
672874,inf
630819,inf
330973,inf
648701,inf
368461,inf
626276,inf
181432,inf
231774,inf
585916,inf
521548,inf
335475,inf
158094,inf
249145,0.0
44615,0.0
7711,inf
500382,inf
140666,inf
265460,0.0
462598,inf
659955,inf
46936,inf
323712,inf
655364,inf
301458,0.0
363362,inf
56611,inf
595823,inf
599966,inf
622282,inf
304822,inf
476796,0.0
108151,0.0
591715,inf
262954,0.0
84909,inf
251008,0.0
702361,inf
125381,inf
526126,inf
240678,inf
66723,inf
594021,0.0
644191,inf
310118,inf
579143,inf
666912,inf
532480,inf
703698,inf
238984,inf
307565,inf
656013,inf
613562,inf
409284,inf
246305,inf
17834,0.0
245499,inf
50468,inf
301334,inf
422741,0.0
74037,0.0
677146,0.0
169941,inf
318461,inf
550813,inf
480049,0.0
61629,inf
526986,inf
136132,inf
27649,inf
610794,inf
346191,inf
540578,inf
413277,0.0
509768,inf
360244,inf
635087,inf
700895,inf
463617,inf
239841,inf
460499,inf
182936,inf
118742,inf
3551,inf
546034,inf
91359,inf
339575,inf
425320,inf
355272,inf
168319,inf
509645,inf
506622,inf
263375,inf
680222,inf
403687,inf
444637,inf
300065,inf
126403,inf
152272,inf
711099,inf
274656,inf
633059,0.0
239787,inf
686446,inf
255134,inf
206954,inf
235512,inf
228349,0.0
142543,inf
88665,inf
330379,inf
624962,0.0
250174,inf
476372,inf
482777,inf
664203,inf
536039,inf
4020,inf
523926,inf
94607,inf
476751,inf
399311,inf
509374,inf
577346,inf
372165,inf
55388,inf
395036,0.0
304979,inf
633231,inf
101274,inf
108979,0.0
479776,inf
405674,inf
310821,inf
200579,0.0
527867,inf
681429,inf
593325,inf
30299,inf
303872,inf
422821,inf
337059,inf
582365,inf
149762,inf
503798,0.0
61854,inf
541328,inf
613863,inf
165786,0.0
198892,inf
521974,inf
409820,inf
300901,inf
332689,inf
654840,inf
82557,0.0
599871,inf
218963,inf
483056,0.0
672363,inf
616938,inf
654373,inf
566821,inf
481841,inf
237641,inf
88406,inf
693234,0.0
276679,inf
482794,0.0
635692,inf
250018,0.0
337406,inf
171563,inf
402845,inf
553647,inf
691425,inf
200764,0.0
374868,inf
416376,inf
642233,inf
678222,inf
30597,inf
656678,inf
690274,inf
557148,inf
28830,inf
104652,inf
158339,inf
511798,inf
636170,inf
448094,inf
113654,inf
184165,0.0
469759,inf
588242,inf
397108,inf
578340,inf
537558,0.0
113977,inf
345729,inf
284115,inf
468957,inf
543950,inf
382630,inf
427328,inf
486264,inf
662237,inf
202580,0.0
180461,inf
678841,inf
673535,inf
73212,0.0
583214,inf
129786,inf
472198,inf
68155,inf
140712,inf
550300,inf
154764,0.0
9236,inf
436360,inf
254663,inf
504803,inf
254633,inf
124125,inf
113250,inf
464843,inf
583922,inf
699407,0.0
430404,inf
520160,0.0
571951,inf
50102,inf
219197,inf
252747,0.0
388274,inf
110640,0.0
615840,inf
686773,inf
562886,inf
491639,inf
145773,inf
336367,inf
635521,inf
526873,inf
9937,inf
219325,inf
193821,inf
348109,inf
534540,inf
379355,inf
113543,inf
408180,inf
394875,inf
304146,inf
602496,inf
59053,inf
504020,inf
32633,0.0
218403,inf
685784,inf
341957,inf
286953,inf
641499,inf
160215,inf
314108,inf
636274,0.0
539403,inf
309448,inf
274443,inf
256284,inf
57904,inf
579998,0.0
45647,0.0
471976,inf
21901,inf
442959,inf
394686,inf
440149,inf
145453,inf
104149,inf
595326,inf
50585,inf
315536,inf
351743,0.0
117526,inf
211829,inf
649602,inf
82538,inf
529591,inf
153640,inf
447161,0.0
567039,inf
576976,inf
291564,inf
207721,inf
136697,inf
186126,inf
8503,inf
404633,inf
611969,inf
32632,inf
329640,inf
591162,inf
450864,inf
614009,inf
134476,inf
6507,inf
694639,inf
156573,0.0
366613,inf
153056,inf
270761,inf
314523,inf
215195,inf
320252,0.0
275997,inf
285773,inf
31880,inf
620978,inf
433373,inf
185348,inf
312781,inf
550613,inf
498236,0.0
698527,inf
251177,inf
633596,0.0
184591,0.0
629329,0.0
321143,inf
382822,inf
567962,0.0
298058,inf
504663,inf
139956,0.0
271646,inf
448617,inf
333024,0.0
71014,inf
247593,inf
356044,inf
698188,inf
132083,inf
219698,inf
223170,inf
195803,inf
282054,inf
149311,inf
546449,inf
629518,inf
306465,0.0
213488,inf
464407,inf
693524,inf
278344,inf
636575,0.0
399735,0.0
245135,inf
118875,0.0
95396,inf
54785,inf
586160,0.0
6407,inf
207199,inf
636591,0.0
578799,inf
381388,0.0
670573,inf
708207,inf
206720,inf
199074,inf
553622,inf
631712,0.0
78918,inf
468082,inf
375273,inf
168145,inf
402149,inf
676950,inf
532108,inf
287471,inf
33869,inf
433319,0.0
276933,inf
478790,inf
502458,inf
329931,inf
506449,inf
266662,inf
555582,inf
244799,inf
35636,inf
171008,inf
437059,inf
208502,inf
335167,inf
42257,inf
550992,inf
312344,inf
145986,inf
142988,inf
255516,inf
3559,inf
361408,inf
27770,inf
232965,0.0
557168,inf
673217,0.0
163083,0.0
31124,inf
58842,inf
676369,inf
430242,inf
293445,0.0
517340,0.0
614457,inf
708262,inf
316903,inf
110748,inf
608743,inf
180882,inf
513713,inf
446134,inf
676569,0.0
230072,inf
203070,inf
682399,0.0
180638,inf
391633,inf
244244,inf
677643,0.0
437340,0.0
482034,inf
692406,inf
598393,0.0
480449,inf
314899,inf
656882,inf
445640,inf
132613,inf
633939,inf
561714,0.0
535254,inf
355060,inf
581220,inf
600529,inf
304089,inf
563811,inf
443986,inf
682357,inf
708081,inf
116223,inf
246367,inf
379572,0.0
279856,inf
63502,inf
374854,inf
95022,inf
697364,inf
609004,inf
543944,inf
703077,inf
327831,inf
45636,inf
671408,0.0
208230,inf
115422,inf
131202,inf
93285,inf
328348,inf
160130,0.0
431224,inf
260062,inf
490618,inf
634367,0.0
538428,inf
230317,inf
378560,inf
654218,inf
265179,0.0
303740,inf
418864,inf
46014,inf
231020,inf
506970,inf
622071,inf
187076,inf
247448,0.0
583724,inf
610495,inf
553487,inf
514052,inf
614443,inf
570587,inf
329711,inf
319858,inf
243759,inf
543299,inf
596612,inf
469737,inf
352330,inf
32091,inf
210571,0.0
496202,inf
317235,0.0
631918,inf
55226,inf
604193,inf
328733,0.0
72499,0.0
325526,inf
291176,inf
163548,inf
310822,inf
32230,inf
66361,inf
213367,0.0
443202,inf
438334,inf
383247,inf
107021,inf
285642,inf
158759,inf
567772,0.0
436379,inf
94592,inf
683693,inf
273992,inf
397859,inf
274734,inf
424690,inf
696734,inf
486666,inf
1021,inf
269304,inf
331794,inf
131464,inf
575003,inf
437660,inf
578866,inf
561423,inf
311147,inf
163032,inf
100434,inf
294818,inf
280240,0.0
247654,inf
451098,inf
102110,0.0
101045,inf
592184,inf
293905,inf
375708,inf
24044,inf
176434,inf
127535,inf
709445,inf
635256,inf
145046,inf
408039,0.0
173653,inf
182177,inf
298741,inf
697977,inf
421031,0.0
282274,inf
201590,inf
607766,0.0
395975,inf
407025,0.0
643091,inf
326232,inf
433330,inf
166544,inf
394395,inf
574648,inf
566627,inf
549257,inf
398878,inf
52083,inf
180353,inf
404412,inf
15765,inf
8387,inf
381534,0.0
323347,inf
152461,inf
142595,inf
668717,inf
276970,inf
459595,inf
96499,inf
320906,inf
566522,inf
66240,inf
699244,inf
399428,inf
434317,inf
610014,inf
265507,0.0
450229,0.0
481447,inf
351837,inf
106291,0.0
283551,inf
527465,inf
101613,inf
220920,inf
585164,0.0
435018,0.0
667844,inf
702485,inf
247212,0.0
353055,0.0
446542,inf
433934,inf
640002,inf
356605,inf
580748,inf
328461,inf
74784,inf
676417,inf
571963,inf
356519,inf
416014,inf
308706,inf
507657,inf
68386,inf
64812,inf
323095,inf
330605,inf
458672,inf
85021,inf
83139,0.0
533880,inf
618031,0.0
195480,inf
511679,inf
197216,0.0
468565,inf
514369,0.0
339055,inf
372750,inf
45613,inf
192912,0.0
307647,inf
153725,inf
7095,inf
301529,inf
438411,0.0
20686,inf
630868,inf
38843,inf
619303,inf
541843,inf
611302,inf
467553,inf
281328,0.0
245874,inf
182861,inf
482116,inf
14194,inf
325579,0.0
196365,inf
18107,inf
471336,inf
114548,inf
430852,inf
600475,inf
537318,inf
257138,inf
343514,inf
293489,0.0
96,inf
53694,0.0
338173,inf
68528,inf
173668,inf
582289,inf
146933,inf
60893,inf
179946,inf
116524,0.0
576723,inf
628882,inf
566339,inf
470372,inf
579787,inf
163036,inf
620320,inf
255702,inf
4555,inf
12275,inf
158896,inf
563327,inf
695992,inf
350772,inf
368489,0.0
439735,0.0
646116,inf
13900,inf
630679,inf
220047,inf
253966,inf
190026,inf
430616,inf
650957,inf
137469,inf
674684,0.0
313819,inf
11022,inf
389493,0.0
467612,0.0
72492,inf
574265,0.0
466500,inf
339941,inf
86551,inf
71900,0.0
52316,0.0
56441,0.0
135533,inf
198958,inf
458249,inf
17344,inf
344623,inf
669567,inf
101582,inf
12243,inf
64453,inf
181582,inf
379747,inf
550461,inf
632077,0.0
558028,inf
457368,0.0
655945,inf
115045,inf
603746,0.0
326630,inf
664461,inf
276975,inf
290603,0.0
208496,inf
485215,inf
307594,inf
388659,inf
286882,inf
462096,inf
392256,inf
219794,inf
583698,inf
338175,inf
72763,inf
154634,inf
649383,inf
516098,0.0
76596,inf
423704,inf
694855,inf
572148,inf
307772,inf
242243,0.0
257334,inf
109334,inf
549851,inf
269105,inf
316517,inf
657370,inf
642083,inf
313038,inf
10153,inf
331165,inf
337015,inf
491459,inf
538626,inf
571703,inf
66309,0.0
60635,0.0
287921,inf
10770,inf
565060,inf
259240,inf
288981,inf
377413,inf
648624,inf
523585,inf
219699,inf
126631,inf
461530,inf
190493,0.0
296067,inf
576646,inf
313252,inf
688170,inf
358546,inf
610687,inf
56668,inf
514130,inf
521608,inf
174010,0.0
352878,inf
442391,inf
139648,inf
385094,inf
474516,inf
591392,inf
697219,inf
182319,inf
336622,inf
632214,inf
650532,inf
305533,inf
81154,inf
360253,inf
299861,0.0
690036,0.0
492307,inf
18286,inf
500930,inf
80480,inf
255491,0.0
28599,0.0
592620,inf
628850,inf
523032,0.0
286726,inf
682418,inf
510633,inf
140559,inf
24361,inf
201081,inf
668247,inf
596369,0.0
175302,0.0
513543,inf
570180,inf
435410,inf
332010,inf
354852,inf
98817,inf
216275,0.0
134443,inf
663450,inf
525295,inf
195574,inf
397499,inf
644862,inf
157270,0.0
107238,inf
329875,inf
528180,inf
46675,inf
195841,inf
701448,inf
179638,inf
73495,inf
338844,0.0
313057,inf
333362,inf
320580,0.0
62827,inf
577683,inf
45956,inf
453203,inf
386116,inf
317593,inf
169484,inf
182746,inf
500560,inf
285478,inf
253530,inf
373622,0.0
437488,inf
225498,inf
580626,inf
63487,inf
524323,inf
144640,inf
542482,0.0
563737,0.0
45717,inf
190369,inf
73890,inf
63852,inf
55748,inf
97153,inf
644101,inf
531701,0.0
268258,inf
42292,inf
688932,inf
437689,0.0
237037,0.0
672929,inf
634800,inf
434249,inf
358257,0.0
603204,inf
267998,inf
683347,0.0
678496,inf
384592,inf
242766,0.0
274618,inf
308015,inf
34917,inf
702058,inf
153934,inf
199190,0.0
702886,inf
366700,0.0
538646,inf
391040,inf
4452,inf
406148,0.0
447212,0.0
676373,inf
565588,0.0
29538,inf
203219,inf
633015,inf
702107,inf
366575,inf
316499,0.0
65090,inf
458576,inf
192608,0.0
36471,inf
53815,inf
220565,0.0
633635,inf
140564,inf
28263,inf
492106,inf
205412,inf
436789,0.0
378452,inf
491859,0.0
211461,0.0
409534,inf
488692,inf
352109,inf
544637,0.0
244045,inf
283269,inf
565406,0.0
55699,inf
240700,inf
542731,inf
574560,inf
406428,inf
46225,inf
96452,inf
92430,0.0
60763,inf
38105,0.0
605407,inf
226761,inf
205367,inf
176502,inf
21126,inf
633518,0.0
230550,inf
170006,inf
181166,inf
518953,inf
194817,inf
428227,inf
24593,inf
21690,inf
591007,inf
125332,inf
48581,0.0
118461,inf
164491,inf
686395,inf
365684,inf
509873,inf
87779,inf
480767,inf
707168,inf
571486,inf
563932,inf
672535,inf
558548,inf
18585,inf
18652,inf
146605,inf
373929,inf
210578,0.0
556584,0.0
343499,inf
52535,0.0
26273,inf
271756,inf
168348,inf
510830,0.0
687094,inf
369341,inf
501613,inf
600850,inf
251599,inf
708382,inf
263217,inf
100739,inf
143372,inf
221542,inf
317848,inf
36568,0.0
386225,inf
94597,0.0
24184,0.0
693715,inf
148746,inf
18276,inf
676846,inf
196698,inf
309119,inf
245198,inf
245772,inf
463526,0.0
547559,0.0
138559,inf
549502,inf
110340,inf
1707,inf
104642,inf
189586,inf
290691,inf
426614,inf
707779,inf
495043,inf
101375,inf
554811,0.0
152082,0.0
594059,inf
407572,inf
64957,inf
119964,inf
484364,0.0
645471,inf
295304,0.0
433118,inf
562276,0.0
359201,inf
170085,inf
602635,inf
292414,0.0
261974,inf
139463,inf
672360,inf
551263,0.0
34297,0.0
208120,inf
139069,inf
194830,inf
654967,inf
299213,inf
328011,inf
367833,inf
463993,inf
458419,inf
573935,inf
177376,inf
283096,inf
623921,inf
569043,0.0
494954,inf
601845,inf
97209,0.0
474544,inf
647138,inf
518981,inf
408339,inf
347191,inf
674838,inf
187891,inf
254631,inf
701227,inf
521096,0.0
196400,inf
370194,inf
568167,inf
418657,inf
261872,0.0
195475,inf
398175,0.0
24939,inf
592857,inf
208104,inf
532605,0.0
535571,inf
462475,inf
664797,inf
365267,inf
372017,inf
82583,inf
69012,inf
173830,inf
14347,inf
429283,0.0
680696,inf
169938,0.0
654777,inf
475328,inf
407076,0.0
686819,inf
284352,inf
310268,inf
497326,inf
674031,inf
159749,inf
275650,0.0
425799,inf
488725,inf
209226,inf
26328,inf
470385,inf
345767,inf
530163,inf
556838,inf
242162,inf
653675,inf
437399,inf
527841,inf
387750,inf
135615,0.0
386877,inf
324327,inf
120033,inf
573059,0.0
638088,inf
119738,0.0
701940,inf
560435,inf
383717,inf
386727,inf
589133,inf
33817,inf
408178,inf
201090,0.0
234836,inf
375392,inf
347434,0.0
297229,inf
19921,inf
118854,inf
377375,inf
407840,inf
448979,inf
706489,inf
154120,inf
146843,inf
72503,inf
22993,inf
662396,inf
167755,inf
441719,inf
33194,inf
348488,0.0
309551,inf
627654,inf
658596,inf
475958,inf
498942,0.0
322177,0.0
356631,inf
543771,0.0
411167,inf
472059,inf
130254,inf
432678,inf
591323,0.0
694985,inf
537233,inf
652522,inf
174923,0.0
258309,inf
661600,0.0
711453,inf
111972,inf
605341,inf
25520,inf
532438,0.0
17882,inf
418974,inf
14845,0.0
171323,inf
193918,inf
192348,inf
395177,inf
243464,inf
382972,inf
376001,inf
90561,0.0
212141,0.0
398875,inf
373364,inf
299402,inf
600453,0.0
497615,inf
388276,inf
220738,inf
269645,inf
469050,0.0
597953,0.0
77720,0.0
235050,inf
147361,inf
481769,0.0
681610,0.0
575542,inf
457575,0.0
137144,inf
354684,inf
547020,inf
121338,inf
307384,inf
539375,inf
297953,inf
462412,inf
7362,inf
684509,inf
433067,inf
245690,inf
349549,inf
625846,inf
266356,inf
561073,inf
83550,inf
603220,inf
57926,inf
369104,inf
241350,inf
82782,inf
455442,inf
129890,inf
661526,inf
176762,inf
277792,inf
145672,inf
497844,inf
44696,inf
7127,inf
705231,inf
124042,inf
36637,inf
60386,inf
273959,inf
574701,inf
313775,inf
672356,inf
9619,inf
547176,inf
413320,inf
106859,0.0
80892,inf
86515,inf
71307,inf
596456,0.0
321036,inf
493917,inf
109961,inf
420487,inf
94967,inf
645036,inf
393011,inf
544084,0.0
385260,inf
587500,inf
301193,inf
168978,inf
191568,inf
116229,inf
637052,inf
658672,0.0
211504,inf
8764,inf
308117,inf
460481,inf
433016,inf
592264,inf
341626,inf
162681,inf
652523,inf
552552,inf
302915,inf
580526,inf
666688,inf
268626,0.0
74553,inf
676283,0.0
262275,inf
85677,inf
52587,inf
491484,inf
79618,inf
499295,inf
4195,0.0
309500,inf
159115,inf
550010,inf
592659,inf
568869,inf
604372,inf
9286,inf
590437,0.0
235687,inf
585176,inf
691954,inf
189117,inf
186901,inf
482662,inf
614265,inf
461702,inf
57880,inf
323923,0.0
628567,inf
693966,inf
591764,inf
360922,inf
396550,inf
511446,inf
429042,0.0
627973,inf
291875,inf
622377,inf
625103,inf
43241,inf
474237,inf
584106,inf
562317,0.0
543193,inf
213357,inf
703871,inf
160756,inf
686513,inf
514245,inf
163518,inf
347914,inf
555877,inf
570124,inf
711509,0.0
498484,inf
79459,inf
525447,inf
379004,inf
534678,inf
469439,inf
440287,0.0
600151,inf
425688,inf
261757,inf
246142,inf
340050,inf
60455,inf
69981,inf
580832,inf
245553,inf
121649,inf
708140,inf
189198,inf
672386,inf
690314,inf
31026,inf
397963,inf
463774,inf
676886,inf
57875,inf
273630,0.0
521728,inf
529102,inf
448855,inf
350504,0.0
579562,inf
11765,inf
352505,0.0
16331,inf
88389,inf
514728,inf
690118,inf
578191,0.0
451278,0.0
29104,inf
687488,inf
113966,inf
391411,inf
75576,inf
329947,0.0
145768,inf
538545,inf
76932,inf
104269,inf
40275,inf
145532,inf
207073,inf
441342,inf
461542,0.0
386081,inf
231275,inf
15993,inf
592369,0.0
367916,inf
154551,inf
691690,inf
290804,inf
507076,inf
197523,inf
278955,inf
511863,inf
526095,inf
207940,inf
407831,inf
588513,0.0
622183,inf
635883,inf
247168,inf
341436,0.0
717,inf
517324,inf
378371,inf
146493,inf
634018,inf
25275,inf
426510,0.0
19077,inf
554570,0.0
309739,inf
324549,0.0
581388,0.0
620845,0.0
47255,inf
463432,inf
462446,0.0
485630,inf
7753,inf
294744,inf
537562,inf
408093,inf
13422,0.0
573837,inf
289132,inf
673492,inf
620949,inf
378283,inf
316693,0.0
633387,inf
202528,inf
181225,inf
377958,inf
385117,inf
294772,inf
628598,inf
38448,inf
662614,inf
326699,inf
169478,inf
186789,inf
568541,inf
463232,inf
370414,0.0
692755,0.0
647902,inf
146295,0.0
299806,inf
435352,inf
258160,0.0
647113,inf
14045,inf
634138,inf
402332,inf
212653,inf
255536,inf
373555,0.0
378541,inf
373110,inf
69513,inf
633851,inf
464946,inf
177923,inf
217403,inf
264906,inf
387105,inf
76837,inf
50800,inf
486846,inf
94076,0.0
664774,inf
321126,inf
646537,inf
702993,inf
647937,0.0
231233,inf
236492,0.0
464690,inf
557057,inf
711892,inf
105899,0.0
129694,inf
173395,inf
310105,inf
586339,inf
693670,inf
690430,inf
32427,inf
242601,inf
655261,inf
285220,inf
612087,inf
98675,0.0
419478,inf
334840,inf
411484,inf
700752,inf
288407,0.0
325255,inf
247647,inf
75230,inf
482821,inf
557331,inf
608687,inf
154442,inf
389536,inf
42140,0.0
538038,0.0
381107,inf
168096,inf
632143,inf
156907,inf
429219,inf
318224,inf
249612,inf
447651,inf
700674,inf
518089,0.0
418123,inf
665318,0.0
43752,0.0
160282,inf
694636,inf
266120,inf
380424,inf
230132,inf
229030,inf
376755,inf
658312,inf
94210,inf
651943,inf
192545,inf
76350,inf
401115,inf
280174,0.0
676904,inf
658393,inf
576257,inf
67513,inf
523669,inf
352072,inf
83157,inf
149609,0.0
423283,inf
30386,inf
612843,inf
141612,inf
15587,inf
515361,0.0
485017,inf
554007,inf
393594,0.0
3162,inf
383731,inf
400993,inf
284745,inf
480656,inf
506309,inf
558097,0.0
699589,inf
395437,inf
105071,inf
292311,inf
167564,inf
533902,inf
598140,inf
472037,inf
23008,inf
454980,inf
406740,inf
96701,inf
28030,inf
664040,inf
524641,inf
341427,inf
23701,0.0
70379,0.0
49259,inf
466198,inf
711390,inf
88854,inf
641038,inf
676593,inf
81333,inf
423526,inf
125645,inf
478125,0.0
693205,0.0
145104,0.0
685257,inf
238388,inf
95607,0.0
296097,inf
351966,inf
21096,inf
277594,inf
71704,inf
650293,0.0
130294,inf
334221,inf
362430,inf
595824,0.0
680610,inf
613136,inf
483345,inf
533234,inf
350653,inf
574095,0.0
537027,inf
424617,0.0
691666,inf
610110,inf
240607,inf
537793,0.0
155937,0.0
5987,0.0
511069,inf
194994,inf
344289,inf
552790,inf
26187,inf
695625,inf
186807,inf
208648,inf
337083,inf
406883,inf
533344,inf
404220,inf
543487,inf
300450,inf
284814,inf
310298,0.0
174723,inf
674613,inf
432029,inf
403037,inf
643750,inf
182306,inf
352953,0.0
357209,inf
357191,inf
603516,inf
410735,0.0
498090,inf
235788,inf
282637,inf
624612,inf
378099,inf
58667,0.0
534504,0.0
704545,inf
205951,0.0
439888,0.0
439370,inf
552690,inf
9343,0.0
347517,inf
214453,inf
172558,inf
42980,inf
505369,inf
44997,0.0
192147,inf
76282,0.0
505807,0.0
694920,0.0
191848,inf
35482,inf
420015,inf
330127,inf
210512,inf
666257,inf
611539,inf
336005,inf
193765,inf
94867,inf
514283,inf
633293,inf
446497,0.0
388578,inf
412544,inf
160233,inf
289775,inf
108033,inf
647300,inf
266912,inf
28519,inf
143706,inf
448744,0.0
274112,0.0
400277,inf
212813,inf
687598,inf
449312,inf
567420,inf
701395,inf
214632,0.0
493491,inf
35018,0.0
400335,inf
582144,inf
309686,inf
254709,inf
16589,inf
636766,inf
150741,inf
194140,inf
288949,inf
490190,0.0
503321,inf
229309,inf
446885,inf
606754,0.0
485813,inf
697669,inf
431794,0.0
157121,inf
135238,inf
285737,inf
445159,inf
396702,inf
648056,inf
427161,0.0
53311,0.0
92088,inf
370262,inf
346248,inf
230161,inf
287359,inf
569995,inf
1934,inf
608618,inf
471248,inf
307474,inf
511626,inf
52621,inf
340606,inf
154159,inf
27656,0.0
472324,inf
294676,inf
564059,inf
174198,0.0
568119,inf
530063,inf
607075,inf
114080,0.0
97445,inf
657473,inf
162476,inf
135567,inf
292744,0.0
637703,inf
238158,inf
294883,inf
419759,inf
87616,inf
372844,inf
14493,inf
146608,inf
347282,inf
25727,inf
525760,inf
322562,inf
236508,inf
549827,inf
50974,inf
100833,inf
444907,0.0
319191,inf
259046,inf
211131,inf
234056,inf
141543,0.0
388650,0.0
73271,inf
213825,0.0
330637,0.0
660956,inf
32634,inf
308357,inf
417913,inf
262544,inf
640777,inf
283998,inf
487881,inf
555326,inf
701137,inf
574753,inf
12546,inf
577834,inf
259199,inf
194268,inf
608467,inf
225612,inf
70590,inf
620943,inf
168988,inf
697644,inf
14061,inf
110071,0.0
1718,inf
224980,inf
230555,inf
504710,inf
301373,inf
328160,inf
347361,inf
45048,0.0
370877,inf
2501,0.0
702478,inf
156756,inf
515978,inf
271375,inf
255963,inf
508243,0.0
571555,inf
80537,0.0
528447,inf
32351,inf
461362,inf
460718,inf
271890,inf
22375,0.0
669360,0.0
272441,inf
250887,0.0
509777,inf
707309,inf
149257,inf
701494,inf
522415,inf
300007,inf
198956,inf
674977,inf
350473,inf
676108,inf
310008,0.0
54201,inf
357918,inf
392979,inf
74862,0.0
543945,inf
554936,inf
78045,0.0
243653,inf
144670,inf
652838,inf
2747,inf
410275,inf
129436,inf
196417,0.0
205812,inf
648518,inf
125663,inf
340773,inf
94530,inf
501722,inf
155996,inf
372176,inf
341494,inf
108082,inf
307393,inf
442039,0.0
449696,inf
673883,inf
251093,0.0
330307,inf
542570,inf
493258,inf
40209,0.0
599989,inf
42470,inf
637224,inf
512237,inf
607046,inf
310444,inf
297685,0.0
278130,inf
108838,inf
613254,inf
679571,inf
161174,inf
213227,inf
122858,inf
80281,0.0
659047,inf
410088,inf
215422,inf
348825,inf
152210,inf
379203,inf
133713,inf
613926,inf
421376,inf
191342,inf
23521,inf
156904,inf
568307,inf
606019,inf
59905,0.0
346834,inf
29703,0.0
125333,0.0
24698,inf
429115,0.0
202183,inf
69063,0.0
79911,inf
623590,inf
559609,inf
576227,inf
635383,0.0
466958,inf
373472,0.0
600337,inf
112006,inf
317131,inf
559109,inf
375760,inf
434827,inf
383935,0.0
206086,inf
312805,inf
657083,inf
513904,inf
641698,inf
349009,inf
34700,inf
185992,0.0
309039,inf
38309,inf
694575,inf
564189,inf
126935,inf
227328,0.0
464145,0.0
491985,inf
292389,0.0
361340,inf
344128,0.0
492845,inf
205682,inf
617416,inf
196362,inf
704405,inf
41510,inf
668107,inf
481155,inf
445467,inf
348123,inf
468436,0.0
118354,inf
586881,inf
505393,inf
624955,0.0
343040,0.0
129432,inf
51525,inf
78403,inf
156012,0.0
248218,inf
538412,inf
165023,inf
463565,inf
510137,inf
663475,inf
144330,0.0
349747,inf
282987,inf
338089,inf
212866,inf
627551,inf
149825,0.0
664070,inf
497437,inf
111051,inf
440274,inf
237028,inf
99550,inf
556050,inf
7027,inf
142983,inf
603894,inf
227365,inf
7323,inf
327235,inf
75414,0.0
223615,inf
17181,inf
562218,inf
32732,0.0
15087,inf
189609,0.0
138782,inf
694986,inf
310817,inf
259426,inf
53361,inf
173885,inf
256530,inf
458595,inf
633247,inf
484058,inf
334743,inf
479549,0.0
260716,inf
654672,0.0
105546,inf
522877,inf
556825,inf
295026,inf
215546,inf
336136,inf
69984,inf
493039,inf
586305,inf
52821,inf
408224,inf
85266,0.0
457236,inf
93717,0.0
562929,inf
710233,0.0
235742,inf
195203,0.0
29712,inf
386314,inf
645851,inf
496357,inf
229161,inf
617331,0.0
423128,inf
586648,inf
194935,inf
188625,inf
584545,inf
125573,inf
519587,inf
385192,0.0
469782,inf
351860,inf
138746,inf
88710,inf
354278,inf
546957,inf
24733,inf
504817,inf
532973,inf
285262,inf
5049,inf
57804,inf
62563,inf
602030,inf
8989,inf
534167,0.0
291544,0.0
554608,inf
174634,inf
123761,0.0
154424,0.0
142571,0.0
547755,inf
272674,inf
601021,inf
378164,inf
146576,inf
260142,inf
333556,inf
46171,0.0
433705,inf
666989,inf
261614,inf
606729,inf
581877,0.0
500139,0.0
502912,inf
499254,inf
203853,inf
175812,inf
280953,inf
344400,0.0
83635,inf
197378,0.0
449773,0.0
317220,inf
564230,inf
11195,inf
37444,inf
661240,inf
546432,inf
420956,inf
176514,inf
332852,inf
13358,0.0
267744,inf
626940,inf
83135,inf
188085,inf
556681,inf
672419,inf
668763,0.0
587331,inf
22405,0.0
394217,0.0
656703,inf
667982,inf
384848,inf
535390,inf
396620,0.0
397490,inf
78521,inf
346813,inf
60615,inf
329134,inf
630381,inf
108295,inf
269754,inf
257072,inf
538110,inf
125450,inf
564471,inf
82777,inf
317720,inf
475906,0.0
292547,inf
261758,inf
702094,inf
420781,inf
194382,inf
292766,0.0
631066,inf
292831,inf
377981,inf
311294,inf
662921,inf
124537,inf
13486,inf
30775,inf
109508,0.0
536811,inf
82258,inf
482804,inf
171770,inf
51592,inf
554515,inf
52416,inf
566597,inf
148117,inf
708613,inf
452120,inf
185602,0.0
303146,inf
91805,inf
200087,inf
227822,inf
254656,inf
378648,inf
299673,inf
204353,inf
402432,inf
99027,inf
573165,inf
647166,0.0
629499,0.0
420559,inf
87416,inf
55891,inf
470144,0.0
691681,inf
376734,inf
141131,inf
544731,inf
587541,0.0
16760,inf
394580,0.0
58100,inf
168308,inf
336312,inf
344152,inf
506813,inf
578912,inf
482492,inf
26864,inf
456833,inf
398587,inf
481720,inf
369284,inf
233733,0.0
152825,inf
558649,0.0
86251,inf
6775,0.0
583946,inf
417657,inf
42341,0.0
453164,inf
688454,inf
562618,inf
525845,inf
93180,0.0
537534,inf
680081,inf
697704,inf
297534,inf
530418,inf
140293,inf
240669,inf
603227,inf
568925,0.0
294481,inf
194112,0.0
213950,inf
148709,inf
21246,inf
192358,0.0
545975,0.0
497050,inf
400229,inf
318567,inf
175668,inf
298310,inf
290896,inf
251845,inf
80486,inf
645297,inf
162814,inf
488065,0.0
515200,inf
698144,inf
523960,0.0
215625,inf
628442,inf
216849,inf
583632,inf
37135,0.0
330145,inf
243459,0.0
440475,inf
181643,0.0
214185,inf
668234,inf
687764,inf
383799,inf
685353,inf
420257,inf
616386,inf
151992,0.0
259903,inf
711891,inf
284691,0.0
101184,0.0
683157,inf
149657,inf
614367,inf
556719,inf
586641,inf
409824,inf
235150,inf
210748,inf
499928,inf
347655,0.0
25831,inf
671126,inf
239799,0.0
661609,inf
20994,inf
471904,0.0
28752,inf
640578,inf
145531,inf
144989,inf
30876,inf
493327,inf
92038,inf
441729,inf
102330,inf
94631,inf
104370,inf
708679,inf
623568,inf
376790,inf
306718,inf
346902,inf
261569,inf
426202,inf
94848,inf
117358,inf
546222,inf
343218,inf
533333,inf
597611,inf
380925,inf
457149,inf
411064,inf
141952,inf
608524,inf
9047,inf
632859,inf
286219,inf
159644,inf
134856,inf
35841,inf
166479,inf
306220,inf
538598,inf
56316,inf
266321,inf
31653,inf
332510,inf
271,inf
234826,inf
325897,inf
123003,0.0
590666,inf
507869,inf
635299,inf
216662,inf
65976,inf
464294,inf
70739,inf
126266,inf
26813,0.0
262614,0.0
120980,inf
411263,inf
709048,0.0
366433,inf
212208,inf
338524,inf
590171,inf
166840,inf
136089,inf
448417,0.0
473272,0.0
431791,inf
94612,inf
601253,inf
249334,inf
74657,inf
230467,inf
432965,0.0
209092,inf
531751,inf
45322,inf
424304,0.0
226170,inf
643776,inf
382756,inf
85470,0.0
502596,inf
337402,inf
489959,inf
404938,inf
574082,inf
21773,inf
543352,inf
147195,0.0
533466,inf
553905,inf
47451,inf
253679,inf
50409,inf
625261,inf
116852,inf
269175,0.0
251644,inf
708979,inf
699272,inf
520256,inf
559485,inf
618320,inf
512385,inf
617165,inf
462799,inf
365958,inf
410451,inf
699513,inf
483851,inf
636824,inf
466975,inf
582784,inf
20387,inf
175149,inf
390453,0.0
382668,inf
695644,inf
358864,inf
10776,inf
372056,inf
692451,0.0
557163,inf
626883,inf
126675,inf
72658,inf
310007,inf
40140,0.0
461903,0.0
178946,inf
428873,inf
93548,inf
257946,0.0
115634,inf
195641,inf
432474,inf
397393,0.0
82037,inf
23689,inf
519214,inf
191038,inf
564758,inf
308557,inf
240148,inf
220978,inf
671821,inf
152152,inf
32569,0.0
12489,inf
102893,inf
652545,0.0
667263,0.0
285922,inf
383099,inf
600813,inf
633019,inf
699050,inf
456646,0.0
633795,inf
514093,inf
220009,inf
82084,0.0
528610,inf
335916,inf
196064,inf
292031,inf
629981,inf
182969,inf
309400,inf
117752,inf
444591,inf
317767,0.0
667134,inf
221367,0.0
662843,0.0
618605,inf
698881,inf
82470,inf
666142,inf
493362,0.0
251189,inf
251120,inf
240888,inf
296496,inf
147629,inf
472875,inf
537835,inf
546529,inf
181437,0.0
575905,inf
498519,inf
564088,inf
684395,inf
62499,inf
179043,inf
59007,inf
509826,0.0
90109,inf
389061,inf
103266,inf
261839,inf
537742,inf
425092,inf
345908,inf
521602,inf
107930,inf
609689,0.0
658517,inf
522430,inf
267825,inf
258540,inf
364649,inf
89198,0.0
24038,0.0
635051,inf
506346,inf
526589,inf
583999,inf
453397,inf
602071,0.0
686820,inf
634557,inf
611066,inf
82461,0.0
681817,inf
345108,inf
263248,inf
122239,inf
451291,inf
415504,inf
147963,inf
474007,inf
267056,inf
38848,inf
567612,inf
539694,inf
329695,inf
174781,0.0
282823,inf
92693,0.0
536275,inf
44087,inf
623506,0.0
626456,inf
315410,inf
286701,inf
10937,inf
493644,inf
647297,inf
25865,inf
598609,inf
398064,0.0
181838,inf
644976,0.0
482211,inf
142075,inf
266521,0.0
109436,inf
180237,inf
294492,inf
388476,inf
601320,inf
34452,inf
144266,inf
141358,inf
433956,inf
344528,inf
69831,inf
675665,inf
25197,inf
363476,inf
575693,inf
137671,inf
263477,inf
218631,inf
382572,inf
448315,inf
7521,inf
586145,inf
324798,inf
127638,inf
528865,inf
554960,inf
496182,0.0
344628,inf
165332,0.0
263179,inf
108450,0.0
479711,inf
333667,inf
632436,inf
5539,inf
612141,inf
262105,inf
475878,0.0
320317,inf
157877,inf
477090,0.0
461730,inf
199406,inf
347121,inf
90241,0.0
81358,inf
695086,inf
348404,inf
452439,inf
100338,inf
175343,inf
233257,inf
645264,inf
255820,inf
565390,inf
397028,inf
11491,inf
275402,0.0
3091,inf
608333,inf
659255,inf
373961,inf
353404,inf
407131,inf
685454,inf
325226,inf
513805,0.0
213830,0.0
87906,inf
182043,inf
396489,inf
675505,inf
480701,inf
581587,inf
568360,inf
590510,inf
286842,inf
550717,inf
382174,inf
567733,inf
386196,inf
321338,inf
195723,inf
139661,inf
219307,0.0
536305,inf
333775,inf
647349,inf
523554,inf
311829,inf
481098,inf
155247,inf
666949,inf
468362,inf
144407,inf
93065,inf
400552,inf
235892,inf
132107,inf
289649,inf
570690,inf
539479,inf
410280,inf
75461,inf
180750,inf
127879,inf
406993,inf
57870,0.0
321169,0.0
290547,inf
534722,inf
342256,inf
247069,inf
590913,inf
11650,inf
411018,inf
584803,inf
16253,inf
444011,inf
417525,inf
520152,0.0
97360,inf
10658,inf
699467,inf
313200,inf
394397,inf
461960,0.0
352547,inf
306472,inf
533376,0.0
512560,inf
293440,inf
366883,inf
79781,inf
535714,inf
509818,inf
470972,inf
206839,inf
357454,inf
69583,inf
455318,inf
112189,0.0
433033,inf
495318,0.0
387836,inf
297783,inf
129038,inf
477023,inf
571165,inf
410867,inf
245877,inf
338356,inf
426865,inf
432063,inf
527290,0.0
18755,inf
224173,inf
445101,inf
680432,inf
531770,inf
465357,inf
634484,inf
588228,inf
694710,inf
306493,inf
140349,inf
682988,inf
410770,inf
2763,inf
211571,inf
104444,inf
185290,0.0
25460,inf
131226,inf
406431,inf
44909,inf
432763,inf
65170,inf
273035,inf
94025,0.0
498211,0.0
703944,inf
165686,inf
621177,inf
678092,inf
274668,inf
546875,0.0
343441,inf
9252,inf
553676,inf
84741,inf
472711,inf
32969,inf
543249,inf
268215,inf
659976,inf
302118,inf
12238,inf
231906,inf
8327,inf
234715,inf
546150,inf
166363,inf
73801,inf
185208,inf
609678,inf
359936,inf
612154,inf
475942,0.0
279143,inf
50941,inf
115262,inf
124242,inf
247022,0.0
554531,0.0
468804,inf
206264,inf
688875,0.0
546684,inf
169722,inf
48578,inf
626543,inf
425441,inf
236011,inf
162699,inf
645943,inf
30246,inf
597054,inf
295854,inf
707954,inf
114895,inf
414400,inf
408910,inf
588914,inf
655998,inf
410510,inf
366127,inf
430425,inf
197023,inf
250320,inf
71606,inf
377000,inf
58660,inf
325498,inf
500840,inf
29010,inf
282879,inf
257232,inf
711270,inf
103922,inf
526344,inf
15719,inf
556118,inf
128195,inf
268598,inf
20985,inf
402097,inf
276036,inf
285615,inf
66656,inf
157782,0.0
555720,inf
457525,inf
155615,inf
686328,inf
598388,inf
59909,inf
53690,inf
414417,0.0
161447,inf
592572,0.0
174037,inf
422538,inf
226052,inf
250638,inf
25183,inf
442479,inf
374164,0.0
1273,inf
242194,inf
145415,inf
242654,inf
475873,inf
59069,inf
622034,inf
522308,inf
136918,inf
327642,inf
522707,inf
331281,inf
498249,inf
107283,inf
667174,inf
90984,inf
242099,inf
102594,inf
163740,inf
385514,inf
434676,inf
592562,inf
631258,inf
462351,inf
113681,inf
197348,inf
432296,inf
14788,inf
689297,inf
402431,inf
687475,inf
511076,inf
676807,0.0
680127,inf
165277,inf
371335,0.0
130197,inf
57002,inf
456189,0.0
568106,inf
681686,inf
166009,inf
333835,inf
298395,inf
366504,0.0
527706,inf
489423,inf
669351,inf
455650,inf
72395,inf
659953,0.0
328963,inf
261175,inf
633469,inf
404657,inf
348935,inf
176565,inf
649634,0.0
495898,inf
494990,0.0
139635,inf
396515,0.0
557292,inf
701246,inf
271456,0.0
604980,inf
248367,inf
92433,inf
465830,inf
80499,inf
305387,0.0
666328,inf
340314,inf
109079,inf
659235,inf
590719,0.0
79132,inf
595212,inf
528130,0.0
540010,inf
252197,inf
105705,0.0
553347,inf
380653,0.0
529540,inf
7307,inf
441657,0.0
76575,inf
647186,0.0
561924,inf
702458,inf
538566,inf
514747,0.0
165492,inf
4560,inf
245193,inf
21971,inf
637484,inf
22193,0.0
363173,inf
480055,inf
482098,inf
145321,inf
629826,inf
107396,inf
519170,inf
37199,inf
144867,0.0
251587,inf
392077,0.0
536513,0.0
499417,inf
619215,inf
95429,inf
319151,inf
241065,0.0
653542,inf
159081,inf
109931,inf
134744,0.0
133829,inf
293950,inf
494994,inf
272219,inf
368366,inf
175758,inf
572100,0.0
1651,0.0
612127,inf
41243,inf
474806,inf
380347,inf
83740,0.0
498921,inf
485039,inf
315072,0.0
640763,inf
640070,inf
328157,inf
36111,inf
132069,inf
137795,0.0
669392,inf
614643,0.0
15658,inf
358908,inf
253636,inf
355556,inf
532376,inf
631406,inf
694955,0.0
178238,inf
178096,inf
417458,inf
551813,inf
466585,inf
323571,inf
389097,inf
345811,inf
606384,0.0
644794,inf
312470,inf
539929,inf
398947,inf
435296,inf
223666,inf
169270,inf
590607,inf
124706,inf
605107,inf
476119,inf
322652,inf
431316,inf
438813,inf
460162,inf
278715,0.0
76423,0.0
203237,0.0
354262,inf
378194,inf
673271,inf
77392,inf
86995,inf
417284,0.0
483224,inf
530901,inf
583162,inf
677277,inf
198863,inf
128440,inf
141843,inf
76761,0.0
304825,0.0
233158,inf
64046,inf
139665,inf
543218,inf
478995,inf
290291,0.0
374308,0.0
70387,inf
261829,inf
545011,0.0
377214,inf
282542,inf
511903,inf
194993,inf
218470,inf
403731,inf
250632,0.0
301779,0.0
313180,inf
207033,inf
82272,inf
96555,inf
427584,inf
472052,inf
61694,inf
49397,0.0
225137,inf
356841,inf
285339,inf
706036,0.0
8765,0.0
222363,inf
641149,inf
83490,inf
551529,inf
597446,inf
103660,inf
622449,0.0
621268,0.0
264548,inf
60216,inf
327514,0.0
168015,inf
109466,inf
607010,inf
539432,inf
711788,inf
334381,inf
151551,inf
542793,inf
179901,inf
627947,inf
60240,inf
382191,inf
490541,0.0
399190,inf
178095,inf
177533,inf
54093,0.0
561649,0.0
18633,inf
682959,inf
682830,inf
546451,inf
112075,inf
78783,inf
293257,inf
115968,inf
323404,0.0
268533,inf
105144,inf
454113,inf
53659,inf
542695,inf
130224,inf
512243,inf
237581,inf
138603,inf
351467,inf
268128,inf
175066,0.0
75775,inf
305623,inf
357771,inf
667100,inf
10349,inf
55081,inf
48749,inf
607169,inf
613049,inf
174040,inf
538933,inf
12264,inf
91516,inf
85542,inf
407720,inf
427556,inf
638603,inf
323655,inf
436866,0.0
265605,inf
146382,inf
422536,inf
427628,inf
17980,inf
340713,inf
147257,inf
279977,inf
235016,inf
697564,0.0
193842,inf
179995,inf
554446,inf
578699,inf
269393,inf
105994,inf
330273,inf
249080,inf
307769,inf
363609,inf
49402,inf
395165,inf
634251,inf
200141,inf
127422,inf
478915,inf
379914,inf
494935,inf
435738,inf
451586,inf
171149,inf
626633,inf
98524,inf
576811,inf
442599,0.0
119281,inf
531830,inf
308328,0.0
537328,0.0
53340,inf
161547,inf
671582,inf
650713,inf
347781,inf
73754,inf
471440,inf
148641,inf
127476,inf
465892,inf
273133,inf
154452,inf
514437,0.0
414606,inf
364000,inf
214947,0.0
587326,inf
584518,inf
587012,inf
704550,inf
112522,inf
450215,0.0
337760,inf
535856,inf
671914,inf
484318,inf
650455,inf
202099,inf
27322,inf
87594,inf
137490,inf
232240,inf
579662,inf
31440,inf
50530,0.0
502169,inf
479461,inf
483727,0.0
700938,0.0
215000,inf
116406,inf
331959,inf
357039,inf
55704,inf
617251,inf
432670,0.0
263265,0.0
191155,inf
241129,inf
477583,inf
459446,inf
530582,0.0
565117,inf
269720,inf
345417,inf
544981,inf
474241,inf
487767,inf
305588,inf
627817,0.0
434578,inf
663082,inf
589516,inf
225851,inf
410681,inf
262565,inf
527788,inf
202697,inf
390607,0.0
274125,inf
309896,inf
405217,inf
352464,inf
307842,0.0
421334,inf
198400,inf
569609,inf
81916,inf
57526,inf
516566,inf
517697,inf
667256,0.0
125800,inf
562325,inf
253319,inf
435955,inf
110919,inf
670312,inf
663470,inf
498189,inf
178713,inf
248364,inf
297040,0.0
610273,inf
380708,inf
12846,inf
453748,0.0
131387,inf
92270,inf
430104,inf
451152,inf
696288,inf
556985,inf
328210,inf
483437,inf
19465,inf
468719,0.0
591685,inf
159160,inf
377654,inf
460840,0.0
97768,inf
415151,inf
331183,inf
119823,inf
294032,inf
147777,inf
581245,inf
615180,inf
81860,inf
412467,inf
452049,inf
319233,inf
528359,inf
16174,inf
232118,inf
250925,inf
697705,inf
182072,0.0
15874,inf
134749,inf
585165,inf
343494,0.0
443480,inf
39564,inf
523811,inf
172741,inf
235632,inf
167992,0.0
540441,0.0
294072,inf
483168,inf
307354,0.0
512521,inf
306356,inf
146810,inf
388919,inf
653406,inf
630892,inf
640303,0.0
678060,0.0
232842,inf
202718,inf
646611,inf
154471,0.0
564797,0.0
541864,inf
433719,inf
471659,inf
581341,inf
266827,inf
438937,inf
584366,inf
420550,inf
99614,inf
139492,inf
280509,inf
506333,inf
457997,inf
373209,inf
301296,inf
301838,inf
510387,inf
675113,inf
361112,inf
101966,inf
282550,inf
167985,inf
467987,inf
422079,0.0
692098,inf
624080,inf
167594,0.0
127779,0.0
578639,0.0
129676,inf
518696,inf
6226,0.0
633209,0.0
387370,inf
263827,inf
497113,inf
706021,inf
572623,0.0
640322,inf
184544,inf
10737,0.0
584032,inf
327651,inf
670576,inf
66301,inf
526897,inf
462834,inf
507528,0.0
220535,inf
604762,inf
437538,inf
182507,inf
637315,inf
94727,0.0
678736,inf
33982,0.0
282781,inf
483870,inf
157356,inf
343739,0.0
700025,inf
322218,0.0
23620,inf
483484,inf
591952,inf
520823,0.0
150458,0.0
564198,inf
202916,inf
634680,inf
207333,inf
490213,0.0
606321,inf
42590,inf
520620,inf
631529,inf
322097,inf
667305,inf
586255,inf
363029,inf
620410,inf
222996,inf
377112,inf
335040,inf
177676,inf
471459,inf
172890,inf
402428,inf
97449,0.0
393827,inf
614542,inf
570633,0.0
524255,inf
381909,inf
275368,inf
275183,inf
605642,inf
170521,inf
173924,inf
673917,inf
652536,inf
437389,inf
696306,0.0
699426,inf
233313,inf
429633,inf
136765,inf
514250,0.0
296986,inf
166770,inf
157823,inf
248293,inf
449010,inf
591106,inf
650804,0.0
597085,inf
530971,inf
641016,0.0
362214,0.0
203670,inf
619004,inf
62127,inf
527523,inf
647495,inf
188117,0.0
19052,inf
103005,inf
159701,inf
17660,inf
301659,inf
562745,inf
277365,inf
49125,inf
651874,inf
265524,0.0
318075,0.0
13743,inf
658062,0.0
253288,inf
445953,0.0
669133,inf
324444,inf
141725,inf
579048,inf
342218,0.0
224932,inf
676676,inf
301285,inf
621293,inf
122572,inf
380326,inf
582843,inf
488152,inf
440383,inf
120252,inf
507852,inf
120826,inf
115354,inf
463465,0.0
217131,inf
180130,inf
458810,inf
328930,inf
615437,inf
610648,inf
207428,inf
683348,inf
338767,0.0
699940,inf
46196,inf
205131,inf
249835,inf
274541,inf
131210,inf
84807,inf
32418,inf
514961,inf
98354,inf
59046,inf
506543,inf
229040,0.0
165215,inf
155027,inf
288904,inf
422963,inf
63390,inf
630530,inf
407664,inf
697555,inf
563685,inf
578812,inf
317912,inf
635933,inf
448893,inf
433211,inf
434179,inf
424848,inf
20999,0.0
192920,inf
383161,inf
171165,inf
369134,inf
602566,inf
228895,inf
711597,inf
459482,inf
449259,inf
452032,0.0
651093,inf
37250,0.0
381251,inf
116534,inf
585474,inf
521151,inf
228455,inf
531776,inf
154911,inf
559515,0.0
696991,0.0
59169,inf
39162,inf
559651,inf
158016,inf
98843,0.0
255405,inf
422569,inf
580408,inf
363863,inf
84125,inf
234037,inf
212048,inf
188534,inf
113233,0.0
21886,inf
484526,inf
402562,inf
405180,0.0
357313,inf
70086,inf
643355,inf
265927,inf
364748,inf
282023,inf
76756,inf
653109,0.0
230666,inf
350596,inf
162446,inf
531372,inf
615461,inf
577023,inf
377484,inf
441601,inf
508875,inf
94145,inf
146884,inf
509895,inf
275001,inf
506898,0.0
517670,inf
505725,inf
453858,inf
605272,0.0
339777,inf
286106,inf
496976,0.0
315582,0.0
685977,inf
6920,inf
387214,inf
256656,0.0
329045,inf
597699,inf
218841,inf
620307,inf
302057,inf
523572,inf
193554,inf
143481,inf
22976,inf
395855,inf
187035,inf
460154,inf
620830,inf
61059,0.0
115014,inf
98424,inf
204640,inf
396528,inf
594527,inf
466796,inf
8525,inf
620309,0.0
196858,inf
267687,inf
414337,inf
304287,inf
701483,0.0
526469,inf
146758,inf
100763,inf
492873,inf
372207,inf
189293,inf
278295,inf
556671,0.0
244815,inf
648053,inf
59081,inf
113777,0.0
705187,inf
22742,inf
595022,inf
538716,inf
341160,0.0
345110,inf
77191,inf
9065,0.0
461262,inf
20512,inf
358827,inf
103498,inf
281116,inf
571696,inf
514113,inf
4269,inf
253514,inf
632103,inf
700698,inf
643758,inf
290747,inf
118943,inf
342272,inf
244893,inf
585874,inf
509952,inf
206441,inf
515444,inf
180470,inf
530314,inf
590088,inf
202834,inf
424362,inf
24304,0.0
474139,inf
241326,inf
179096,inf
496296,inf
401664,inf
144872,inf
631992,inf
452493,0.0
406916,inf
136382,inf
230090,inf
641512,inf
302462,inf
649155,inf
682269,0.0
573155,inf
124945,0.0
574885,inf
374353,inf
698876,inf
367441,inf
128706,inf
69013,inf
83961,inf
463159,inf
214658,inf
229469,inf
344178,inf
270974,inf
610584,inf
392822,inf
687661,inf
594839,inf
428209,0.0
145923,inf
647380,inf
270176,inf
435508,inf
539959,0.0
216509,inf
689285,inf
562326,inf
27837,inf
325901,inf
498602,inf
197853,inf
280649,inf
448362,inf
12448,inf
328800,inf
207321,0.0
571497,inf
431173,inf
661185,inf
358822,inf
159490,inf
130543,inf
101740,0.0
163643,inf
663737,inf
221082,0.0
10317,0.0
59896,inf
26792,inf
63925,inf
661389,inf
644339,inf
433283,inf
365072,inf
691050,inf
254724,inf
27868,inf
498091,inf
471232,inf
69091,inf
463198,inf
455559,inf
465722,inf
485676,0.0
581774,0.0
220558,inf
109235,0.0
137978,inf
463886,inf
511586,inf
271186,0.0
559402,inf
555640,inf
343948,inf
2519,inf
41062,inf
155866,inf
388331,inf
343659,inf
643660,inf
112697,inf
426148,inf
607658,inf
240583,inf
547102,inf
50868,inf
523356,inf
399536,0.0
537142,inf
230556,inf
301357,inf
561637,inf
400362,inf
544916,inf
243093,inf
572470,0.0
298652,inf
511884,inf
289156,inf
688858,inf
503611,inf
17752,inf
388135,inf
76513,inf
129135,inf
257136,inf
329473,0.0
433087,inf
105561,0.0
658617,inf
236042,inf
312221,inf
73972,inf
198957,inf
70837,inf
162447,inf
673732,inf
612966,inf
619468,inf
315188,0.0
574243,inf
437053,inf
126418,inf
673448,0.0
692086,inf
51872,inf
680869,inf
358061,inf
169695,inf
147338,inf
292634,inf
409598,inf
212846,inf
202723,inf
300286,inf
495377,inf
287241,inf
547722,0.0
669556,inf
365898,inf
433291,inf
653482,inf
205704,0.0
595111,inf
505464,inf
662724,inf
513567,inf
366228,inf
678228,inf
463733,0.0
552810,0.0
267923,inf
315355,inf
280821,inf
61869,inf
316813,inf
152910,inf
150373,0.0
675637,inf
560458,0.0
375102,inf
468752,inf
278591,inf
312172,inf
476141,inf
214600,inf
480476,0.0
184992,inf
282603,inf
308479,inf
136744,0.0
402930,inf
366901,inf
706010,inf
356552,inf
136703,inf
475070,inf
52616,inf
688835,inf
482608,inf
295015,inf
610646,inf
688880,inf
656867,inf
449535,inf
654949,inf
638499,inf
633503,inf
571556,inf
530760,inf
469582,inf
103796,0.0
279356,inf
676864,0.0
119454,inf
120666,inf
307508,inf
649759,inf
490688,inf
254732,inf
184556,inf
11770,inf
339241,inf
149646,inf
550566,0.0
93908,inf
561177,inf
287429,inf
262176,0.0
3103,inf
359749,inf
543888,0.0
45410,0.0
173890,inf
557173,inf
301964,inf
467070,inf
219876,inf
124346,0.0
468491,inf
311414,inf
64992,inf
112297,0.0
491633,0.0
29433,inf
581623,inf
139036,inf
365272,inf
202870,inf
704672,inf
290253,inf
608303,inf
537778,inf
167494,inf
515212,inf
163619,inf
671076,inf
204356,inf
594487,inf
429230,0.0
369033,inf
142954,inf
607758,inf
529753,inf
468996,inf
114421,inf
212734,0.0
590126,inf
20087,inf
46980,inf
665411,inf
610401,inf
546562,0.0
537036,inf
598518,inf
440365,inf
502195,0.0
228860,0.0
636304,0.0
359203,0.0
213572,inf
540229,inf
371086,inf
342755,inf
314332,inf
484855,inf
34598,inf
636536,inf
517787,inf
40120,inf
585630,inf
294209,inf
320248,inf
615161,0.0
577781,inf
170699,inf
403543,inf
395655,inf
135855,inf
504056,inf
584834,inf
589862,inf
426439,inf
696544,0.0
274510,inf
472934,inf
66443,0.0
638948,inf
20849,0.0
542193,inf
683720,inf
570865,inf
292067,inf
163899,inf
98219,inf
376593,inf
292846,inf
14537,inf
632657,inf
21215,inf
286237,inf
292423,inf
583062,0.0
59419,inf
219418,inf
495006,inf
492263,inf
605890,0.0
28326,inf
628082,inf
44301,inf
307221,inf
579711,0.0
674042,0.0
474832,0.0
556398,inf
9416,0.0
147228,inf
634779,inf
10378,inf
636916,inf
431096,inf
143602,inf
81486,inf
674867,0.0
651328,inf
387932,inf
505678,inf
576819,inf
248625,inf
234578,inf
477985,inf
416224,inf
235002,0.0
701003,0.0
415343,inf
386667,inf
538104,inf
491446,0.0
648086,0.0
693911,0.0
275667,inf
240984,inf
538046,inf
175223,inf
309127,0.0
226617,inf
125877,inf
469872,inf
129111,inf
239684,inf
269418,inf
612183,inf
236238,inf
371480,inf
646539,inf
441563,inf
538286,inf
526273,0.0
274571,inf
182891,inf
100469,0.0
459066,inf
677585,inf
180662,inf
597895,0.0
46988,inf
208024,inf
587483,0.0
471650,inf
271825,inf
167401,inf
62241,inf
625619,inf
347095,inf
691529,inf
216175,inf
493456,inf
332064,inf
77960,inf
5829,inf
325951,0.0
587208,0.0
459170,inf
590364,inf
155786,inf
624118,inf
35344,inf
40517,inf
260976,inf
8378,inf
325843,inf
238401,inf
491688,inf
462370,inf
51766,inf
567325,inf
171725,inf
589742,inf
459507,inf
305199,inf
361305,inf
549356,inf
499187,inf
372530,inf
138958,0.0
236307,inf
121644,inf
314460,inf
63935,inf
492885,inf
620934,0.0
59062,0.0
687449,0.0
207393,inf
233378,inf
85695,inf
